feature_name,candidate_feature,training_row_count,training_non_null_count,training_coverage,used,drop_reason,training_median,training_mean_after_imputation,training_std_after_imputation,scaler_scale,fold,arm,model
simple_return,True,96,95,0.9895833333333334,True,used,-0.0011109090129327,0.00028598184748099075,0.022691677285319588,0.022691677285319588,cv_1,control,ols
log_return,True,96,95,0.9895833333333334,True,used,-0.0011115265297292,2.9508116299229933e-05,0.022629184996429432,0.022629184996429432,cv_1,control,ols
intraday_return,True,96,96,1.0,True,used,-0.0034331215146040997,-0.0031551391481495633,0.01930817729048011,0.01930817729048011,cv_1,control,ols
daily_range,True,96,96,1.0,True,used,0.02567096643920575,0.02965174908094993,0.01438011773598153,0.01438011773598153,cv_1,control,ols
sma_5,True,96,92,0.9583333333333334,True,used,185.30899963378903,185.93922993342082,5.619094730116829,5.619094730116829,cv_1,control,ols
sma_20,True,96,77,0.8020833333333334,True,used,185.5185005187988,185.97273004055023,3.332890459411112,3.332890459411112,cv_1,control,ols
sma_60,True,96,37,0.3854166666666667,False,low_training_coverage,,,,,cv_1,control,ols
rolling_volatility_20,True,96,76,0.7916666666666666,True,used,0.020491051623451398,0.0220291792560285,0.003998453894873429,0.003998453894873429,cv_1,control,ols
rolling_volatility_60,True,96,36,0.375,False,low_training_coverage,,,,,cv_1,control,ols
simple_return,True,96,95,0.9895833333333334,True,used,-0.0011109090129327,0.00028598184748099075,0.022691677285319588,0.022691677285319588,cv_1,control,ridge
log_return,True,96,95,0.9895833333333334,True,used,-0.0011115265297292,2.9508116299229933e-05,0.022629184996429432,0.022629184996429432,cv_1,control,ridge
intraday_return,True,96,96,1.0,True,used,-0.0034331215146040997,-0.0031551391481495633,0.01930817729048011,0.01930817729048011,cv_1,control,ridge
daily_range,True,96,96,1.0,True,used,0.02567096643920575,0.02965174908094993,0.01438011773598153,0.01438011773598153,cv_1,control,ridge
sma_5,True,96,92,0.9583333333333334,True,used,185.30899963378903,185.93922993342082,5.619094730116829,5.619094730116829,cv_1,control,ridge
sma_20,True,96,77,0.8020833333333334,True,used,185.5185005187988,185.97273004055023,3.332890459411112,3.332890459411112,cv_1,control,ridge
sma_60,True,96,37,0.3854166666666667,False,low_training_coverage,,,,,cv_1,control,ridge
rolling_volatility_20,True,96,76,0.7916666666666666,True,used,0.020491051623451398,0.0220291792560285,0.003998453894873429,0.003998453894873429,cv_1,control,ridge
rolling_volatility_60,True,96,36,0.375,False,low_training_coverage,,,,,cv_1,control,ridge
simple_return,True,96,95,0.9895833333333334,True,used,-0.0011109090129327,0.00028598184748099075,0.022691677285319588,0.022691677285319588,cv_1,treatment,ols
log_return,True,96,95,0.9895833333333334,True,used,-0.0011115265297292,2.9508116299229933e-05,0.022629184996429432,0.022629184996429432,cv_1,treatment,ols
intraday_return,True,96,96,1.0,True,used,-0.0034331215146040997,-0.0031551391481495633,0.01930817729048011,0.01930817729048011,cv_1,treatment,ols
daily_range,True,96,96,1.0,True,used,0.02567096643920575,0.02965174908094993,0.01438011773598153,0.01438011773598153,cv_1,treatment,ols
close_to_sma_5,True,96,92,0.9583333333333334,True,used,0.001223839846019703,2.0182039444315247e-05,0.023695009350468484,0.023695009350468484,cv_1,treatment,ols
close_to_sma_20,True,96,77,0.8020833333333334,True,used,0.005775578355408095,0.0019259131896999088,0.034618471271405604,0.034618471271405604,cv_1,treatment,ols
close_to_sma_60,True,96,37,0.3854166666666667,False,low_training_coverage,,,,,cv_1,treatment,ols
rolling_volatility_20,True,96,76,0.7916666666666666,True,used,0.020491051623451398,0.0220291792560285,0.003998453894873429,0.003998453894873429,cv_1,treatment,ols
rolling_volatility_60,True,96,36,0.375,False,low_training_coverage,,,,,cv_1,treatment,ols
simple_return,True,96,95,0.9895833333333334,True,used,-0.0011109090129327,0.00028598184748099075,0.022691677285319588,0.022691677285319588,cv_1,treatment,ridge
log_return,True,96,95,0.9895833333333334,True,used,-0.0011115265297292,2.9508116299229933e-05,0.022629184996429432,0.022629184996429432,cv_1,treatment,ridge
intraday_return,True,96,96,1.0,True,used,-0.0034331215146040997,-0.0031551391481495633,0.01930817729048011,0.01930817729048011,cv_1,treatment,ridge
daily_range,True,96,96,1.0,True,used,0.02567096643920575,0.02965174908094993,0.01438011773598153,0.01438011773598153,cv_1,treatment,ridge
close_to_sma_5,True,96,92,0.9583333333333334,True,used,0.001223839846019703,2.0182039444315247e-05,0.023695009350468484,0.023695009350468484,cv_1,treatment,ridge
close_to_sma_20,True,96,77,0.8020833333333334,True,used,0.005775578355408095,0.0019259131896999088,0.034618471271405604,0.034618471271405604,cv_1,treatment,ridge
close_to_sma_60,True,96,37,0.3854166666666667,False,low_training_coverage,,,,,cv_1,treatment,ridge
rolling_volatility_20,True,96,76,0.7916666666666666,True,used,0.020491051623451398,0.0220291792560285,0.003998453894873429,0.003998453894873429,cv_1,treatment,ridge
rolling_volatility_60,True,96,36,0.375,False,low_training_coverage,,,,,cv_1,treatment,ridge
simple_return,True,121,120,0.9917355371900827,True,used,-0.0006991550194092001,-0.00014261555524804794,0.02236163835533308,0.02236163835533308,cv_2,control,ols
log_return,True,121,120,0.9917355371900827,True,used,-0.00069943701438725,-0.0003925142751289122,0.022353008082570094,0.022353008082570094,cv_2,control,ols
intraday_return,True,121,121,1.0,True,used,-0.0022345693713182,-0.0025361428019097403,0.019280193989669618,0.019280193989669618,cv_2,control,ols
daily_range,True,121,121,1.0,True,used,0.0253485107139185,0.02927140302976908,0.013689166636319576,0.013689166636319576,cv_2,control,ols
sma_5,True,121,117,0.9669421487603306,True,used,184.75799865722647,185.42677725799817,5.429258554027886,5.429258554027886,cv_2,control,ols
sma_20,True,121,102,0.8429752066115702,True,used,185.5342502593994,185.7887134110632,3.078635145667587,3.078635145667587,cv_2,control,ols
sma_60,True,121,62,0.512396694214876,True,used,185.04400037129722,185.13092341672623,0.6059838190727619,0.6059838190727619,cv_2,control,ols
rolling_volatility_20,True,121,101,0.8347107438016529,True,used,0.0229866330390899,0.023007241404426712,0.0038104656377400794,0.0038104656377400794,cv_2,control,ols
rolling_volatility_60,True,121,61,0.5041322314049587,True,used,0.0218968031999569,0.02192750104465032,0.0006275448623170982,0.0006275448623170982,cv_2,control,ols
simple_return,True,121,120,0.9917355371900827,True,used,-0.0006991550194092001,-0.00014261555524804794,0.02236163835533308,0.02236163835533308,cv_2,control,ridge
log_return,True,121,120,0.9917355371900827,True,used,-0.00069943701438725,-0.0003925142751289122,0.022353008082570094,0.022353008082570094,cv_2,control,ridge
intraday_return,True,121,121,1.0,True,used,-0.0022345693713182,-0.0025361428019097403,0.019280193989669618,0.019280193989669618,cv_2,control,ridge
daily_range,True,121,121,1.0,True,used,0.0253485107139185,0.02927140302976908,0.013689166636319576,0.013689166636319576,cv_2,control,ridge
sma_5,True,121,117,0.9669421487603306,True,used,184.75799865722647,185.42677725799817,5.429258554027886,5.429258554027886,cv_2,control,ridge
sma_20,True,121,102,0.8429752066115702,True,used,185.5342502593994,185.7887134110632,3.078635145667587,3.078635145667587,cv_2,control,ridge
sma_60,True,121,62,0.512396694214876,True,used,185.04400037129722,185.13092341672623,0.6059838190727619,0.6059838190727619,cv_2,control,ridge
rolling_volatility_20,True,121,101,0.8347107438016529,True,used,0.0229866330390899,0.023007241404426712,0.0038104656377400794,0.0038104656377400794,cv_2,control,ridge
rolling_volatility_60,True,121,61,0.5041322314049587,True,used,0.0218968031999569,0.02192750104465032,0.0006275448623170982,0.0006275448623170982,cv_2,control,ridge
simple_return,True,121,120,0.9917355371900827,True,used,-0.0006991550194092001,-0.00014261555524804794,0.02236163835533308,0.02236163835533308,cv_2,treatment,ols
log_return,True,121,120,0.9917355371900827,True,used,-0.00069943701438725,-0.0003925142751289122,0.022353008082570094,0.022353008082570094,cv_2,treatment,ols
intraday_return,True,121,121,1.0,True,used,-0.0022345693713182,-0.0025361428019097403,0.019280193989669618,0.019280193989669618,cv_2,treatment,ols
daily_range,True,121,121,1.0,True,used,0.0253485107139185,0.02927140302976908,0.013689166636319576,0.013689166636319576,cv_2,treatment,ols
close_to_sma_5,True,121,117,0.9669421487603306,True,used,0.0011701555380534412,-0.0008422217230210656,0.02300916829300397,0.02300916829300397,cv_2,treatment,ols
close_to_sma_20,True,121,102,0.8429752066115702,True,used,-0.005210814535522745,-0.0027686286958137863,0.03317835007539425,0.03317835007539425,cv_2,treatment,ols
close_to_sma_60,True,121,62,0.512396694214876,True,used,-0.00022532427208565853,-0.0013981960035501435,0.019669356246279884,0.019669356246279884,cv_2,treatment,ols
rolling_volatility_20,True,121,101,0.8347107438016529,True,used,0.0229866330390899,0.023007241404426712,0.0038104656377400794,0.0038104656377400794,cv_2,treatment,ols
rolling_volatility_60,True,121,61,0.5041322314049587,True,used,0.0218968031999569,0.02192750104465032,0.0006275448623170982,0.0006275448623170982,cv_2,treatment,ols
simple_return,True,121,120,0.9917355371900827,True,used,-0.0006991550194092001,-0.00014261555524804794,0.02236163835533308,0.02236163835533308,cv_2,treatment,ridge
log_return,True,121,120,0.9917355371900827,True,used,-0.00069943701438725,-0.0003925142751289122,0.022353008082570094,0.022353008082570094,cv_2,treatment,ridge
intraday_return,True,121,121,1.0,True,used,-0.0022345693713182,-0.0025361428019097403,0.019280193989669618,0.019280193989669618,cv_2,treatment,ridge
daily_range,True,121,121,1.0,True,used,0.0253485107139185,0.02927140302976908,0.013689166636319576,0.013689166636319576,cv_2,treatment,ridge
close_to_sma_5,True,121,117,0.9669421487603306,True,used,0.0011701555380534412,-0.0008422217230210656,0.02300916829300397,0.02300916829300397,cv_2,treatment,ridge
close_to_sma_20,True,121,102,0.8429752066115702,True,used,-0.005210814535522745,-0.0027686286958137863,0.03317835007539425,0.03317835007539425,cv_2,treatment,ridge
close_to_sma_60,True,121,62,0.512396694214876,True,used,-0.00022532427208565853,-0.0013981960035501435,0.019669356246279884,0.019669356246279884,cv_2,treatment,ridge
rolling_volatility_20,True,121,101,0.8347107438016529,True,used,0.0229866330390899,0.023007241404426712,0.0038104656377400794,0.0038104656377400794,cv_2,treatment,ridge
rolling_volatility_60,True,121,61,0.5041322314049587,True,used,0.0218968031999569,0.02192750104465032,0.0006275448623170982,0.0006275448623170982,cv_2,treatment,ridge
simple_return,True,146,145,0.9931506849315068,True,used,0.0014093240930164,0.000706292121481235,0.022809900737053933,0.022809900737053933,cv_3,control,ols
log_return,True,146,145,0.9931506849315068,True,used,0.0014083319278955,0.0004464532523175449,0.0227831974668494,0.0227831974668494,cv_3,control,ols
intraday_return,True,146,146,1.0,True,used,-0.0008035397361736,-0.001141604594464464,0.02004816973347161,0.02004816973347161,cv_3,control,ols
daily_range,True,146,146,1.0,True,used,0.0253490793294314,0.029052572215517915,0.013361412142156122,0.013361412142156122,cv_3,control,ols
sma_5,True,146,142,0.9726027397260274,True,used,184.77000122070308,185.9811784927159,7.56859585997151,7.56859585997151,cv_3,control,ols
sma_20,True,146,127,0.8698630136986302,True,used,185.304500579834,185.16986344219887,3.9328952363792946,3.9328952363792946,cv_3,control,ols
sma_60,True,146,87,0.5958904109589042,True,used,184.9241671244304,184.87235775603554,0.8554904160058222,0.8554904160058222,cv_3,control,ols
rolling_volatility_20,True,146,126,0.863013698630137,True,used,0.02239842376788835,0.022663117478498758,0.0035648170993197973,0.0035648170993197973,cv_3,control,ols
rolling_volatility_60,True,146,86,0.589041095890411,True,used,0.02232033455454245,0.022365952446146534,0.0008176326760699261,0.0008176326760699261,cv_3,control,ols
simple_return,True,146,145,0.9931506849315068,True,used,0.0014093240930164,0.000706292121481235,0.022809900737053933,0.022809900737053933,cv_3,control,ridge
log_return,True,146,145,0.9931506849315068,True,used,0.0014083319278955,0.0004464532523175449,0.0227831974668494,0.0227831974668494,cv_3,control,ridge
intraday_return,True,146,146,1.0,True,used,-0.0008035397361736,-0.001141604594464464,0.02004816973347161,0.02004816973347161,cv_3,control,ridge
daily_range,True,146,146,1.0,True,used,0.0253490793294314,0.029052572215517915,0.013361412142156122,0.013361412142156122,cv_3,control,ridge
sma_5,True,146,142,0.9726027397260274,True,used,184.77000122070308,185.9811784927159,7.56859585997151,7.56859585997151,cv_3,control,ridge
sma_20,True,146,127,0.8698630136986302,True,used,185.304500579834,185.16986344219887,3.9328952363792946,3.9328952363792946,cv_3,control,ridge
sma_60,True,146,87,0.5958904109589042,True,used,184.9241671244304,184.87235775603554,0.8554904160058222,0.8554904160058222,cv_3,control,ridge
rolling_volatility_20,True,146,126,0.863013698630137,True,used,0.02239842376788835,0.022663117478498758,0.0035648170993197973,0.0035648170993197973,cv_3,control,ridge
rolling_volatility_60,True,146,86,0.589041095890411,True,used,0.02232033455454245,0.022365952446146534,0.0008176326760699261,0.0008176326760699261,cv_3,control,ridge
simple_return,True,146,145,0.9931506849315068,True,used,0.0014093240930164,0.000706292121481235,0.022809900737053933,0.022809900737053933,cv_3,treatment,ols
log_return,True,146,145,0.9931506849315068,True,used,0.0014083319278955,0.0004464532523175449,0.0227831974668494,0.0227831974668494,cv_3,treatment,ols
intraday_return,True,146,146,1.0,True,used,-0.0008035397361736,-0.001141604594464464,0.02004816973347161,0.02004816973347161,cv_3,treatment,ols
daily_range,True,146,146,1.0,True,used,0.0253490793294314,0.029052572215517915,0.013361412142156122,0.013361412142156122,cv_3,treatment,ols
close_to_sma_5,True,146,142,0.9726027397260274,True,used,0.0022575458475780907,0.0015345322547756566,0.023964522111125906,0.023964522111125906,cv_3,treatment,ols
close_to_sma_20,True,146,127,0.8698630136986302,True,used,0.0032973590102367556,0.006893503379308226,0.04315918706235996,0.04315918706235996,cv_3,treatment,ols
close_to_sma_60,True,146,87,0.5958904109589042,True,used,0.003518792193652809,0.007010419579059098,0.03883334291504284,0.03883334291504284,cv_3,treatment,ols
rolling_volatility_20,True,146,126,0.863013698630137,True,used,0.02239842376788835,0.022663117478498758,0.0035648170993197973,0.0035648170993197973,cv_3,treatment,ols
rolling_volatility_60,True,146,86,0.589041095890411,True,used,0.02232033455454245,0.022365952446146534,0.0008176326760699261,0.0008176326760699261,cv_3,treatment,ols
simple_return,True,146,145,0.9931506849315068,True,used,0.0014093240930164,0.000706292121481235,0.022809900737053933,0.022809900737053933,cv_3,treatment,ridge
log_return,True,146,145,0.9931506849315068,True,used,0.0014083319278955,0.0004464532523175449,0.0227831974668494,0.0227831974668494,cv_3,treatment,ridge
intraday_return,True,146,146,1.0,True,used,-0.0008035397361736,-0.001141604594464464,0.02004816973347161,0.02004816973347161,cv_3,treatment,ridge
daily_range,True,146,146,1.0,True,used,0.0253490793294314,0.029052572215517915,0.013361412142156122,0.013361412142156122,cv_3,treatment,ridge
close_to_sma_5,True,146,142,0.9726027397260274,True,used,0.0022575458475780907,0.0015345322547756566,0.023964522111125906,0.023964522111125906,cv_3,treatment,ridge
close_to_sma_20,True,146,127,0.8698630136986302,True,used,0.0032973590102367556,0.006893503379308226,0.04315918706235996,0.04315918706235996,cv_3,treatment,ridge
close_to_sma_60,True,146,87,0.5958904109589042,True,used,0.003518792193652809,0.007010419579059098,0.03883334291504284,0.03883334291504284,cv_3,treatment,ridge
rolling_volatility_20,True,146,126,0.863013698630137,True,used,0.02239842376788835,0.022663117478498758,0.0035648170993197973,0.0035648170993197973,cv_3,treatment,ridge
rolling_volatility_60,True,146,86,0.589041095890411,True,used,0.02232033455454245,0.022365952446146534,0.0008176326760699261,0.0008176326760699261,cv_3,treatment,ridge
