fold,arm,model,feature_name,coefficient,intercept
cv_1,control,ols,simple_return,0.09587014127586906,-0.0011279772152137841
cv_1,control,ols,log_return,-0.10135172391489897,-0.0011279772152137841
cv_1,control,ols,intraday_return,-0.00514150060634045,-0.0011279772152137841
cv_1,control,ols,daily_range,-0.0009372509393205785,-0.0011279772152137841
cv_1,control,ols,sma_5,-0.024054614437065337,-0.0011279772152137841
cv_1,control,ols,sma_20,0.0011202034049954575,-0.0011279772152137841
cv_1,control,ols,rolling_volatility_20,-0.0030719224279225294,-0.0011279772152137841
cv_1,control,ridge,simple_return,-0.0016733021480708193,-0.0011279772152137844
cv_1,control,ridge,log_return,-0.003846373618550284,-0.0011279772152137844
cv_1,control,ridge,intraday_return,-0.004845621649397707,-0.0011279772152137844
cv_1,control,ridge,daily_range,2.31989349432431e-05,-0.0011279772152137844
cv_1,control,ridge,sma_5,-0.02356956574942654,-0.0011279772152137844
cv_1,control,ridge,sma_20,0.0006568295549254116,-0.0011279772152137844
cv_1,control,ridge,rolling_volatility_20,-0.0028679645805385822,-0.0011279772152137844
cv_1,treatment,ols,simple_return,0.1363076854086181,-0.0011279772152137787
cv_1,treatment,ols,log_return,-0.12635512500112356,-0.0011279772152137787
cv_1,treatment,ols,intraday_return,-0.005307593792117878,-0.0011279772152137787
cv_1,treatment,ols,daily_range,-0.005678266638371565,-0.0011279772152137787
cv_1,treatment,ols,close_to_sma_5,-0.006000637914119873,-0.0011279772152137787
cv_1,treatment,ols,close_to_sma_20,-0.020820028291941434,-0.0011279772152137787
cv_1,treatment,ols,rolling_volatility_20,-0.009741533194001752,-0.0011279772152137787
cv_1,treatment,ridge,simple_return,0.006253521745035625,-0.0011279772152137776
cv_1,treatment,ridge,log_return,0.0033624512078739574,-0.0011279772152137776
cv_1,treatment,ridge,intraday_return,-0.004846717316652237,-0.0011279772152137776
cv_1,treatment,ridge,daily_range,-0.004374876535456358,-0.0011279772152137776
cv_1,treatment,ridge,close_to_sma_5,-0.0060778041216095645,-0.0011279772152137776
cv_1,treatment,ridge,close_to_sma_20,-0.02032868916259991,-0.0011279772152137776
cv_1,treatment,ridge,rolling_volatility_20,-0.009591114099638205,-0.0011279772152137776
cv_2,control,ols,simple_return,0.16458488761767726,-0.005046129608109693
cv_2,control,ols,log_return,-0.17272782694796482,-0.005046129608109693
cv_2,control,ols,intraday_return,-0.0003469454666673727,-0.005046129608109693
cv_2,control,ols,daily_range,-0.0004699582471262599,-0.005046129608109693
cv_2,control,ols,sma_5,-0.0195759076679311,-0.005046129608109693
cv_2,control,ols,sma_20,0.0036264872310804754,-0.005046129608109693
cv_2,control,ols,sma_60,-0.006681479186196743,-0.005046129608109693
cv_2,control,ols,rolling_volatility_20,-0.005964938548078452,-0.005046129608109693
cv_2,control,ols,rolling_volatility_60,0.0055920493274662425,-0.005046129608109693
cv_2,control,ridge,simple_return,-0.0016754905768750915,-0.00504612960810966
cv_2,control,ridge,log_return,-0.006198555317581062,-0.00504612960810966
cv_2,control,ridge,intraday_return,-0.00029572522511732836,-0.00504612960810966
cv_2,control,ridge,daily_range,0.001149945715119789,-0.00504612960810966
cv_2,control,ridge,sma_5,-0.019023344554454383,-0.00504612960810966
cv_2,control,ridge,sma_20,0.002703046098154238,-0.00504612960810966
cv_2,control,ridge,sma_60,-0.006193419673940131,-0.00504612960810966
cv_2,control,ridge,rolling_volatility_20,-0.005172702999365399,-0.00504612960810966
cv_2,control,ridge,rolling_volatility_60,0.005263857071979575,-0.00504612960810966
cv_2,treatment,ols,simple_return,0.20577066633160243,-0.005046129608109136
cv_2,treatment,ols,log_return,-0.20027440220861892,-0.005046129608109136
cv_2,treatment,ols,intraday_return,-0.00096109479598179,-0.005046129608109136
cv_2,treatment,ols,daily_range,-0.0046883940130000995,-0.005046129608109136
cv_2,treatment,ols,close_to_sma_5,-0.005325683724231589,-0.005046129608109136
cv_2,treatment,ols,close_to_sma_20,-0.018220276225177974,-0.005046129608109136
cv_2,treatment,ols,close_to_sma_60,0.00032953494769191044,-0.005046129608109136
cv_2,treatment,ols,rolling_volatility_20,-0.005322339858401968,-0.005046129608109136
cv_2,treatment,ols,rolling_volatility_60,0.003270388551580618,-0.005046129608109136
cv_2,treatment,ridge,simple_return,0.005328913042548105,-0.005046129608109135
cv_2,treatment,ridge,log_return,9.256642712925263e-05,-0.005046129608109135
cv_2,treatment,ridge,intraday_return,-0.0007601578794637053,-0.005046129608109135
cv_2,treatment,ridge,daily_range,-0.0027398396530554127,-0.005046129608109135
cv_2,treatment,ridge,close_to_sma_5,-0.00510613377697102,-0.005046129608109135
cv_2,treatment,ridge,close_to_sma_20,-0.017401750415338927,-0.005046129608109135
cv_2,treatment,ridge,close_to_sma_60,-0.0006223127527726488,-0.005046129608109135
cv_2,treatment,ridge,rolling_volatility_20,-0.005064104385225484,-0.005046129608109135
cv_2,treatment,ridge,rolling_volatility_60,0.003128691155893166,-0.005046129608109135
cv_3,control,ols,simple_return,0.13193500458868318,0.0019168501321404007
cv_3,control,ols,log_return,-0.13969848621520953,0.0019168501321404007
cv_3,control,ols,intraday_return,-0.002939433331426225,0.0019168501321404007
cv_3,control,ols,daily_range,-0.0019849453809049934,0.0019168501321404007
cv_3,control,ols,sma_5,-0.018119748348819638,0.0019168501321404007
cv_3,control,ols,sma_20,0.0033077133663184134,0.0019168501321404007
cv_3,control,ols,sma_60,-0.017169470712839877,0.0019168501321404007
cv_3,control,ols,rolling_volatility_20,-0.009609639127666048,0.0019168501321404007
cv_3,control,ols,rolling_volatility_60,0.012812115453605074,0.0019168501321404007
cv_3,control,ridge,simple_return,-0.0018027599360946386,0.0019168501321404085
cv_3,control,ridge,log_return,-0.005813869759970661,0.0019168501321404085
cv_3,control,ridge,intraday_return,-0.0028683440026262747,0.0019168501321404085
cv_3,control,ridge,daily_range,-0.000557678672396646,0.0019168501321404085
cv_3,control,ridge,sma_5,-0.017515158367332254,0.0019168501321404085
cv_3,control,ridge,sma_20,0.002264413334695268,0.0019168501321404085
cv_3,control,ridge,sma_60,-0.01653511085219048,0.0019168501321404085
cv_3,control,ridge,rolling_volatility_20,-0.008968925359856824,0.0019168501321404085
cv_3,control,ridge,rolling_volatility_60,0.012650039741060553,0.0019168501321404085
cv_3,treatment,ols,simple_return,0.10989443296811123,0.0019168501321404968
cv_3,treatment,ols,log_return,-0.10564894762033454,0.0019168501321404968
cv_3,treatment,ols,intraday_return,-2.6740014265322354e-05,0.0019168501321404968
cv_3,treatment,ols,daily_range,-0.0071529414125367455,0.0019168501321404968
cv_3,treatment,ols,close_to_sma_5,-0.007945860770462707,0.0019168501321404968
cv_3,treatment,ols,close_to_sma_20,-0.011435140706479434,0.0019168501321404968
cv_3,treatment,ols,close_to_sma_60,-0.003773080383143293,0.0019168501321404968
cv_3,treatment,ols,rolling_volatility_20,-0.0029782626792253593,0.0019168501321404968
cv_3,treatment,ols,rolling_volatility_60,0.016429664356127652,0.0019168501321404968
cv_3,treatment,ridge,simple_return,0.00365179238519481,0.0019168501321404994
cv_3,treatment,ridge,log_return,0.0005265035903021739,0.0019168501321404994
cv_3,treatment,ridge,intraday_return,8.128239475436815e-05,0.0019168501321404994
cv_3,treatment,ridge,daily_range,-0.005989414935479774,0.0019168501321404994
cv_3,treatment,ridge,close_to_sma_5,-0.007929021744335232,0.0019168501321404994
cv_3,treatment,ridge,close_to_sma_20,-0.010884458197768811,0.0019168501321404994
cv_3,treatment,ridge,close_to_sma_60,-0.004244962007048668,0.0019168501321404994
cv_3,treatment,ridge,rolling_volatility_20,-0.00292490043881797,0.0019168501321404994
cv_3,treatment,ridge,rolling_volatility_60,0.016356663014475706,0.0019168501321404994
