fold,arm,model,n,prediction_mean,prediction_std,prediction_median,prediction_min,prediction_max,mean_abs_prediction,median_abs_prediction,max_abs_prediction,count_abs_prediction_gt_0_10,fraction_abs_prediction_gt_0_10,count_abs_prediction_gt_0_30,fraction_abs_prediction_gt_0_30
cv_1,control,ols,25,0.021737358399180194,0.02354851087799353,0.018236252223456095,-0.030284910811234803,0.06780611100385973,0.02416015126407898,0.020405984793125283,0.06780611100385973,0,0.0,0,0.0
cv_1,control,ridge,25,0.021324543621602556,0.02300565104897525,0.018540609572661144,-0.028291664642172313,0.06781452035568379,0.023775115536610776,0.020190290180389044,0.06781452035568379,0,0.0,0,0.0
cv_1,treatment,ols,25,0.012024328083463338,0.018258159991431974,0.006475798775148029,-0.015240339232217095,0.05897609327976923,0.01602257555184969,0.013359058016611962,0.05897609327976923,0,0.0,0,0.0
cv_1,treatment,ridge,25,0.011284434571240056,0.017825946332350365,0.0075785386019517585,-0.01903948745855124,0.05850441963560313,0.015335139140253204,0.012274804428023058,0.05850441963560313,0,0.0,0,0.0
cv_2,control,ols,25,-0.019197281980815308,0.048349074181841326,-0.03613330225144267,-0.08304716149057653,0.06518191233538875,0.04698860021480938,0.04686032674312726,0.08304716149057653,0,0.0,0,0.0
cv_2,control,ridge,25,-0.019973147260420595,0.04872505751387338,-0.03478011551172992,-0.08439367198425028,0.06614173784557044,0.04729563249620905,0.04992479231467545,0.08439367198425028,0,0.0,0,0.0
cv_2,treatment,ols,25,-0.029503616449366193,0.024720862331975665,-0.03612110240033845,-0.06580187224128628,0.011141396442559886,0.0317155300919258,0.03612110240033845,0.06580187224128628,0,0.0,0,0.0
cv_2,treatment,ridge,25,-0.031804118870141625,0.025643275840767456,-0.035304992997117236,-0.07318946196906378,0.009349839137291757,0.03369539912817667,0.035304992997117236,0.07318946196906378,0,0.0,0,0.0
cv_3,control,ols,25,-0.24474026371507487,0.06254266401210662,-0.26097843874902926,-0.3277492445745211,-0.10749504519370047,0.24474026371507487,0.26097843874902926,0.3277492445745211,25,1.0,5,0.2
cv_3,control,ridge,25,-0.24164216125470056,0.06116762094379831,-0.2573149241724066,-0.3205630311183766,-0.10741827091365927,0.24164216125470056,0.2573149241724066,0.3205630311183766,25,1.0,5,0.2
cv_3,treatment,ols,25,0.017334755361548077,0.03980012475160265,0.007663707506744013,-0.03940736576363799,0.08952471688187857,0.03184138025912565,0.020605020293836925,0.08952471688187857,0,0.0,0,0.0
cv_3,treatment,ridge,25,0.0160909143280544,0.03940994446200407,0.006878557417035131,-0.0433830398238184,0.08665548225937234,0.031229578873058206,0.019740319493288465,0.08665548225937234,0,0.0,0,0.0
