feature,group,row_count,valid_count,missing_count,infinite_count,coverage,first_valid_date
simple_return,market,1695,1695,0,0,1.0,2020-01-02
log_return,market,1695,1695,0,0,1.0,2020-01-02
intraday_return,market,1695,1695,0,0,1.0,2020-01-02
daily_range,market,1695,1695,0,0,1.0,2020-01-02
sma_5,market,1695,1695,0,0,1.0,2020-01-02
sma_20,market,1695,1695,0,0,1.0,2020-01-02
sma_60,market,1695,1695,0,0,1.0,2020-01-02
rolling_volatility_20,market,1695,1695,0,0,1.0,2020-01-02
rolling_volatility_60,market,1695,1695,0,0,1.0,2020-01-02
q_gross_margin,quarterly,1695,1695,0,0,1.0,2020-01-02
q_operating_margin,quarterly,1695,1631,64,0,0.9622418879056047,2020-01-02
q_net_margin,quarterly,1695,1695,0,0,1.0,2020-01-02
q_rd_to_revenue,quarterly,1695,1631,64,0,0.9622418879056047,2020-01-02
q_sga_to_revenue,quarterly,1695,1631,64,0,0.9622418879056047,2020-01-02
q_ocf_margin,quarterly,1695,443,1252,0,0.26135693215339234,2020-05-22
q_fcf_margin,quarterly,1695,62,1633,0,0.03657817109144543,2020-05-22
fy_gross_margin,annual,1695,1695,0,0,1.0,2020-01-02
fy_operating_margin,annual,1695,1695,0,0,1.0,2020-01-02
fy_net_margin,annual,1695,1695,0,0,1.0,2020-01-02
fy_rd_to_revenue,annual,1695,1695,0,0,1.0,2020-01-02
fy_sga_to_revenue,annual,1695,1695,0,0,1.0,2020-01-02
fy_ocf_margin,annual,1695,1695,0,0,1.0,2020-01-02
fy_fcf_margin,annual,1695,0,1695,0,0.0,
current_ratio,balance_sheet,1695,1695,0,0,1.0,2020-01-02
cash_to_assets,balance_sheet,1695,1695,0,0,1.0,2020-01-02
liabilities_to_assets,balance_sheet,1695,1695,0,0,1.0,2020-01-02
debt_to_assets,balance_sheet,1695,1471,224,0,0.8678466076696165,2020-11-19
q_revenue_growth_yoy,quarterly,1695,1444,251,0,0.8519174041297936,2020-01-02
q_gross_profit_growth_yoy,quarterly,1695,1444,251,0,0.8519174041297936,2020-01-02
q_operating_income_growth_yoy,quarterly,1695,1380,315,0,0.8141592920353983,2020-01-02
q_net_income_growth_yoy,quarterly,1695,1444,251,0,0.8519174041297936,2020-01-02
q_rd_growth_yoy,quarterly,1695,1380,315,0,0.8141592920353983,2020-01-02
q_operating_cash_flow_growth_yoy,quarterly,1695,321,1374,0,0.18938053097345134,2022-05-31
fy_revenue_growth_yoy,annual,1695,1695,0,0,1.0,2020-01-02
fy_gross_profit_growth_yoy,annual,1695,1695,0,0,1.0,2020-01-02
fy_operating_income_growth_yoy,annual,1695,1695,0,0,1.0,2020-01-02
fy_net_income_growth_yoy,annual,1695,1695,0,0,1.0,2020-01-02
fy_rd_growth_yoy,annual,1695,1695,0,0,1.0,2020-01-02
fy_operating_cash_flow_growth_yoy,annual,1695,1695,0,0,1.0,2020-01-02
close_to_sma_5,relative_market,1695,1695,0,0,1.0,2020-01-02
close_to_sma_20,relative_market,1695,1695,0,0,1.0,2020-01-02
close_to_sma_60,relative_market,1695,1695,0,0,1.0,2020-01-02
