ticker,fiscal_year,fiscal_period,period_start,period_end,filing_date,form,data_period_type,accession,revenue,cost_of_revenue,gross_profit,operating_income,net_income,research_and_development,selling_general_administrative,eps,cash_and_cash_equivalents,total_assets,total_liabilities,stockholders_equity,current_assets,current_liabilities,long_term_debt,operating_cash_flow,capital_expenditures,investing_cash_flow,financing_cash_flow,free_cash_flow,revenue_concept,cost_of_revenue_concept,gross_profit_concept,operating_income_concept,net_income_concept,research_and_development_concept,selling_general_administrative_concept,eps_concept,cash_and_cash_equivalents_concept,total_assets_concept,total_liabilities_concept,stockholders_equity_concept,current_assets_concept,current_liabilities_concept,long_term_debt_concept,operating_cash_flow_concept,capital_expenditures_concept,investing_cash_flow_concept,financing_cash_flow_concept,q_gross_margin,q_operating_margin,q_net_margin,q_rd_to_revenue,q_sga_to_revenue,q_ocf_margin,q_fcf_margin,fy_gross_margin,fy_operating_margin,fy_net_margin,fy_rd_to_revenue,fy_sga_to_revenue,fy_ocf_margin,fy_fcf_margin,current_ratio,cash_to_assets,liabilities_to_assets,debt_to_assets,q_revenue_growth_yoy,q_gross_profit_growth_yoy,q_operating_income_growth_yoy,q_net_income_growth_yoy,q_rd_growth_yoy,q_operating_cash_flow_growth_yoy,fy_revenue_growth_yoy,fy_gross_profit_growth_yoy,fy_operating_income_growth_yoy,fy_net_income_growth_yoy,fy_rd_growth_yoy,fy_operating_cash_flow_growth_yoy,yoy_comparison_status,yoy_reference_fiscal_year,yoy_reference_fiscal_period,yoy_reference_period_start,yoy_reference_period_end,yoy_reference_filing_date,yoy_reference_form,yoy_reference_data_period_type,yoy_reference_accession,effective_date,effective_date_is_sample_truncated,effective_date_basis,selected_for_stage5,selected_for_q,selected_for_fy,selected_for_bs,selected_for_daily
NVDA,2009,Q2,2009-04-27,2009-07-26,2009-08-20,10-Q,quarterly,0001045810-09-000024,776520000,619797000,156723000,-110107000.0,-105302000,192855000.0,73975000.0,-0.19,523785000,3298409000,,2247409000,2167905000,891321000,,,,,,,Revenues,CostOfRevenue,GrossProfit,OperatingIncomeLoss,NetIncomeLoss,ResearchAndDevelopmentExpense,SellingGeneralAndAdministrativeExpense,EarningsPerShareDiluted,CashAndCashEquivalentsAtCarryingValue,Assets,,StockholdersEquity,AssetsCurrent,LiabilitiesCurrent,,,,,,0.2018273837119456,-0.14179544635038377,-0.13560758254777727,0.24835805903260702,0.09526477102972235,,,,,,,,,,2.4322382172079418,0.1587992877778347,,,,,,,,,,,,,,,missing_previous_period,,,,,,,,,2009-08-21,False,observed_next_session,True,True,False,True,True
NVDA,2009,Q3,2009-07-27,2009-10-25,2009-11-19,10-Q,quarterly,0001045810-09-000036,903206000,511423000,391783000,107845000.0,107577000,197948000.0,85990000.0,0.19,614490000,3463574000,,2423635000,2357716000,888806000,,,,,,,Revenues,CostOfRevenue,GrossProfit,OperatingIncomeLoss,NetIncomeLoss,ResearchAndDevelopmentExpense,SellingGeneralAndAdministrativeExpense,EarningsPerShareDiluted,CashAndCashEquivalentsAtCarryingValue,Assets,,StockholdersEquity,AssetsCurrent,LiabilitiesCurrent,,,,,,0.43376926194024396,0.1194024397535003,0.11910571896112293,0.21916152018476406,0.09520530200197962,,,,,,,,,,2.652677862210651,0.17741500542503205,,,,,,,,,,,,,,,missing_previous_period,,,,,,,,,2009-11-20,False,observed_next_session,True,True,False,True,True
NVDA,2010,FY,2009-01-26,2010-01-31,2010-03-18,10-K,annual,0001045810-10-000006,3326445000,2149522000,1176923000,-98945000.0,-67987000,908851000.0,367017000.0,-0.12,447221000,3585918000,,2665140000,2480830000,784378000,,487807000.0,,-519333000.0,61059000.0,,Revenues,CostOfRevenue,GrossProfit,OperatingIncomeLoss,NetIncomeLoss,ResearchAndDevelopmentExpense,SellingGeneralAndAdministrativeExpense,EarningsPerShareDiluted,CashAndCashEquivalentsAtCarryingValue,Assets,,StockholdersEquity,AssetsCurrent,LiabilitiesCurrent,,NetCashProvidedByUsedInOperatingActivities,,NetCashProvidedByUsedInInvestingActivities,NetCashProvidedByUsedInFinancingActivities,,,,,,,,0.3538080443235947,-0.02974496797632307,-0.020438335820974044,0.2732199089418283,0.11033310335808949,0.14664514218632804,,3.1627990586171464,0.12471590259453785,,,,,,,,,,,,,,,missing_previous_period,,,,,,,,,2010-03-19,False,observed_next_session,True,False,True,True,True
NVDA,2010,Q2,2010-02-01,2010-05-02,2010-05-21,10-Q,quarterly,0001045810-10-000018,1001813000,545436000,456377000,147393000.0,137594000,218105000.0,90879000.0,0.23,447262000,3803030000,,2860645000,2726980000,765293000,,-5397000.0,,-57342000.0,62780000.0,,Revenues,CostOfRevenue,GrossProfit,OperatingIncomeLoss,NetIncomeLoss,ResearchAndDevelopmentExpense,SellingGeneralAndAdministrativeExpense,EarningsPerShareDiluted,CashAndCashEquivalentsAtCarryingValue,Assets,,StockholdersEquity,AssetsCurrent,LiabilitiesCurrent,,NetCashProvidedByUsedInOperatingActivities,,NetCashProvidedByUsedInInvestingActivities,NetCashProvidedByUsedInFinancingActivities,0.4555510858812972,0.147126260090456,0.13734499352673601,0.2177102912419783,0.09071453454886291,-0.005387232946667692,,,,,,,,,3.5633149656406107,0.11760675040691239,,,,,,,,,,,,,,,noncomparable_period_dates,,,,,,,,,2010-05-24,False,observed_next_session,True,True,False,True,True
NVDA,2010,Q3,2010-05-03,2010-08-01,2010-08-30,10-Q,quarterly,0001045810-10-000029,811208000,676916000,134292000,-175207000.0,-140961000,210635000.0,98864000.0,-0.25,377003000,3731268000,,2760514000,2655962000,819139000,,,,,,,Revenues,CostOfRevenue,GrossProfit,OperatingIncomeLoss,NetIncomeLoss,ResearchAndDevelopmentExpense,SellingGeneralAndAdministrativeExpense,EarningsPerShareDiluted,CashAndCashEquivalentsAtCarryingValue,Assets,,StockholdersEquity,AssetsCurrent,LiabilitiesCurrent,,,,,,0.16554570467746865,-0.21598283054407746,-0.17376677744795416,0.25965596986223016,0.12187256535931598,,,,,,,,,,3.242382550458469,0.10103884255968748,,,,,,,,,,,,,,,noncomparable_period_dates,,,,,,,,,2010-08-31,False,observed_next_session,True,True,False,True,True
NVDA,2010,Q3,2010-08-02,2010-10-31,2010-12-07,10-Q,quarterly,0001045810-10-000045,843912000,451850000,392062000,103783000.0,84862000,204527000.0,83752000.0,0.15,451174000,3915579000,,2897880000,2807702000,816489000,,,,,,,Revenues,CostOfRevenue,GrossProfit,OperatingIncomeLoss,NetIncomeLoss,ResearchAndDevelopmentExpense,SellingGeneralAndAdministrativeExpense,EarningsPerShareDiluted,CashAndCashEquivalentsAtCarryingValue,Assets,,StockholdersEquity,AssetsCurrent,LiabilitiesCurrent,,,,,,0.46457687531401376,0.12297846220932988,0.10055787807259525,0.24235583804946487,0.09924257505521902,,,,,,,,,,3.4387505526712547,0.11522536002976827,,,,,,,,,,,,,,,ambiguous_current_period,,,,,,,,,2010-12-08,False,observed_next_session,True,True,False,True,True
NVDA,2010,FY,2010-02-01,2011-01-30,2011-03-16,10-K,annual,0001045810-11-000015,3543309000,2134219000,1409090000,255747000.0,253146000,848830000.0,361513000.0,0.43,665361000,4495246000,,3181462000,3226950000,942682000,,675797000.0,,-649678000.0,192021000.0,,Revenues,CostOfRevenue,GrossProfit,OperatingIncomeLoss,NetIncomeLoss,ResearchAndDevelopmentExpense,SellingGeneralAndAdministrativeExpense,EarningsPerShareDiluted,CashAndCashEquivalentsAtCarryingValue,Assets,,StockholdersEquity,AssetsCurrent,LiabilitiesCurrent,,NetCashProvidedByUsedInOperatingActivities,,NetCashProvidedByUsedInInvestingActivities,NetCashProvidedByUsedInFinancingActivities,,,,,,,,0.39767629636591106,0.07217744769084491,0.0714433880872371,0.23955855952726673,0.10202694712767077,0.19072482811970393,,3.42315860491661,0.1480143689577834,,,,,,,,,,,,,,,ambiguous_current_period,,,,,,,,,2011-03-17,False,observed_next_session,False,False,True,False,True
NVDA,2010,Q4,2010-11-01,2011-01-30,2011-03-16,10-K,quarterly,0001045810-11-000015,886376000,460017000,426359000,,171651000,,,0.29,665361000,4495246000,,3181462000,3226950000,942682000,,,,,,,Revenues,CostOfRevenue,GrossProfit,,NetIncomeLoss,,,EarningsPerShareDiluted,CashAndCashEquivalentsAtCarryingValue,Assets,,StockholdersEquity,AssetsCurrent,LiabilitiesCurrent,,,,,,0.48101370073196925,,0.19365483722483462,,,,,,,,,,,,3.42315860491661,0.1480143689577834,,,,,,,,,,,,,,,missing_previous_period,,,,,,,,,2011-03-17,False,observed_next_session,True,True,False,True,True
NVDA,2011,Q1,2011-01-31,2011-05-01,2011-05-27,10-Q,quarterly,0001045810-11-000031,962039000,477536000,484503000,154862000.0,135219000,231524000.0,98117000.0,0.22,683633000,4736744000,,3447808000,3496763000,981166000,,172200000.0,,-252506000.0,98578000.0,,Revenues,CostOfRevenue,GrossProfit,OperatingIncomeLoss,NetIncomeLoss,ResearchAndDevelopmentExpense,SellingGeneralAndAdministrativeExpense,EarningsPerShareDiluted,CashAndCashEquivalentsAtCarryingValue,Assets,,StockholdersEquity,AssetsCurrent,LiabilitiesCurrent,,NetCashProvidedByUsedInOperatingActivities,,NetCashProvidedByUsedInInvestingActivities,NetCashProvidedByUsedInFinancingActivities,0.5036209550756259,0.16097268405958595,0.14055459290111938,0.24065968219583614,0.10198858882020376,0.17899482245522272,,,,,,,,,3.563885214122789,0.14432551136392424,,,,,,,,,,,,,,,missing_previous_period,,,,,,,,,2011-05-31,False,observed_next_session,True,True,False,True,True
NVDA,2011,Q2,2011-05-02,2011-07-31,2011-08-25,10-Q,quarterly,0001045810-11-000046,1016517000,491233000,525284000,174030000.0,151573000,247721000.0,103533000.0,0.25,532614000,4864424000,,3689469000,3317557000,960299000,,,,,,,Revenues,CostOfRevenue,GrossProfit,OperatingIncomeLoss,NetIncomeLoss,ResearchAndDevelopmentExpense,SellingGeneralAndAdministrativeExpense,EarningsPerShareDiluted,CashAndCashEquivalentsAtCarryingValue,Assets,,StockholdersEquity,AssetsCurrent,LiabilitiesCurrent,,,,,,0.5167488590943388,0.17120225239715617,0.14911014769059444,0.24369587522884517,0.10185073146833747,,,,,,,,,,3.4547125426559853,0.10949168904684295,,,,,,,,,,,,,,,noncomparable_period_dates,,,,,,,,,2011-08-26,False,observed_next_session,True,True,False,True,True
NVDA,2011,Q3,2011-08-01,2011-10-30,2011-11-22,10-Q,quarterly,0001045810-11-000056,1066180000,509463000,556717000,197090000.0,178273000,256498000.0,103129000.0,0.29,566816000,5089043000,,3973450000,3500071000,886684000,,,,,,,Revenues,CostOfRevenue,GrossProfit,OperatingIncomeLoss,NetIncomeLoss,ResearchAndDevelopmentExpense,SellingGeneralAndAdministrativeExpense,EarningsPerShareDiluted,CashAndCashEquivalentsAtCarryingValue,Assets,,StockholdersEquity,AssetsCurrent,LiabilitiesCurrent,,,,,,0.5221604231930819,0.18485621564838958,0.16720722579676978,0.24057663809112909,0.09672756945356319,,,,,,,,,,3.9473713295830306,0.11137968376372533,,,,,,,,,,,,,,,ambiguous_previous_period,,,,,,,,,2011-11-23,False,observed_next_session,True,True,False,True,True
NVDA,2011,FY,2011-01-31,2012-01-29,2012-03-13,10-K,annual,0001045810-12-000013,3997930000,1941413000,2056517000,648299000.0,581090000,1002605000.0,405613000.0,0.94,667876000,5552928000,,4145724000,3905358000,929958000,,909156000.0,138735000.0,-1143364000.0,236723000.0,770421000.0,Revenues,CostOfRevenue,GrossProfit,OperatingIncomeLoss,NetIncomeLoss,ResearchAndDevelopmentExpense,SellingGeneralAndAdministrativeExpense,EarningsPerShareDiluted,CashAndCashEquivalentsAtCarryingValue,Assets,,StockholdersEquity,AssetsCurrent,LiabilitiesCurrent,,NetCashProvidedByUsedInOperatingActivities,PaymentsToAcquirePropertyPlantAndEquipment,NetCashProvidedByUsedInInvestingActivities,NetCashProvidedByUsedInFinancingActivities,,,,,,,,0.5143954496451913,0.16215866711022955,0.14534771744377714,0.250781029182602,0.10145575335235985,0.227406682958431,0.19270497482447166,4.199499332227907,0.12027456505828997,,,,,,,,,,,,,,,ambiguous_previous_period,,,,,,,,,2012-03-14,False,observed_next_session,False,False,True,False,True
NVDA,2011,Q4,2011-10-31,2012-01-29,2012-03-13,10-K,quarterly,0001045810-12-000013,953194000,463181000,490013000,,116025000,,,0.19,667876000,5552928000,,4145724000,3905358000,929958000,,,,,,,Revenues,CostOfRevenue,GrossProfit,,NetIncomeLoss,,,EarningsPerShareDiluted,CashAndCashEquivalentsAtCarryingValue,Assets,,StockholdersEquity,AssetsCurrent,LiabilitiesCurrent,,,,,,0.5140747843565948,,0.12172233564206238,,,,,,,,,,,,4.199499332227907,0.12027456505828997,,,0.07538335875520086,0.1492967194312773,,-0.32406452627715543,,,,,,,,,available,2010.0,Q4,2010-11-01,2011-01-30,2011-03-16,10-K,quarterly,0001045810-11-000015,2012-03-14,False,observed_next_session,True,True,False,True,True
NVDA,2012,Q1,2012-01-30,2012-04-29,2012-05-23,10-Q,quarterly,0001045810-12-000027,924877000,461513000,463364000,72826000.0,60437000,283902000.0,106636000.0,0.1,369135000,5708167000,,4287428000,4032116000,947404000,,-9208000.0,28923000.0,-335054000.0,45521000.0,-38131000.0,Revenues,CostOfRevenue,GrossProfit,OperatingIncomeLoss,NetIncomeLoss,ResearchAndDevelopmentExpense,SellingGeneralAndAdministrativeExpense,EarningsPerShareDiluted,CashAndCashEquivalentsAtCarryingValue,Assets,,StockholdersEquity,AssetsCurrent,LiabilitiesCurrent,,NetCashProvidedByUsedInOperatingActivities,PaymentsToAcquirePropertyPlantAndEquipment,NetCashProvidedByUsedInInvestingActivities,NetCashProvidedByUsedInFinancingActivities,0.5010006736030845,0.07874128127307739,0.06534598654740036,0.306961898717343,0.11529749361266417,-0.009955918462671253,-0.04122818493702406,,,,,,,,4.255962609404224,0.06466786973821895,,,-0.0386283716148722,-0.04363027679911169,-0.5297361521871085,-0.5530435811535361,0.22623140581537982,-1.053472706155633,,,,,,,available,2011.0,Q1,2011-01-31,2011-05-01,2011-05-27,10-Q,quarterly,0001045810-11-000031,2012-05-24,False,observed_next_session,True,True,False,True,True
NVDA,2012,Q2,2012-04-30,2012-07-29,2012-08-22,10-Q,quarterly,0001045810-12-000036,1044270000,503551000,540719000,139623000.0,119046000,281193000.0,119903000.0,0.19,499618000,5891881000,,4453665000,4213851000,1021960000,,,,,,,Revenues,CostOfRevenue,GrossProfit,OperatingIncomeLoss,NetIncomeLoss,ResearchAndDevelopmentExpense,SellingGeneralAndAdministrativeExpense,EarningsPerShareDiluted,CashAndCashEquivalentsAtCarryingValue,Assets,,StockholdersEquity,AssetsCurrent,LiabilitiesCurrent,,,,,,0.5177961638273627,0.1337039271452785,0.11399925306673561,0.26927231463127355,0.11481992205081061,,,,,,,,,,4.123303260401581,0.08479770721777986,,,0.02730205200700042,0.029384104598655147,-0.19770729184623337,-0.21459626714520397,0.1351197516560969,,,,,,,,available,2011.0,Q2,2011-05-02,2011-07-31,2011-08-25,10-Q,quarterly,0001045810-11-000046,2012-08-23,False,observed_next_session,True,True,False,True,True
NVDA,2012,Q3,2012-07-30,2012-10-28,2012-11-19,10-Q,quarterly,0001045810-12-000060,1204110000,567452000,636658000,252217000.0,209080000,284180000.0,100261000.0,0.33,525388000,6075144000,,4722846000,4424827000,991359000,,,,,,,Revenues,CostOfRevenue,GrossProfit,OperatingIncomeLoss,NetIncomeLoss,ResearchAndDevelopmentExpense,SellingGeneralAndAdministrativeExpense,EarningsPerShareDiluted,CashAndCashEquivalentsAtCarryingValue,Assets,,StockholdersEquity,AssetsCurrent,LiabilitiesCurrent,,,,,,0.52873740771192,0.209463421116011,0.1736386210562158,0.23600833810864455,0.08326564848726445,,,,,,,,,,4.463395197905098,0.0864815714656311,,,0.12936839933219524,0.14359360321312264,0.2797047034349789,0.1728079967241254,0.10792286879429858,,,,,,,,available,2011.0,Q3,2011-08-01,2011-10-30,2011-11-22,10-Q,quarterly,0001045810-11-000056,2012-11-20,False,observed_next_session,True,True,False,True,True
NVDA,2012,FY,2012-01-30,2013-01-27,2013-03-12,10-K,annual,0001045810-13-000008,4280159000,2053816000,2226343000,648239000.0,562536000,1147282000.0,430822000.0,0.9,732786000,6412245000,,4827703000,4775258000,976223000,,824172000.0,,-743992000.0,-15270000.0,,Revenues,CostOfRevenue,GrossProfit,OperatingIncomeLoss,NetIncomeLoss,ResearchAndDevelopmentExpense,SellingGeneralAndAdministrativeExpense,EarningsPerShareDiluted,CashAndCashEquivalentsAtCarryingValue,Assets,,StockholdersEquity,AssetsCurrent,LiabilitiesCurrent,,NetCashProvidedByUsedInOperatingActivities,,NetCashProvidedByUsedInInvestingActivities,NetCashProvidedByUsedInFinancingActivities,,,,,,,,0.5201542746426009,0.15145208390622872,0.13142876234270737,0.26804658425072525,0.1006556064856469,0.19255639802166227,,4.891564734696888,0.11427916431764538,,,,,,,,,0.07059378228233104,0.08257942919995309,-9.254988824602961e-05,-0.03192964945189214,0.1443010956458426,-0.09347570713936881,available,2011.0,FY,2011-01-31,2012-01-29,2012-03-13,10-K,annual,0001045810-12-000013,2013-03-13,False,observed_next_session,False,False,True,False,True
NVDA,2012,Q4,2012-10-29,2013-01-27,2013-03-12,10-K,quarterly,0001045810-13-000008,1106902000,521300000,585602000,,173973000,,,0.28,732786000,6412245000,,4827703000,4775258000,976223000,,,,,,,Revenues,CostOfRevenue,GrossProfit,,NetIncomeLoss,,,EarningsPerShareDiluted,CashAndCashEquivalentsAtCarryingValue,Assets,,StockholdersEquity,AssetsCurrent,LiabilitiesCurrent,,,,,,0.5290459317988404,,0.1571710955441403,,,,,,,,,,,,4.891564734696888,0.11427916431764538,,,0.16125573597819542,0.19507441639303447,,0.49944408532643836,,,,,,,,,available,2011.0,Q4,2011-10-31,2012-01-29,2012-03-13,10-K,quarterly,0001045810-12-000013,2013-03-13,False,observed_next_session,True,True,False,True,True
NVDA,2013,Q1,2013-01-28,2013-04-28,2013-05-22,10-Q,quarterly,0001045810-13-000054,954739000,436171000,518568000,82781000.0,77891000,327161000.0,108626000.0,0.13,561423000,6279527000,,4824936000,4606616000,925577000,,175650000.0,65667000.0,-230786000.0,-116227000.0,109983000.0,Revenues,CostOfRevenue,GrossProfit,OperatingIncomeLoss,NetIncomeLoss,ResearchAndDevelopmentExpense,SellingGeneralAndAdministrativeExpense,EarningsPerShareDiluted,CashAndCashEquivalentsAtCarryingValue,Assets,,StockholdersEquity,AssetsCurrent,LiabilitiesCurrent,,NetCashProvidedByUsedInOperatingActivities,PaymentsToAcquirePropertyPlantAndEquipment,NetCashProvidedByUsedInInvestingActivities,NetCashProvidedByUsedInFinancingActivities,0.5431515838360013,0.08670537183460611,0.08158355320145087,0.34267061469155446,0.1137755973098407,0.18397698219094433,0.11519692816570812,,,,,,,,4.977020820526007,0.08940530074956282,,,0.032287536612976675,0.11913743838537316,0.13669568560678869,0.288796598110429,0.1523730019513776,,,,,,,,available,2012.0,Q1,2012-01-30,2012-04-29,2012-05-23,10-Q,quarterly,0001045810-12-000027,2013-05-23,False,observed_next_session,True,True,False,True,True
NVDA,2013,Q2,2013-04-29,2013-07-28,2013-08-21,10-Q,quarterly,0001045810-13-000075,977238000,431700000,545538000,105534000.0,96448000,331738000.0,108266000.0,0.16,591321000,5569592000,,4172173000,3922608000,935791000,,,,,,,Revenues,CostOfRevenue,GrossProfit,OperatingIncomeLoss,NetIncomeLoss,ResearchAndDevelopmentExpense,SellingGeneralAndAdministrativeExpense,EarningsPerShareDiluted,CashAndCashEquivalentsAtCarryingValue,Assets,,StockholdersEquity,AssetsCurrent,LiabilitiesCurrent,,,,,,0.5582447673954554,0.10799211655707207,0.09869448384119324,0.33946490005505314,0.11078775078333016,,,,,,,,,,4.191756492635642,0.10616953629637503,,,-0.06419029561320344,0.008912207634649505,-0.24415031907350504,-0.18982578163063013,0.17975198529124126,,,,,,,,available,2012.0,Q2,2012-04-30,2012-07-29,2012-08-22,10-Q,quarterly,0001045810-12-000036,2013-08-22,False,observed_next_session,True,True,False,True,True
NVDA,2013,Q3,2013-07-29,2013-10-27,2013-11-19,10-Q,quarterly,0001045810-13-000109,1053967000,469552000,584415000,140988000.0,118734000,340294000.0,103133000.0,0.2,562084000,5711373000,,4320647000,4049841000,985927000,,,,,,,Revenues,CostOfRevenue,GrossProfit,OperatingIncomeLoss,NetIncomeLoss,ResearchAndDevelopmentExpense,SellingGeneralAndAdministrativeExpense,EarningsPerShareDiluted,CashAndCashEquivalentsAtCarryingValue,Assets,,StockholdersEquity,AssetsCurrent,LiabilitiesCurrent,,,,,,0.5544907952526028,0.13376889409250953,0.11265438101951959,0.3228696913660485,0.09785220979404478,,,,,,,,,,4.107647929309168,0.09841486451681583,,,-0.1246920962370548,-0.08205818508524199,-0.4410051661862603,-0.43211211019705376,0.19745935674572457,,,,,,,,available,2012.0,Q3,2012-07-30,2012-10-28,2012-11-19,10-Q,quarterly,0001045810-12-000060,2013-11-20,False,observed_next_session,True,True,False,True,True
NVDA,2013,FY,2013-01-28,2014-01-26,2014-03-13,10-K,annual,0001045810-14-000030,4130162000,1862399000,2267763000,496227000.0,439990000,1335834000.0,435702000.0,0.74,1151587000,7250894000,,4456398000,5624711000,945496000,,835146000.0,,-805937000.0,389592000.0,,Revenues,CostOfRevenue,GrossProfit,OperatingIncomeLoss,NetIncomeLoss,ResearchAndDevelopmentExpense,SellingGeneralAndAdministrativeExpense,EarningsPerShareDiluted,CashAndCashEquivalentsAtCarryingValue,Assets,,StockholdersEquity,AssetsCurrent,LiabilitiesCurrent,,NetCashProvidedByUsedInOperatingActivities,,NetCashProvidedByUsedInInvestingActivities,NetCashProvidedByUsedInFinancingActivities,,,,,,,,0.5490736198725377,0.12014710318868849,0.10653093026375236,0.32343380235448393,0.10549271432936529,0.2022065962545779,,5.948952718996167,0.1588200020576773,,,,,,,,,-0.035044726142183014,0.018604500744045183,-0.2344999298098387,-0.2178456134362956,0.1643466907002813,0.013315181782443508,available,2012.0,FY,2012-01-30,2013-01-27,2013-03-12,10-K,annual,0001045810-13-000008,2014-03-14,False,observed_next_session,False,False,True,False,True
NVDA,2013,Q4,2013-10-28,2014-01-26,2014-03-13,10-K,quarterly,0001045810-14-000030,1144218000,524976000,619242000,,146917000,,,0.25,1151587000,7250894000,,4456398000,5624711000,945496000,,,,,,,Revenues,CostOfRevenue,GrossProfit,,NetIncomeLoss,,,EarningsPerShareDiluted,CashAndCashEquivalentsAtCarryingValue,Assets,,StockholdersEquity,AssetsCurrent,LiabilitiesCurrent,,,,,,0.541192325238722,,0.12839948331524237,,,,,,,,,,,,5.948952718996167,0.1588200020576773,,,0.03371210820831472,0.05744515899877389,,-0.15551838503675863,,,,,,,,,available,2012.0,Q4,2012-10-29,2013-01-27,2013-03-12,10-K,quarterly,0001045810-13-000008,2014-03-14,False,observed_next_session,True,True,False,True,True
NVDA,2014,Q1,2014-01-27,2014-04-27,2014-05-21,10-Q,quarterly,0001045810-14-000085,1102787000,498585000,604202000,151359000.0,136516000,334263000.0,118580000.0,0.24,509165000,6864663000,,4166985000,5273798000,897945000,,151022000.0,29068000.0,-330322000.0,-463122000.0,121954000.0,Revenues,CostOfRevenue,GrossProfit,OperatingIncomeLoss,NetIncomeLoss,ResearchAndDevelopmentExpense,SellingGeneralAndAdministrativeExpense,EarningsPerShareDiluted,CashAndCashEquivalentsAtCarryingValue,Assets,,StockholdersEquity,AssetsCurrent,LiabilitiesCurrent,,NetCashProvidedByUsedInOperatingActivities,PaymentsToAcquirePropertyPlantAndEquipment,NetCashProvidedByUsedInInvestingActivities,NetCashProvidedByUsedInFinancingActivities,0.5478864005469778,0.13725134590814,0.12379181111130255,0.3031074903857227,0.10752756425311506,0.136945756524152,0.11058708526669248,,,,,,,,5.873185996915178,0.074171885786673,,,0.15506646319046347,0.16513552706684553,0.8284268129160073,0.7526543503100487,0.021707966414089785,-0.14021064617136347,,,,,,,available,2013.0,Q1,2013-01-28,2013-04-28,2013-05-22,10-Q,quarterly,0001045810-13-000054,2014-05-22,False,observed_next_session,True,True,False,True,True
NVDA,2015,Q2,2014-04-28,2014-07-27,2014-08-20,10-Q,quarterly,0001045810-14-000158,1102824000,483850000,618974000,163179000.0,127976000,337124000.0,118671000.0,0.22,515092000,6933719000,,4304786000,5377586000,868729000,,,,,,,Revenues,CostOfRevenue,GrossProfit,OperatingIncomeLoss,NetIncomeLoss,ResearchAndDevelopmentExpense,SellingGeneralAndAdministrativeExpense,EarningsPerShareDiluted,CashAndCashEquivalentsAtCarryingValue,Assets,,StockholdersEquity,AssetsCurrent,LiabilitiesCurrent,,,,,,0.5612627218849063,0.14796467976757852,0.11604390183746455,0.3056915700057307,0.10760647211159714,,,,,,,,,,6.190176683407599,0.07428798311555458,,,,,,,,,,,,,,,missing_previous_period,,,,,,,,,2014-08-21,False,observed_next_session,True,True,False,True,True
NVDA,2015,Q3,2014-07-28,2014-10-26,2014-11-19,10-Q,quarterly,0001045810-14-000188,1225382000,548684000,676698000,213315000.0,172967000,340085000.0,123298000.0,0.31,394683000,6885869000,,4204593000,5341109000,933907000,,,,,,,Revenues,CostOfRevenue,GrossProfit,OperatingIncomeLoss,NetIncomeLoss,ResearchAndDevelopmentExpense,SellingGeneralAndAdministrativeExpense,EarningsPerShareDiluted,CashAndCashEquivalentsAtCarryingValue,Assets,,StockholdersEquity,AssetsCurrent,LiabilitiesCurrent,,,,,,0.5522343236639676,0.17408040921116844,0.1411535341632242,0.27753386290968857,0.10062005154311064,,,,,,,,,,5.719101580778386,0.05731782001661664,,,,,,,,,,,,,,,missing_previous_period,,,,,,,,,2014-11-20,False,observed_next_session,True,True,False,True,True
NVDA,2015,FY,2014-01-27,2015-01-25,2015-03-12,10-K,annual,0001045810-15-000036,4681507000,2082030000,2599477000,758989000.0,630587000,1359725000.0,480763000.0,1.12,496654000,7201368000,,4417982000,5713297000,896030000,,905656000.0,,-727048000.0,-833541000.0,,Revenues,CostOfRevenue,GrossProfit,OperatingIncomeLoss,NetIncomeLoss,ResearchAndDevelopmentExpense,SellingGeneralAndAdministrativeExpense,EarningsPerShareDiluted,CashAndCashEquivalentsAtCarryingValue,Assets,,StockholdersEquity,AssetsCurrent,LiabilitiesCurrent,,NetCashProvidedByUsedInOperatingActivities,,NetCashProvidedByUsedInInvestingActivities,NetCashProvidedByUsedInFinancingActivities,,,,,,,,0.5552650033418726,0.16212493113862694,0.13469743823943872,0.29044600381885577,0.1026940683843899,0.19345394549233827,,6.376234054663349,0.06896661856469494,,,,,,,,,,,,,,,missing_previous_period,,,,,,,,,2015-03-13,False,observed_next_session,False,False,True,False,True
NVDA,2015,Q4,2014-10-27,2015-01-25,2015-03-12,10-K,quarterly,0001045810-15-000036,1250514000,550911000,699603000,,193128000,,,0.35,496654000,7201368000,,4417982000,5713297000,896030000,,,,,,,Revenues,CostOfRevenue,GrossProfit,,NetIncomeLoss,,,EarningsPerShareDiluted,CashAndCashEquivalentsAtCarryingValue,Assets,,StockholdersEquity,AssetsCurrent,LiabilitiesCurrent,,,,,,0.5594523531923673,,0.15443889472648847,,,,,,,,,,,,6.376234054663349,0.06896661856469494,,,,,,,,,,,,,,,missing_previous_period,,,,,,,,,2015-03-13,False,observed_next_session,True,True,False,True,True
NVDA,2016,Q1,2015-01-26,2015-04-26,2015-05-20,10-Q,quarterly,0001045810-15-000097,1151000000,498000000,653000000,176000000.0,134000000,339000000.0,138000000.0,0.24,464000000,7291000000,,4556000000,5832000000,883000000,,246000000.0,30000000.0,-235000000.0,-44000000.0,216000000.0,Revenues,CostOfRevenue,GrossProfit,OperatingIncomeLoss,NetIncomeLoss,ResearchAndDevelopmentExpense,SellingGeneralAndAdministrativeExpense,EarningsPerShareDiluted,CashAndCashEquivalentsAtCarryingValue,Assets,,StockholdersEquity,AssetsCurrent,LiabilitiesCurrent,,NetCashProvidedByUsedInOperatingActivities,PaymentsToAcquirePropertyPlantAndEquipment,NetCashProvidedByUsedInInvestingActivities,NetCashProvidedByUsedInFinancingActivities,0.5673327541268463,0.1529105125977411,0.11642050390964379,0.2945264986967854,0.11989574283231973,0.21372719374456994,0.18766290182450043,,,,,,,,6.60475651189128,0.06364010423810176,,,,,,,,,,,,,,,missing_previous_period,,,,,,,,,2015-05-21,False,observed_next_session,True,True,False,True,True
NVDA,2016,Q2,2015-04-27,2015-07-26,2015-08-19,10-Q,quarterly,0001045810-15-000143,1153000000,519000000,634000000,76000000.0,26000000,320000000.0,149000000.0,0.05,435000000,6979000000,,4185000000,5608000000,936000000,,,,,,,Revenues,CostOfRevenue,GrossProfit,OperatingIncomeLoss,NetIncomeLoss,ResearchAndDevelopmentExpense,SellingGeneralAndAdministrativeExpense,EarningsPerShareDiluted,CashAndCashEquivalentsAtCarryingValue,Assets,,StockholdersEquity,AssetsCurrent,LiabilitiesCurrent,,,,,,0.5498699045967043,0.06591500433651344,0.022549869904596703,0.2775368603642671,0.12922810060711187,,,,,,,,,,5.9914529914529915,0.06232984668290586,,,0.045497740346601034,0.024275656166494963,-0.5342537949123356,-0.7968369069200475,-0.05079436646456492,,,,,,,,available,2015.0,Q2,2014-04-28,2014-07-27,2014-08-20,10-Q,quarterly,0001045810-14-000158,2015-08-20,False,observed_next_session,True,True,False,True,True
NVDA,2016,Q3,2015-07-27,2015-10-25,2015-11-18,10-Q,quarterly,0001045810-15-000173,1305000000,571000000,734000000,245000000.0,246000000,329000000.0,152000000.0,0.44,471000000,7174000000,,4465000000,5834000000,855000000,,,,,,,Revenues,CostOfRevenue,GrossProfit,OperatingIncomeLoss,NetIncomeLoss,ResearchAndDevelopmentExpense,SellingGeneralAndAdministrativeExpense,EarningsPerShareDiluted,CashAndCashEquivalentsAtCarryingValue,Assets,,StockholdersEquity,AssetsCurrent,LiabilitiesCurrent,,,,,,0.5624521072796935,0.18773946360153257,0.18850574712643678,0.25210727969348656,0.11647509578544062,,,,,,,,,,6.823391812865497,0.06565374965151938,,,0.06497402442666855,0.08467883753166117,0.14853620232988773,0.4222366116079945,-0.032594792478350954,,,,,,,,available,2015.0,Q3,2014-07-28,2014-10-26,2014-11-19,10-Q,quarterly,0001045810-14-000188,2015-11-19,False,observed_next_session,True,True,False,True,True
NVDA,2016,FY,2015-01-26,2016-01-31,2016-03-17,10-K,annual,0001045810-16-000205,5010000000,2199000000,2811000000,747000000.0,614000000,1331000000.0,602000000.0,1.08,596000000,7370000000,2814000000.0,4469000000,6053000000,2351000000,,1175000000.0,,-400000000.0,-676000000.0,,Revenues,CostOfRevenue,GrossProfit,OperatingIncomeLoss,NetIncomeLoss,ResearchAndDevelopmentExpense,SellingGeneralAndAdministrativeExpense,EarningsPerShareDiluted,CashAndCashEquivalentsAtCarryingValue,Assets,Liabilities,StockholdersEquity,AssetsCurrent,LiabilitiesCurrent,,NetCashProvidedByUsedInOperatingActivities,,NetCashProvidedByUsedInInvestingActivities,NetCashProvidedByUsedInFinancingActivities,,,,,,,,0.5610778443113772,0.14910179640718563,0.12255489021956088,0.2656686626746507,0.12015968063872255,0.2345309381237525,,2.5746490854955337,0.08086838534599729,0.38181818181818183,,,,,,,,0.07016821720014521,0.08137136816367296,-0.015796012853941277,-0.026304062722510957,-0.02112559524903934,0.29740210411016976,available,2015.0,FY,2014-01-27,2015-01-25,2015-03-12,10-K,annual,0001045810-15-000036,2016-03-18,False,observed_next_session,False,False,True,False,True
NVDA,2016,Q4,2015-10-26,2016-01-31,2016-03-17,10-K,quarterly,0001045810-16-000205,1401000000,610000000,791000000,,207000000,,,0.35,596000000,7370000000,2814000000.0,4469000000,6053000000,2351000000,,,,,,,Revenues,CostOfRevenue,GrossProfit,,NetIncomeLoss,,,EarningsPerShareDiluted,CashAndCashEquivalentsAtCarryingValue,Assets,Liabilities,StockholdersEquity,AssetsCurrent,LiabilitiesCurrent,,,,,,0.5645967166309779,,0.14775160599571735,,,,,,,,,,,,2.5746490854955337,0.08086838534599729,0.38181818181818183,,0.12033931647306617,0.13064123510047843,,0.07182801043867282,,,,,,,,,available,2015.0,Q4,2014-10-27,2015-01-25,2015-03-12,10-K,quarterly,0001045810-15-000036,2016-03-18,False,observed_next_session,True,True,False,True,True
NVDA,2017,Q1,2016-02-01,2016-05-01,2016-05-25,10-Q,quarterly,0001045810-16-000275,1305000000,554000000,751000000,245000000.0,196000000,346000000.0,159000000.0,0.33,547000000,7108000000,2833000000.0,4196000000,5790000000,2377000000,,309000000.0,55000000.0,176000000.0,-534000000.0,254000000.0,Revenues,CostOfRevenue,GrossProfit,OperatingIncomeLoss,NetIncomeLoss,ResearchAndDevelopmentExpense,SellingGeneralAndAdministrativeExpense,EarningsPerShareDiluted,CashAndCashEquivalentsAtCarryingValue,Assets,Liabilities,StockholdersEquity,AssetsCurrent,LiabilitiesCurrent,,NetCashProvidedByUsedInOperatingActivities,PaymentsToAcquirePropertyPlantAndEquipment,NetCashProvidedByUsedInInvestingActivities,NetCashProvidedByUsedInFinancingActivities,0.5754789272030651,0.18773946360153257,0.15019157088122606,0.26513409961685824,0.12183908045977011,0.2367816091954023,0.1946360153256705,,,,,,,,2.4358435002103493,0.07695554305008441,0.398564997186269,,0.13379669852302345,0.15007656967840743,0.3920454545454546,0.4626865671641791,0.020648967551622377,0.25609756097560976,,,,,,,available,2016.0,Q1,2015-01-26,2015-04-26,2015-05-20,10-Q,quarterly,0001045810-15-000097,2016-05-26,False,observed_next_session,True,True,False,True,True
NVDA,2017,Q2,2016-05-02,2016-07-31,2016-08-23,10-Q,quarterly,0001045810-16-000300,1428000000,602000000,826000000,317000000.0,253000000,350000000.0,157000000.0,0.4,426000000,7461000000,2909000000.0,4480000000,6156000000,2407000000,,,,,,,Revenues,CostOfRevenue,GrossProfit,OperatingIncomeLoss,NetIncomeLoss,ResearchAndDevelopmentExpense,SellingGeneralAndAdministrativeExpense,EarningsPerShareDiluted,CashAndCashEquivalentsAtCarryingValue,Assets,Liabilities,StockholdersEquity,AssetsCurrent,LiabilitiesCurrent,,,,,,0.5784313725490197,0.22198879551820727,0.17717086834733894,0.24509803921568626,0.10994397759103641,,,,,,,,,,2.5575405068550063,0.057096903900281465,0.3898941160702319,,0.238508239375542,0.3028391167192428,3.171052631578948,8.73076923076923,0.09375,,,,,,,,available,2016.0,Q2,2015-04-27,2015-07-26,2015-08-19,10-Q,quarterly,0001045810-15-000143,2016-08-24,False,observed_next_session,True,True,False,True,True
NVDA,2017,Q3,2016-08-01,2016-10-30,2016-11-22,10-Q,quarterly,0001045810-16-000353,2004000000,821000000,1183000000,639000000.0,542000000,373000000.0,171000000.0,0.83,1940000000,9612000000,4243000000.0,5324000000,8307000000,2041000000,,,,,,,Revenues,CostOfRevenue,GrossProfit,OperatingIncomeLoss,NetIncomeLoss,ResearchAndDevelopmentExpense,SellingGeneralAndAdministrativeExpense,EarningsPerShareDiluted,CashAndCashEquivalentsAtCarryingValue,Assets,Liabilities,StockholdersEquity,AssetsCurrent,LiabilitiesCurrent,,,,,,0.5903193612774451,0.3188622754491018,0.27045908183632733,0.18612774451097805,0.08532934131736528,,,,,,,,,,4.070063694267516,0.20183104452767375,0.4414273824386184,,0.535632183908046,0.611716621253406,1.6081632653061226,1.203252032520325,0.13373860182370811,,,,,,,,available,2016.0,Q3,2015-07-27,2015-10-25,2015-11-18,10-Q,quarterly,0001045810-15-000173,2016-11-23,False,observed_next_session,True,True,False,True,True
NVDA,2017,FY,2016-02-01,2017-01-29,2017-03-01,10-K,annual,0001045810-17-000027,6910000000,2847000000,4063000000,1934000000.0,1666000000,1463000000.0,663000000.0,2.57,1766000000,9841000000,4048000000.0,5762000000,8536000000,1788000000,,1672000000.0,,-793000000.0,291000000.0,,Revenues,CostOfRevenue,GrossProfit,OperatingIncomeLoss,NetIncomeLoss,ResearchAndDevelopmentExpense,SellingGeneralAndAdministrativeExpense,EarningsPerShareDiluted,CashAndCashEquivalentsAtCarryingValue,Assets,Liabilities,StockholdersEquity,AssetsCurrent,LiabilitiesCurrent,,NetCashProvidedByUsedInOperatingActivities,,NetCashProvidedByUsedInInvestingActivities,NetCashProvidedByUsedInFinancingActivities,,,,,,,,0.5879884225759768,0.27988422575976846,0.2410998552821997,0.2117221418234443,0.0959479015918958,0.24196816208393632,,4.774049217002237,0.179453307590692,0.41134031094400975,,,,,,,,0.3792415169660679,0.44539309854144427,1.5890227576974567,1.7133550488599347,0.09917355371900816,0.42297872340425524,available,2016.0,FY,2015-01-26,2016-01-31,2016-03-17,10-K,annual,0001045810-16-000205,2017-03-02,False,observed_next_session,False,False,True,False,True
NVDA,2017,Q4,2016-10-31,2017-01-29,2017-03-01,10-K,quarterly,0001045810-17-000027,2173000000,870000000,1303000000,,655000000,,,0.99,1766000000,9841000000,4048000000.0,5762000000,8536000000,1788000000,,,,,,,Revenues,CostOfRevenue,GrossProfit,,NetIncomeLoss,,,EarningsPerShareDiluted,CashAndCashEquivalentsAtCarryingValue,Assets,Liabilities,StockholdersEquity,AssetsCurrent,LiabilitiesCurrent,,,,,,0.5996318453750575,,0.3014265991716521,,,,,,,,,,,,4.774049217002237,0.179453307590692,0.41134031094400975,,0.5510349750178445,0.6472819216182049,,2.1642512077294684,,,,,,,,,available,2016.0,Q4,2015-10-26,2016-01-31,2016-03-17,10-K,quarterly,0001045810-16-000205,2017-03-02,False,observed_next_session,True,True,False,True,True
NVDA,2018,Q1,2017-01-30,2017-04-30,2017-05-23,10-Q,quarterly,0001045810-17-000075,1937000000,787000000,1150000000,554000000.0,507000000,411000000.0,185000000.0,0.79,1989000000,9410000000,3271000000.0,6132000000,8116000000,983000000,,282000000.0,54000000.0,754000000.0,-813000000.0,228000000.0,Revenues,CostOfRevenue,GrossProfit,OperatingIncomeLoss,NetIncomeLoss,ResearchAndDevelopmentExpense,SellingGeneralAndAdministrativeExpense,EarningsPerShareDiluted,CashAndCashEquivalentsAtCarryingValue,Assets,Liabilities,StockholdersEquity,AssetsCurrent,LiabilitiesCurrent,,NetCashProvidedByUsedInOperatingActivities,PaymentsToAcquirePropertyPlantAndEquipment,NetCashProvidedByUsedInInvestingActivities,NetCashProvidedByUsedInFinancingActivities,0.5937016004130098,0.28600929272070214,0.26174496644295303,0.2121837893649974,0.09550851832731028,0.14558595766649457,0.11770779556014456,,,,,,,,8.256358087487284,0.21137088204038257,0.3476089266737513,,0.48429118773946356,0.5312916111850865,1.2612244897959184,1.5867346938775508,0.18786127167630062,-0.08737864077669899,,,,,,,available,2017.0,Q1,2016-02-01,2016-05-01,2016-05-25,10-Q,quarterly,0001045810-16-000275,2017-05-24,False,observed_next_session,True,True,False,True,True
NVDA,2018,Q2,2017-05-01,2017-07-30,2017-08-23,10-Q,quarterly,0001045810-17-000123,2230000000,928000000,1302000000,688000000.0,583000000,416000000.0,198000000.0,0.92,1988000000,9402000000,3427000000.0,5973000000,8070000000,1032000000,,,,,,,Revenues,CostOfRevenue,GrossProfit,OperatingIncomeLoss,NetIncomeLoss,ResearchAndDevelopmentExpense,SellingGeneralAndAdministrativeExpense,EarningsPerShareDiluted,CashAndCashEquivalentsAtCarryingValue,Assets,Liabilities,StockholdersEquity,AssetsCurrent,LiabilitiesCurrent,,,,,,0.5838565022421525,0.30852017937219733,0.26143497757847534,0.18654708520179372,0.08878923766816144,,,,,,,,,,7.819767441860465,0.2114443735375452,0.364496915549883,,0.561624649859944,0.576271186440678,1.170347003154574,1.3043478260869565,0.1885714285714286,,,,,,,,available,2017.0,Q2,2016-05-02,2016-07-31,2016-08-23,10-Q,quarterly,0001045810-16-000300,2017-08-24,False,observed_next_session,True,True,False,True,True
NVDA,2018,Q3,2017-07-31,2017-10-29,2017-11-21,10-Q,quarterly,0001045810-17-000172,2636000000,1067000000,1569000000,895000000.0,838000000,462000000.0,212000000.0,1.33,2802000000,9830000000,3477000000.0,6352000000,8479000000,1027000000,,,,,,,Revenues,CostOfRevenue,GrossProfit,OperatingIncomeLoss,NetIncomeLoss,ResearchAndDevelopmentExpense,SellingGeneralAndAdministrativeExpense,EarningsPerShareDiluted,CashAndCashEquivalentsAtCarryingValue,Assets,Liabilities,StockholdersEquity,AssetsCurrent,LiabilitiesCurrent,,,,,,0.5952200303490136,0.33952959028831564,0.3179059180576631,0.17526555386949924,0.08042488619119878,,,,,,,,,,8.256085686465433,0.28504577822990845,0.35371312309257374,,0.3153692614770458,0.32628909551986474,0.40062597809076683,0.5461254612546125,0.23860589812332433,,,,,,,,available,2017.0,Q3,2016-08-01,2016-10-30,2016-11-22,10-Q,quarterly,0001045810-16-000353,2017-11-22,False,observed_next_session,True,True,False,True,True
NVDA,2018,FY,2017-01-30,2018-01-28,2018-02-28,10-K,annual,0001045810-18-000010,9714000000,3892000000,5822000000,3210000000.0,3047000000,1797000000.0,815000000.0,4.82,4002000000,11241000000,3770000000.0,7471000000,9255000000,1153000000,,3502000000.0,,1278000000.0,-2544000000.0,,Revenues,CostOfRevenue,GrossProfit,OperatingIncomeLoss,NetIncomeLoss,ResearchAndDevelopmentExpense,SellingGeneralAndAdministrativeExpense,EarningsPerShareDiluted,CashAndCashEquivalentsAtCarryingValue,Assets,Liabilities,StockholdersEquity,AssetsCurrent,LiabilitiesCurrent,,NetCashProvidedByUsedInOperatingActivities,,NetCashProvidedByUsedInInvestingActivities,NetCashProvidedByUsedInFinancingActivities,,,,,,,,0.5993411570928556,0.3304508956145769,0.3136709903232448,0.18499073502161828,0.08389952645666049,0.36051060325303685,,8.026886383347788,0.3560181478516146,0.3353794146428254,,,,,,,,0.4057887120115775,0.43293133152842733,0.6597724922440538,0.8289315726290516,0.228298017771702,1.0944976076555024,available,2017.0,FY,2016-02-01,2017-01-29,2017-03-01,10-K,annual,0001045810-17-000027,2018-03-01,False,observed_next_session,False,False,True,False,True
NVDA,2018,Q4,2017-10-30,2018-01-28,2018-02-28,10-K,quarterly,0001045810-18-000010,2911000000,1110000000,1801000000,,1118000000,,,1.78,4002000000,11241000000,3770000000.0,7471000000,9255000000,1153000000,,,,,,,Revenues,CostOfRevenue,GrossProfit,,NetIncomeLoss,,,EarningsPerShareDiluted,CashAndCashEquivalentsAtCarryingValue,Assets,Liabilities,StockholdersEquity,AssetsCurrent,LiabilitiesCurrent,,,,,,0.6186877361731363,,0.3840604603229131,,,,,,,,,,,,8.026886383347788,0.3560181478516146,0.3353794146428254,,0.3396226415094339,0.3821949347659248,,0.7068702290076336,,,,,,,,,available,2017.0,Q4,2016-10-31,2017-01-29,2017-03-01,10-K,quarterly,0001045810-17-000027,2018-03-01,False,observed_next_session,True,True,False,True,True
NVDA,2019,Q1,2018-01-29,2018-04-29,2018-05-22,10-Q,quarterly,0001045810-18-000080,3207000000,1139000000,2068000000,1295000000.0,1244000000,542000000.0,231000000.0,1.98,765000000,11460000000,3743000000.0,7717000000,9448000000,1106000000,,1445000000.0,118000000.0,-3551000000.0,-1131000000.0,1327000000.0,Revenues,CostOfRevenue,GrossProfit,OperatingIncomeLoss,NetIncomeLoss,ResearchAndDevelopmentExpense,SellingGeneralAndAdministrativeExpense,EarningsPerShareDiluted,CashAndCashEquivalentsAtCarryingValue,Assets,Liabilities,StockholdersEquity,AssetsCurrent,LiabilitiesCurrent,,NetCashProvidedByUsedInOperatingActivities,PaymentsToAcquirePropertyPlantAndEquipment,NetCashProvidedByUsedInInvestingActivities,NetCashProvidedByUsedInFinancingActivities,0.6448394137823511,0.40380417835983784,0.38790146554412225,0.1690053009042719,0.07202993451824134,0.4505768631119426,0.41378235110695355,,,,,,,,8.54249547920434,0.06675392670157068,0.32661431064572427,,0.6556530717604543,0.7982608695652174,1.3375451263537905,1.4536489151873768,0.3187347931873479,4.124113475177305,,,,,,,available,2018.0,Q1,2017-01-30,2017-04-30,2017-05-23,10-Q,quarterly,0001045810-17-000075,2018-05-23,False,observed_next_session,True,True,False,True,True
NVDA,2019,Q2,2018-04-30,2018-07-29,2018-08-16,10-Q,quarterly,0001045810-18-000114,3123000000,1148000000,1975000000,1157000000.0,1101000000,581000000.0,237000000.0,1.76,718000000,12882000000,4087000000.0,8795000000,10831000000,1462000000,,,,,,,Revenues,CostOfRevenue,GrossProfit,OperatingIncomeLoss,NetIncomeLoss,ResearchAndDevelopmentExpense,SellingGeneralAndAdministrativeExpense,EarningsPerShareDiluted,CashAndCashEquivalentsAtCarryingValue,Assets,Liabilities,StockholdersEquity,AssetsCurrent,LiabilitiesCurrent,,,,,,0.6324047390329811,0.37047710534742234,0.3525456292026897,0.18603906500160103,0.07588856868395773,,,,,,,,,,7.408344733242134,0.05573668684986803,0.31726439993789785,,0.4004484304932736,0.5168970814132103,0.6816860465116279,0.8885077186963979,0.3966346153846154,,,,,,,,available,2018.0,Q2,2017-05-01,2017-07-30,2017-08-23,10-Q,quarterly,0001045810-17-000123,2018-08-17,False,observed_next_session,True,True,False,True,True
NVDA,2019,Q3,2018-07-30,2018-10-28,2018-11-15,10-Q,quarterly,0001045810-18-000150,3181000000,1260000000,1921000000,1058000000.0,1230000000,605000000.0,258000000.0,1.97,721000000,13657000000,4182000000.0,9475000000,11386000000,1608000000,,,,,,,Revenues,CostOfRevenue,GrossProfit,OperatingIncomeLoss,NetIncomeLoss,ResearchAndDevelopmentExpense,SellingGeneralAndAdministrativeExpense,EarningsPerShareDiluted,CashAndCashEquivalentsAtCarryingValue,Assets,Liabilities,StockholdersEquity,AssetsCurrent,LiabilitiesCurrent,,,,,,0.6038981452373468,0.33259981138006917,0.3866708582206853,0.19019176359635334,0.08110657026092424,,,,,,,,,,7.080845771144278,0.052793439261916965,0.306216592223768,,0.20675265553869493,0.22434671765455705,0.18212290502793294,0.467780429594272,0.30952380952380953,,,,,,,,available,2018.0,Q3,2017-07-31,2017-10-29,2017-11-21,10-Q,quarterly,0001045810-17-000172,2018-11-16,False,observed_next_session,True,True,False,True,True
NVDA,2019,FY,2018-01-29,2019-01-27,2019-02-21,10-K,annual,0001045810-19-000023,11716000000,4545000000,7171000000,3804000000.0,4141000000,2376000000.0,991000000.0,6.63,782000000,13292000000,3950000000.0,9342000000,10557000000,1329000000,,3743000000.0,,-4097000000.0,-2866000000.0,,RevenueFromContractWithCustomerExcludingAssessedTax,CostOfGoodsAndServicesSold,GrossProfit,OperatingIncomeLoss,NetIncomeLoss,ResearchAndDevelopmentExpense,SellingGeneralAndAdministrativeExpense,EarningsPerShareDiluted,CashAndCashEquivalentsAtCarryingValue,Assets,Liabilities,StockholdersEquity,AssetsCurrent,LiabilitiesCurrent,,NetCashProvidedByUsedInOperatingActivities,,NetCashProvidedByUsedInInvestingActivities,NetCashProvidedByUsedInFinancingActivities,,,,,,,,0.6120689655172413,0.3246841925571868,0.35344827586206895,0.20279959030385797,0.08458518265619665,0.31947763741891433,,7.943566591422122,0.058832380379175445,0.29717123081552815,,,,,,,,0.20609429689108505,0.23170731707317072,0.18504672897196262,0.3590416803413192,0.32220367278798,0.06881781838949164,available,2018.0,FY,2017-01-30,2018-01-28,2018-02-28,10-K,annual,0001045810-18-000010,2019-02-22,False,observed_next_session,False,False,True,False,True
NVDA,2019,Q4,2018-10-29,2019-01-27,2019-02-21,10-K,quarterly,0001045810-19-000023,2205000000,998000000,1207000000,,567000000,,,0.92,782000000,13292000000,3950000000.0,9342000000,10557000000,1329000000,,,,,,,RevenueFromContractWithCustomerExcludingAssessedTax,CostOfGoodsAndServicesSold,GrossProfit,,NetIncomeLoss,,,EarningsPerShareDiluted,CashAndCashEquivalentsAtCarryingValue,Assets,Liabilities,StockholdersEquity,AssetsCurrent,LiabilitiesCurrent,,,,,,0.5473922902494331,,0.2571428571428571,,,,,,,,,,,,7.943566591422122,0.058832380379175445,0.29717123081552815,,-0.24252834077636554,-0.3298167684619656,,-0.49284436493738815,,,,,,,,,available,2018.0,Q4,2017-10-30,2018-01-28,2018-02-28,10-K,quarterly,0001045810-18-000010,2019-02-22,False,observed_next_session,True,True,False,True,True
NVDA,2020,Q1,2019-01-28,2019-04-28,2019-05-16,10-Q,quarterly,0001045810-19-000079,2220000000,924000000,1296000000,358000000.0,394000000,674000000.0,264000000.0,0.64,2772000000,14021000000,4317000000.0,9704000000,10629000000,1183000000,,720000000.0,128000000.0,1495000000.0,-225000000.0,592000000.0,Revenues,CostOfRevenue,GrossProfit,OperatingIncomeLoss,NetIncomeLoss,ResearchAndDevelopmentExpense,SellingGeneralAndAdministrativeExpense,EarningsPerShareDiluted,CashAndCashEquivalentsAtCarryingValue,Assets,Liabilities,StockholdersEquity,AssetsCurrent,LiabilitiesCurrent,,NetCashProvidedByUsedInOperatingActivities,PaymentsToAcquirePropertyPlantAndEquipment,NetCashProvidedByUsedInInvestingActivities,NetCashProvidedByUsedInFinancingActivities,0.5837837837837838,0.16126126126126125,0.17747747747747747,0.3036036036036036,0.11891891891891893,0.32432432432432434,0.26666666666666666,,,,,,,,8.984784446322909,0.19770344483275087,0.3078952999072819,,-0.3077642656688494,-0.3733075435203095,-0.7235521235521236,-0.6832797427652733,0.24354243542435428,-0.5017301038062284,,,,,,,available,2019.0,Q1,2018-01-29,2018-04-29,2018-05-22,10-Q,quarterly,0001045810-18-000080,2019-05-17,False,observed_next_session,True,True,False,True,True
NVDA,2020,Q2,2019-04-29,2019-07-28,2019-08-15,10-Q,quarterly,0001045810-19-000144,2579000000,1038000000,1541000000,571000000.0,552000000,704000000.0,266000000.0,0.9,7105000000,14775000000,4439000000.0,10336000000,11391000000,1317000000,,,,,,,Revenues,CostOfRevenue,GrossProfit,OperatingIncomeLoss,NetIncomeLoss,ResearchAndDevelopmentExpense,SellingGeneralAndAdministrativeExpense,EarningsPerShareDiluted,CashAndCashEquivalentsAtCarryingValue,Assets,Liabilities,StockholdersEquity,AssetsCurrent,LiabilitiesCurrent,,,,,,0.5975184179914695,0.22140364482357502,0.2140364482357503,0.2729740209383482,0.10314075222954634,,,,,,,,,,8.649202733485193,0.4808798646362098,0.3004399323181049,,-0.1741914825488312,-0.21974683544303797,-0.5064822817631807,-0.49863760217983655,0.2117039586919105,,,,,,,,available,2019.0,Q2,2018-04-30,2018-07-29,2018-08-16,10-Q,quarterly,0001045810-18-000114,2019-08-16,False,observed_next_session,True,True,False,True,True
NVDA,2020,Q3,2019-07-29,2019-10-27,2019-11-14,10-Q,quarterly,0001045810-19-000170,3014000000,1098000000,1916000000,927000000.0,899000000,712000000.0,277000000.0,1.45,9765000000,15810000000,4596000000.0,11214000000,12420000000,1475000000,,,,,,,Revenues,CostOfRevenue,GrossProfit,OperatingIncomeLoss,NetIncomeLoss,ResearchAndDevelopmentExpense,SellingGeneralAndAdministrativeExpense,EarningsPerShareDiluted,CashAndCashEquivalentsAtCarryingValue,Assets,Liabilities,StockholdersEquity,AssetsCurrent,LiabilitiesCurrent,,,,,,0.6357000663570007,0.30756469807564696,0.2982747179827472,0.23623092236230922,0.09190444591904445,,,,,,,,,,8.420338983050847,0.6176470588235294,0.2907020872865275,,-0.05249921408362146,-0.0026028110359187506,-0.12381852551984873,-0.2691056910569106,0.1768595041322314,,,,,,,,available,2019.0,Q3,2018-07-30,2018-10-28,2018-11-15,10-Q,quarterly,0001045810-18-000150,2019-11-15,False,observed_next_session,True,True,False,True,True
NVDA,2020,FY,2019-01-28,2020-01-26,2020-02-20,10-K,annual,0001045810-20-000010,10918000000,4150000000,6768000000,2846000000.0,2796000000,2829000000.0,1093000000.0,4.52,10896000000,17315000000,5111000000.0,12204000000,13690000000,1784000000,,4761000000.0,,6145000000.0,-792000000.0,,RevenueFromContractWithCustomerExcludingAssessedTax,CostOfGoodsAndServicesSold,GrossProfit,OperatingIncomeLoss,NetIncomeLoss,ResearchAndDevelopmentExpense,SellingGeneralAndAdministrativeExpense,EarningsPerShareDiluted,CashAndCashEquivalentsAtCarryingValue,Assets,Liabilities,StockholdersEquity,AssetsCurrent,LiabilitiesCurrent,,NetCashProvidedByUsedInOperatingActivities,,NetCashProvidedByUsedInInvestingActivities,NetCashProvidedByUsedInFinancingActivities,,,,,,,,0.619893753434695,0.2606704524638212,0.2560908591317091,0.2591133907309031,0.10010991023997069,0.43606887708371495,,7.673766816143497,0.6292809702570026,0.29517759168351143,,,,,,,,-0.06811198361215431,-0.0561985776042393,-0.2518401682439537,-0.3248007727602028,0.19065656565656575,0.2719743521239648,available,2019.0,FY,2018-01-29,2019-01-27,2019-02-21,10-K,annual,0001045810-19-000023,2020-02-21,False,observed_next_session,False,False,True,False,True
NVDA,2020,Q4,2019-10-28,2020-01-26,2020-02-20,10-K,quarterly,0001045810-20-000010,3105000000,1090000000,2015000000,,950000000,,,1.53,10896000000,17315000000,5111000000.0,12204000000,13690000000,1784000000,,,,,,,RevenueFromContractWithCustomerExcludingAssessedTax,CostOfGoodsAndServicesSold,GrossProfit,,NetIncomeLoss,,,EarningsPerShareDiluted,CashAndCashEquivalentsAtCarryingValue,Assets,Liabilities,StockholdersEquity,AssetsCurrent,LiabilitiesCurrent,,,,,,0.6489533011272142,,0.3059581320450886,,,,,,,,,,,,7.673766816143497,0.6292809702570026,0.29517759168351143,,0.40816326530612246,0.6694283347141674,,0.6754850088183422,,,,,,,,,available,2019.0,Q4,2018-10-29,2019-01-27,2019-02-21,10-K,quarterly,0001045810-19-000023,2020-02-21,False,observed_next_session,True,True,False,True,True
NVDA,2020,Q1,2020-01-27,2020-04-26,2020-05-21,10-Q,quarterly,0001045810-20-000065,3080000000,1076000000,2004000000,976000000.0,917000000,735000000.0,293000000.0,1.47,15494000000,23254000000,10155000000.0,13099000000,19584000000,1903000000,,909000000.0,155000000.0,-1055000000.0,4744000000.0,754000000.0,Revenues,CostOfRevenue,GrossProfit,OperatingIncomeLoss,NetIncomeLoss,ResearchAndDevelopmentExpense,SellingGeneralAndAdministrativeExpense,EarningsPerShareDiluted,CashAndCashEquivalentsAtCarryingValue,Assets,Liabilities,StockholdersEquity,AssetsCurrent,LiabilitiesCurrent,,NetCashProvidedByUsedInOperatingActivities,PaymentsToAcquirePropertyPlantAndEquipment,NetCashProvidedByUsedInInvestingActivities,NetCashProvidedByUsedInFinancingActivities,0.6506493506493507,0.3168831168831169,0.29772727272727273,0.23863636363636365,0.09512987012987013,0.29512987012987013,0.2448051948051948,,,,,,,,10.291119285338938,0.6662939709297325,0.43669906252687707,,,,,,,,,,,,,,ambiguous_current_period,,,,,,,,,2020-05-22,False,observed_next_session,True,True,False,True,True
NVDA,2020,Q2,2020-04-27,2020-07-26,2020-08-19,10-Q,quarterly,0001045810-20-000147,3866000000,1591000000,2275000000,651000000.0,622000000,997000000.0,627000000.0,0.99,3274000000,25180000000,11266000000.0,13914000000,14681000000,2410000000,,,,,,,Revenues,CostOfRevenue,GrossProfit,OperatingIncomeLoss,NetIncomeLoss,ResearchAndDevelopmentExpense,SellingGeneralAndAdministrativeExpense,EarningsPerShareDiluted,CashAndCashEquivalentsAtCarryingValue,Assets,Liabilities,StockholdersEquity,AssetsCurrent,LiabilitiesCurrent,,,,,,0.5884635281945163,0.16839110191412313,0.16088980858768753,0.2578892912571133,0.16218313502327988,,,,,,,,,,6.091701244813278,0.13002382843526608,0.4474185861795075,,,,,,,,,,,,,,ambiguous_current_period,,,,,,,,,2020-08-20,False,observed_next_session,True,True,False,True,True
NVDA,2021,Q3,2020-07-27,2020-10-25,2020-11-18,10-Q,quarterly,0001045810-20-000189,4726000000,1766000000,2960000000,1398000000.0,1336000000,1047000000.0,515000000.0,2.12,2251000000,26881000000,11547000000.0,15334000000,14393000000,3669000000,5963000000.0,,,,,,Revenues,CostOfRevenue,GrossProfit,OperatingIncomeLoss,NetIncomeLoss,ResearchAndDevelopmentExpense,SellingGeneralAndAdministrativeExpense,EarningsPerShareDiluted,CashAndCashEquivalentsAtCarryingValue,Assets,Liabilities,StockholdersEquity,AssetsCurrent,LiabilitiesCurrent,LongTermDebtNoncurrent,,,,,0.6263224714346171,0.2958104104951333,0.28269149386373255,0.2215404147270419,0.1089716462124418,,,,,,,,,,3.9228672662850914,0.08373944421710502,0.4295599122056471,0.22182954503180685,0.5680159256801594,0.5448851774530272,0.5080906148867315,0.486095661846496,0.470505617977528,,,,,,,,available,2020.0,Q3,2019-07-29,2019-10-27,2019-11-14,10-Q,quarterly,0001045810-19-000170,2020-11-19,False,observed_next_session,True,True,False,True,True
NVDA,2021,FY,2020-01-27,2021-01-31,2021-02-26,10-K,annual,0001045810-21-000010,16675000000,6279000000,10396000000,4532000000.0,4332000000,3924000000.0,1940000000.0,6.9,847000000,28791000000,11898000000.0,16893000000,16055000000,3925000000,5964000000.0,5822000000.0,,-19675000000.0,3804000000.0,,RevenueFromContractWithCustomerExcludingAssessedTax,CostOfGoodsAndServicesSold,GrossProfit,OperatingIncomeLoss,NetIncomeLoss,ResearchAndDevelopmentExpense,SellingGeneralAndAdministrativeExpense,EarningsPerShareDiluted,CashAndCashEquivalentsAtCarryingValue,Assets,Liabilities,StockholdersEquity,AssetsCurrent,LiabilitiesCurrent,LongTermDebtNoncurrent,NetCashProvidedByUsedInOperatingActivities,,NetCashProvidedByUsedInInvestingActivities,NetCashProvidedByUsedInFinancingActivities,,,,,,,,0.623448275862069,0.271784107946027,0.25979010494752625,0.2353223388305847,0.11634182908545727,0.34914542728635684,,4.090445859872611,0.029418915633357648,0.4132541419193498,0.20714806710430342,,,,,,,0.5272943762593882,0.5360520094562649,0.5924104005621926,0.5493562231759657,0.38706256627783664,0.2228523419449695,available,2020.0,FY,2019-01-28,2020-01-26,2020-02-20,10-K,annual,0001045810-20-000010,2021-03-01,False,observed_next_session,True,False,True,True,True
NVDA,2022,Q1,2021-02-01,2021-05-02,2021-05-26,10-Q,quarterly,0001045810-21-000064,5661000000,2032000000,3629000000,1956000000.0,1912000000,1153000000.0,520000000.0,3.03,978000000,30796000000,12022000000.0,18774000000,18127000000,4004000000,5964000000.0,1874000000.0,,-1272000000.0,-471000000.0,,Revenues,CostOfRevenue,GrossProfit,OperatingIncomeLoss,NetIncomeLoss,ResearchAndDevelopmentExpense,SellingGeneralAndAdministrativeExpense,EarningsPerShareDiluted,CashAndCashEquivalentsAtCarryingValue,Assets,Liabilities,StockholdersEquity,AssetsCurrent,LiabilitiesCurrent,LongTermDebtNoncurrent,NetCashProvidedByUsedInOperatingActivities,,NetCashProvidedByUsedInInvestingActivities,NetCashProvidedByUsedInFinancingActivities,0.6410528175234057,0.3455219925808161,0.33774951422010246,0.2036742624977919,0.09185656244479774,0.3310369192722134,,,,,,,,,4.527222777222777,0.03175737108715418,0.39037537342512013,0.19366151448240032,,,,,,,,,,,,,missing_previous_period,,,,,,,,,2021-05-27,False,observed_next_session,True,True,False,True,True
NVDA,2022,Q2,2021-05-03,2021-08-01,2021-08-20,10-Q,quarterly,0001045810-21-000131,6507000000,2292000000,4215000000,2444000000.0,2374000000,1245000000.0,526000000.0,0.94,5628000000,38650000000,17503000000.0,21147000000,25806000000,4448000000,10943000000.0,,,,,,Revenues,CostOfRevenue,GrossProfit,OperatingIncomeLoss,NetIncomeLoss,ResearchAndDevelopmentExpense,SellingGeneralAndAdministrativeExpense,EarningsPerShareDiluted,CashAndCashEquivalentsAtCarryingValue,Assets,Liabilities,StockholdersEquity,AssetsCurrent,LiabilitiesCurrent,LongTermDebtNoncurrent,,,,,0.6477639465191333,0.3755955125249731,0.3648378669125557,0.19133241124942368,0.08083602274473643,,,,,,,,,,5.801708633093525,0.145614489003881,0.4528589909443726,0.283130659767141,,,,,,,,,,,,,missing_previous_period,,,,,,,,,2021-08-23,False,observed_next_session,True,True,False,True,True
NVDA,2022,Q3,2021-08-02,2021-10-31,2021-11-22,10-Q,quarterly,0001045810-21-000163,7103000000,2472000000,4631000000,2671000000.0,2464000000,1403000000.0,557000000.0,0.97,1288000000,40632000000,16834000000.0,23798000000,25806000000,3612000000,10944000000.0,,,,,,Revenues,CostOfRevenue,GrossProfit,OperatingIncomeLoss,NetIncomeLoss,ResearchAndDevelopmentExpense,SellingGeneralAndAdministrativeExpense,EarningsPerShareDiluted,CashAndCashEquivalentsAtCarryingValue,Assets,Liabilities,StockholdersEquity,AssetsCurrent,LiabilitiesCurrent,LongTermDebtNoncurrent,,,,,0.6519780374489652,0.3760382936787273,0.3468956778825848,0.1975221737294101,0.07841757004082782,,,,,,,,,,7.144518272425249,0.03169915337664895,0.4143039968497736,0.26934435912581217,0.502962336013542,0.5645270270270271,0.9105865522174534,0.8443113772455091,0.3400191021967527,,,,,,,,available,2021.0,Q3,2020-07-27,2020-10-25,2020-11-18,10-Q,quarterly,0001045810-20-000189,2021-11-23,False,observed_next_session,True,True,False,True,True
NVDA,2022,FY,2021-02-01,2022-01-30,2022-03-18,10-K,annual,0001045810-22-000036,26914000000,9439000000,17475000000,10041000000.0,9752000000,5268000000.0,2166000000.0,3.85,1990000000,44187000000,17575000000.0,26612000000,28829000000,4335000000,10946000000.0,9108000000.0,,-9830000000.0,1865000000.0,,RevenueFromContractWithCustomerExcludingAssessedTax,CostOfRevenue,GrossProfit,OperatingIncomeLoss,NetIncomeLoss,ResearchAndDevelopmentExpense,SellingGeneralAndAdministrativeExpense,EarningsPerShareDiluted,CashAndCashEquivalentsAtCarryingValue,Assets,Liabilities,StockholdersEquity,AssetsCurrent,LiabilitiesCurrent,LongTermDebtNoncurrent,NetCashProvidedByUsedInOperatingActivities,,NetCashProvidedByUsedInInvestingActivities,NetCashProvidedByUsedInFinancingActivities,,,,,,,,0.6492903321691313,0.3730772088875678,0.3623393029649996,0.19573456193802483,0.08047856134353867,0.3384112357880657,,6.650288350634371,0.04503587027858873,0.3977414171588929,0.24771991762283024,,,,,,,0.6140329835082459,0.680934974990381,1.215578111209179,1.2511542012927053,0.34250764525993893,0.5644108553761593,available,2021.0,FY,2020-01-27,2021-01-31,2021-02-26,10-K,annual,0001045810-21-000010,2022-03-21,False,observed_next_session,True,False,True,True,True
NVDA,2023,Q1,2022-01-31,2022-05-01,2022-05-27,10-Q,quarterly,0001045810-22-000079,8288000000,2857000000,5431000000,1868000000.0,1618000000,1618000000.0,592000000.0,0.64,3887000000,45212000000,18892000000.0,26320000000,29575000000,5562000000,10947000000.0,1731000000.0,,2612000000.0,-2446000000.0,,Revenues,CostOfRevenue,GrossProfit,OperatingIncomeLoss,NetIncomeLoss,ResearchAndDevelopmentExpense,SellingGeneralAndAdministrativeExpense,EarningsPerShareDiluted,CashAndCashEquivalentsAtCarryingValue,Assets,Liabilities,StockholdersEquity,AssetsCurrent,LiabilitiesCurrent,LongTermDebtNoncurrent,NetCashProvidedByUsedInOperatingActivities,,NetCashProvidedByUsedInInvestingActivities,NetCashProvidedByUsedInFinancingActivities,0.655284749034749,0.22538610038610038,0.19522200772200773,0.19522200772200773,0.07142857142857142,0.2088561776061776,,,,,,,,,5.317331895001798,0.08597275059718659,0.4178536671680085,0.2421259842519685,0.46405228758169925,0.49655552493799937,-0.04498977505112478,-0.15376569037656906,0.40329575021682573,-0.07630736392742798,,,,,,,available,2022.0,Q1,2021-02-01,2021-05-02,2021-05-26,10-Q,quarterly,0001045810-21-000064,2022-05-31,False,observed_next_session,True,True,False,True,True
NVDA,2023,Q2,2022-05-02,2022-07-31,2022-08-31,10-Q,quarterly,0001045810-22-000147,6704000000,3789000000,2915000000,499000000.0,656000000,1824000000.0,592000000.0,0.26,3013000000,43476000000,19625000000.0,23851000000,27418000000,7573000000,9700000000.0,,,,,,Revenues,CostOfRevenue,GrossProfit,OperatingIncomeLoss,NetIncomeLoss,ResearchAndDevelopmentExpense,SellingGeneralAndAdministrativeExpense,EarningsPerShareDiluted,CashAndCashEquivalentsAtCarryingValue,Assets,Liabilities,StockholdersEquity,AssetsCurrent,LiabilitiesCurrent,LongTermDebtNoncurrent,,,,,0.4348150357995227,0.07443317422434367,0.09785202863961814,0.2720763723150358,0.0883054892601432,,,,,,,,,,3.6204938597649545,0.06930260373539424,0.4513984727205815,0.22311160180329376,0.030275088366374714,-0.3084223013048636,-0.7958265139116203,-0.7236731255265375,0.46506024096385534,,,,,,,,available,2022.0,Q2,2021-05-03,2021-08-01,2021-08-20,10-Q,quarterly,0001045810-21-000131,2022-09-01,False,observed_next_session,True,True,False,True,True
NVDA,2023,Q3,2022-08-01,2022-10-30,2022-11-18,10-Q,quarterly,0001045810-22-000166,5931000000,2754000000,3177000000,601000000.0,680000000,1945000000.0,631000000.0,0.27,2800000000,40488000000,19139000000.0,21349000000,23223000000,6855000000,9701000000.0,,,,,,Revenues,CostOfRevenue,GrossProfit,OperatingIncomeLoss,NetIncomeLoss,ResearchAndDevelopmentExpense,SellingGeneralAndAdministrativeExpense,EarningsPerShareDiluted,CashAndCashEquivalentsAtCarryingValue,Assets,Liabilities,StockholdersEquity,AssetsCurrent,LiabilitiesCurrent,LongTermDebtNoncurrent,,,,,0.5356600910470409,0.10133198448828191,0.114651829371101,0.32793795312763446,0.1063901534311246,,,,,,,,,,3.387746170678337,0.06915629322268327,0.47270796285319105,0.23960185734044656,-0.16500070392791777,-0.31397106456488877,-0.7749906402096594,-0.724025974025974,0.38631503920171073,,,,,,,,available,2022.0,Q3,2021-08-02,2021-10-31,2021-11-22,10-Q,quarterly,0001045810-21-000163,2022-11-21,False,observed_next_session,True,True,False,True,True
NVDA,2023,FY,2022-01-31,2023-01-29,2023-02-24,10-K,annual,0001045810-23-000017,26974000000,11618000000,15356000000,4224000000.0,4368000000,7339000000.0,2440000000.0,1.74,3389000000,41182000000,19081000000.0,22101000000,23073000000,6563000000,9703000000.0,5641000000.0,,7375000000.0,-11617000000.0,,Revenues,CostOfRevenue,GrossProfit,OperatingIncomeLoss,NetIncomeLoss,ResearchAndDevelopmentExpense,SellingGeneralAndAdministrativeExpense,EarningsPerShareDiluted,CashAndCashEquivalentsAtCarryingValue,Assets,Liabilities,StockholdersEquity,AssetsCurrent,LiabilitiesCurrent,LongTermDebtNoncurrent,NetCashProvidedByUsedInOperatingActivities,,NetCashProvidedByUsedInInvestingActivities,NetCashProvidedByUsedInFinancingActivities,,,,,,,,0.5692889449099132,0.1565952398606065,0.16193371394676356,0.2720768147104619,0.09045747757099429,0.20912730777786015,,3.515617857687033,0.08229323490845515,0.46333349521635664,0.23561264630178233,,,,,,,0.002229323028906993,-0.12125894134477821,-0.5793247684493577,-0.5520918785890074,0.39312832194381175,-0.3806543697848046,available,2022.0,FY,2021-02-01,2022-01-30,2022-03-18,10-K,annual,0001045810-22-000036,2023-02-27,False,observed_next_session,True,False,True,True,True
NVDA,2024,Q1,2023-01-30,2023-04-30,2023-05-26,10-Q,quarterly,0001045810-23-000093,7192000000,2544000000,4648000000,2140000000.0,2043000000,1875000000.0,633000000.0,0.82,5079000000,44460000000,19940000000.0,24520000000,24883000000,7260000000,9704000000.0,2911000000.0,,-841000000.0,-380000000.0,,Revenues,CostOfRevenue,GrossProfit,OperatingIncomeLoss,NetIncomeLoss,ResearchAndDevelopmentExpense,SellingGeneralAndAdministrativeExpense,EarningsPerShareDiluted,CashAndCashEquivalentsAtCarryingValue,Assets,Liabilities,StockholdersEquity,AssetsCurrent,LiabilitiesCurrent,LongTermDebtNoncurrent,NetCashProvidedByUsedInOperatingActivities,,NetCashProvidedByUsedInInvestingActivities,NetCashProvidedByUsedInFinancingActivities,0.646273637374861,0.2975528364849833,0.2840656284760845,0.260706340378198,0.08801446051167965,0.40475528364849833,,,,,,,,,3.427410468319559,0.11423751686909582,0.4484930274403959,0.21826360773729195,-0.13223938223938225,-0.14417234395139011,0.145610278372591,0.2626699629171818,0.15883807169344877,0.6816868861929521,,,,,,,available,2023.0,Q1,2022-01-31,2022-05-01,2022-05-27,10-Q,quarterly,0001045810-22-000079,2023-05-30,False,observed_next_session,True,True,False,True,True
NVDA,2024,Q2,2023-05-01,2023-07-30,2023-08-28,10-Q,quarterly,0001045810-23-000175,13507000000,4045000000,9462000000,6800000000.0,6188000000,2040000000.0,622000000.0,2.48,5783000000,49555000000,22054000000.0,27501000000,28797000000,10334000000,8456000000.0,,,,,,Revenues,CostOfRevenue,GrossProfit,OperatingIncomeLoss,NetIncomeLoss,ResearchAndDevelopmentExpense,SellingGeneralAndAdministrativeExpense,EarningsPerShareDiluted,CashAndCashEquivalentsAtCarryingValue,Assets,Liabilities,StockholdersEquity,AssetsCurrent,LiabilitiesCurrent,LongTermDebtNoncurrent,,,,,0.7005256533649219,0.5034426593618124,0.45813282001924927,0.15103279780854373,0.04605019619456578,,,,,,,,,,2.7866266692471453,0.11669861769750782,0.4450408636868126,0.1706386842901826,1.0147673031026252,2.2459691252144083,12.627254509018035,8.432926829268293,0.11842105263157898,,,,,,,,available,2023.0,Q2,2022-05-02,2022-07-31,2022-08-31,10-Q,quarterly,0001045810-22-000147,2023-08-29,False,observed_next_session,True,True,False,True,True
NVDA,2024,Q3,2023-07-31,2023-10-29,2023-11-21,10-Q,quarterly,0001045810-23-000227,18120000000,4720000000,13400000000,10417000000.0,9243000000,2294000000.0,689000000.0,3.71,5519000000,54148000000,20883000000.0,33265000000,32658000000,9101000000,8457000000.0,,,,,,Revenues,CostOfRevenue,GrossProfit,OperatingIncomeLoss,NetIncomeLoss,ResearchAndDevelopmentExpense,SellingGeneralAndAdministrativeExpense,EarningsPerShareDiluted,CashAndCashEquivalentsAtCarryingValue,Assets,Liabilities,StockholdersEquity,AssetsCurrent,LiabilitiesCurrent,LongTermDebtNoncurrent,,,,,0.739514348785872,0.5748896247240618,0.5100993377483444,0.12660044150110375,0.038024282560706404,,,,,,,,,,3.588396879463795,0.10192435547019281,0.38566521385831426,0.15618305385240452,2.055134041476985,3.217815549260308,16.33277870216306,12.592647058823529,0.17943444730077118,,,,,,,,available,2023.0,Q3,2022-08-01,2022-10-30,2022-11-18,10-Q,quarterly,0001045810-22-000166,2023-11-22,False,observed_next_session,True,True,False,True,True
NVDA,2024,FY,2023-01-30,2024-01-28,2024-02-21,10-K,annual,0001045810-24-000029,60922000000,16621000000,44301000000,32972000000.0,29760000000,8675000000.0,2654000000.0,11.93,7280000000,65728000000,22750000000.0,42978000000,44345000000,10631000000,8459000000.0,28090000000.0,,-10566000000.0,-13633000000.0,,Revenues,CostOfRevenue,GrossProfit,OperatingIncomeLoss,NetIncomeLoss,ResearchAndDevelopmentExpense,SellingGeneralAndAdministrativeExpense,EarningsPerShareDiluted,CashAndCashEquivalentsAtCarryingValue,Assets,Liabilities,StockholdersEquity,AssetsCurrent,LiabilitiesCurrent,LongTermDebtNoncurrent,NetCashProvidedByUsedInOperatingActivities,,NetCashProvidedByUsedInInvestingActivities,NetCashProvidedByUsedInFinancingActivities,,,,,,,,0.7271757329043695,0.5412166376678376,0.4884934834706674,0.14239519385443683,0.043563901382095135,0.4610813827517153,,4.171291505973097,0.11075949367088607,0.346123417721519,0.12869705452775074,,,,,,,1.2585452658115224,1.8849309716071896,6.805871212121212,5.813186813186813,0.18204115002043886,3.9796135436979263,available,2023.0,FY,2022-01-31,2023-01-29,2023-02-24,10-K,annual,0001045810-23-000017,2024-02-22,False,observed_next_session,True,False,True,True,True
NVDA,2025,Q1,2024-01-29,2024-04-28,2024-05-29,10-Q,quarterly,0001045810-24-000124,26044000000,5638000000,20406000000,16909000000.0,14881000000,2720000000.0,777000000.0,5.98,7587000000,77072000000,27930000000.0,49142000000,53729000000,15223000000,8460000000.0,15345000000.0,,-5693000000.0,-9345000000.0,,Revenues,CostOfRevenue,GrossProfit,OperatingIncomeLoss,NetIncomeLoss,ResearchAndDevelopmentExpense,SellingGeneralAndAdministrativeExpense,EarningsPerShareDiluted,CashAndCashEquivalentsAtCarryingValue,Assets,Liabilities,StockholdersEquity,AssetsCurrent,LiabilitiesCurrent,LongTermDebtNoncurrent,NetCashProvidedByUsedInOperatingActivities,,NetCashProvidedByUsedInInvestingActivities,NetCashProvidedByUsedInFinancingActivities,0.7835201965903855,0.6492474274305022,0.5713792044232837,0.10443864229765012,0.029834126862233145,0.5891952081093534,,,,,,,,,3.529461998292058,0.098440419348142,0.36238841602657257,0.10976749013909072,2.621245828698554,3.3902753872633387,6.901401869158878,6.283896231032795,0.45066666666666677,4.271384403984885,,,,,,,available,2024.0,Q1,2023-01-30,2023-04-30,2023-05-26,10-Q,quarterly,0001045810-23-000093,2024-05-30,False,observed_next_session,True,True,False,True,True
NVDA,2025,Q2,2024-04-29,2024-07-28,2024-08-28,10-Q,quarterly,0001045810-24-000264,30040000000,7466000000,22574000000,18642000000.0,16599000000,3090000000.0,842000000.0,0.67,8563000000,85227000000,27070000000.0,58157000000,59633000000,13969000000,8461000000.0,,,,,,Revenues,CostOfRevenue,GrossProfit,OperatingIncomeLoss,NetIncomeLoss,ResearchAndDevelopmentExpense,SellingGeneralAndAdministrativeExpense,EarningsPerShareDiluted,CashAndCashEquivalentsAtCarryingValue,Assets,Liabilities,StockholdersEquity,AssetsCurrent,LiabilitiesCurrent,LongTermDebtNoncurrent,,,,,0.7514647137150466,0.620572569906791,0.5525632490013316,0.10286284953395473,0.028029294274300932,,,,,,,,,,4.268952680936359,0.10047285484646884,0.3176223497248524,0.09927605101669659,1.2240319834160065,1.3857535404777002,1.7414705882352943,1.6824499030381381,0.5147058823529411,,,,,,,,available,2024.0,Q2,2023-05-01,2023-07-30,2023-08-28,10-Q,quarterly,0001045810-23-000175,2024-08-29,False,observed_next_session,True,True,False,True,True
NVDA,2025,Q3,2024-07-29,2024-10-27,2024-11-20,10-Q,quarterly,0001045810-24-000316,35082000000,8926000000,26156000000,21869000000.0,19309000000,3390000000.0,897000000.0,0.78,9107000000,96013000000,30114000000.0,65899000000,67640000000,16479000000,8462000000.0,,,,,,Revenues,CostOfRevenue,GrossProfit,OperatingIncomeLoss,NetIncomeLoss,ResearchAndDevelopmentExpense,SellingGeneralAndAdministrativeExpense,EarningsPerShareDiluted,CashAndCashEquivalentsAtCarryingValue,Assets,Liabilities,StockholdersEquity,AssetsCurrent,LiabilitiesCurrent,LongTermDebtNoncurrent,,,,,0.7455675275069836,0.6233681090017673,0.550396214582977,0.09663075081238241,0.025568667692833932,,,,,,,,,,4.104617998664968,0.09485173882703384,0.31364502723589516,0.08813389853457344,0.9360927152317882,0.9519402985074628,1.0993568205817414,1.0890403548631395,0.4777680906713164,,,,,,,,available,2024.0,Q3,2023-07-31,2023-10-29,2023-11-21,10-Q,quarterly,0001045810-23-000227,2024-11-21,False,observed_next_session,True,True,False,True,True
NVDA,2025,FY,2024-01-29,2025-01-26,2025-02-26,10-K,annual,0001045810-25-000023,130497000000,32639000000,97858000000,81453000000.0,72880000000,12914000000.0,3491000000.0,2.94,8589000000,111601000000,32274000000.0,79327000000,80126000000,18047000000,8463000000.0,64089000000.0,,-20421000000.0,-42359000000.0,,Revenues,CostOfRevenue,GrossProfit,OperatingIncomeLoss,NetIncomeLoss,ResearchAndDevelopmentExpense,SellingGeneralAndAdministrativeExpense,EarningsPerShareDiluted,CashAndCashEquivalentsAtCarryingValue,Assets,Liabilities,StockholdersEquity,AssetsCurrent,LiabilitiesCurrent,LongTermDebtNoncurrent,NetCashProvidedByUsedInOperatingActivities,,NetCashProvidedByUsedInInvestingActivities,NetCashProvidedByUsedInFinancingActivities,,,,,,,,0.7498869705816992,0.6241752683969747,0.5584802715771244,0.0989601293516326,0.026751572833091947,0.4911147382698453,,4.439851498864077,0.07696167597064542,0.28919095707027714,0.07583265382926677,,,,,,,1.1420340763599355,1.208934335568046,1.470368797767803,1.4489247311827955,0.4886455331412103,1.281559273762905,available,2024.0,FY,2023-01-30,2024-01-28,2024-02-21,10-K,annual,0001045810-24-000029,2025-02-27,False,observed_next_session,True,False,True,True,True
NVDA,2026,Q1,2025-01-27,2025-04-27,2025-05-28,10-Q,quarterly,0001045810-25-000116,44062000000,17394000000,26668000000,21638000000.0,18775000000,3989000000.0,1041000000.0,0.76,15234000000,125254000000,41411000000.0,83843000000,89935000000,26542000000,8464000000.0,27414000000.0,,-5216000000.0,-15553000000.0,,Revenues,CostOfRevenue,GrossProfit,OperatingIncomeLoss,NetIncomeLoss,ResearchAndDevelopmentExpense,SellingGeneralAndAdministrativeExpense,EarningsPerShareDiluted,CashAndCashEquivalentsAtCarryingValue,Assets,Liabilities,StockholdersEquity,AssetsCurrent,LiabilitiesCurrent,LongTermDebtNoncurrent,NetCashProvidedByUsedInOperatingActivities,,NetCashProvidedByUsedInInvestingActivities,NetCashProvidedByUsedInFinancingActivities,0.6052380736235304,0.49108074985248057,0.4261041260042667,0.09053152376197177,0.023625800009078116,0.62216876219872,,,,,,,,,3.3884032853590536,0.12162485828795887,0.33061618790617464,0.06757468823350951,0.6918292121025955,0.30687052827599715,0.2796735466319711,0.2616759626369196,0.46654411764705883,0.7865102639296189,,,,,,,available,2025.0,Q1,2024-01-29,2024-04-28,2024-05-29,10-Q,quarterly,0001045810-24-000124,2025-05-29,False,observed_next_session,True,True,False,True,True
NVDA,2026,Q2,2025-04-28,2025-07-27,2025-08-27,10-Q,quarterly,0001045810-25-000209,46743000000,12890000000,33853000000,28440000000.0,26422000000,4291000000.0,1122000000.0,1.08,11639000000,140740000000,40609000000.0,100131000000,102219000000,24257000000,8466000000.0,,,,,,Revenues,CostOfRevenue,GrossProfit,OperatingIncomeLoss,NetIncomeLoss,ResearchAndDevelopmentExpense,SellingGeneralAndAdministrativeExpense,EarningsPerShareDiluted,CashAndCashEquivalentsAtCarryingValue,Assets,Liabilities,StockholdersEquity,AssetsCurrent,LiabilitiesCurrent,LongTermDebtNoncurrent,,,,,0.724236784117408,0.6084333483088377,0.5652611086151937,0.0917998416875254,0.02400359412104486,,,,,,,,,,4.2140000824504265,0.08269859315049026,0.2885391502060537,0.06015347449197101,0.5560252996005326,0.49964560999379826,0.5255873833279692,0.5917826375082835,0.38867313915857604,,,,,,,,available,2025.0,Q2,2024-04-29,2024-07-28,2024-08-28,10-Q,quarterly,0001045810-24-000264,2025-08-28,False,observed_next_session,True,True,False,True,True
NVDA,2026,Q3,2025-07-28,2025-10-26,2025-11-19,10-Q,quarterly,0001045810-25-000230,57006000000,15157000000,41849000000,36010000000.0,31910000000,4705000000.0,1134000000.0,1.3,11486000000,161148000000,42251000000.0,118897000000,116492000000,26075000000,7468000000.0,,,,,,Revenues,CostOfRevenue,GrossProfit,OperatingIncomeLoss,NetIncomeLoss,ResearchAndDevelopmentExpense,SellingGeneralAndAdministrativeExpense,EarningsPerShareDiluted,CashAndCashEquivalentsAtCarryingValue,Assets,Liabilities,StockholdersEquity,AssetsCurrent,LiabilitiesCurrent,LongTermDebtNoncurrent,,,,,0.7341157071185489,0.6316878925025436,0.5597656387046978,0.08253517173630846,0.019892642879696873,,,,,,,,,,4.467574304889741,0.07127609402536798,0.26218755429791246,0.046342492615483906,0.6249358645459211,0.5999770607126471,0.6466230737573735,0.6525972344502564,0.387905604719764,,,,,,,,available,2025.0,Q3,2024-07-29,2024-10-27,2024-11-20,10-Q,quarterly,0001045810-24-000316,2025-11-20,False,observed_next_session,True,True,False,True,True
NVDA,2026,FY,2025-01-27,2026-01-25,2026-02-25,10-K,annual,0001045810-26-000021,215938000000,62475000000,153463000000,130387000000.0,120067000000,18497000000.0,4579000000.0,4.9,10605000000,206803000000,49510000000.0,157293000000,125605000000,32163000000,7469000000.0,102718000000.0,,-52228000000.0,-48474000000.0,,Revenues,CostOfRevenue,GrossProfit,OperatingIncomeLoss,NetIncomeLoss,ResearchAndDevelopmentExpense,SellingGeneralAndAdministrativeExpense,EarningsPerShareDiluted,CashAndCashEquivalentsAtCarryingValue,Assets,Liabilities,StockholdersEquity,AssetsCurrent,LiabilitiesCurrent,LongTermDebtNoncurrent,NetCashProvidedByUsedInOperatingActivities,,NetCashProvidedByUsedInInvestingActivities,NetCashProvidedByUsedInFinancingActivities,,,,,,,,0.7106808435754708,0.6038168363141272,0.5560253406070261,0.08565884652076058,0.021205160740582946,0.47568283488779184,,3.905263812455306,0.05128068741749394,0.23940658501085574,0.03611649734288187,,,,,,,0.6547353579009478,0.5682213002513847,0.6007636305599549,0.6474615806805708,0.4323215115378658,0.6027399397712556,available,2025.0,FY,2024-01-29,2025-01-26,2025-02-26,10-K,annual,0001045810-25-000023,2026-02-26,False,observed_next_session,True,False,True,True,True
NVDA,2027,Q1,2026-01-26,2026-04-26,2026-05-20,10-Q,quarterly,0001045810-26-000052,81615000000,20458000000,61157000000,53536000000.0,58321000000,6321000000.0,1300000000.0,2.39,13237000000,259474000000,64000000000.0,195474000000,150995000000,43884000000,7470000000.0,50344000000.0,,-26429000000.0,-21283000000.0,,Revenues,CostOfRevenue,GrossProfit,OperatingIncomeLoss,NetIncomeLoss,ResearchAndDevelopmentExpense,SellingGeneralAndAdministrativeExpense,EarningsPerShareDiluted,CashAndCashEquivalentsAtCarryingValue,Assets,Liabilities,StockholdersEquity,AssetsCurrent,LiabilitiesCurrent,LongTermDebtNoncurrent,NetCashProvidedByUsedInOperatingActivities,,NetCashProvidedByUsedInInvestingActivities,NetCashProvidedByUsedInFinancingActivities,0.749335293757275,0.6559578508852539,0.7145867793910433,0.0774489983458923,0.015928444526128776,0.61684739324879,,,,,,,,,3.440775681341719,0.05101474521532023,0.24665284383021036,0.028789011615807363,0.8522763378875222,1.2932728363581822,1.4741658193918106,2.106311584553928,0.5846076710955126,0.8364339388633546,,,,,,,available,2026.0,Q1,2025-01-27,2025-04-27,2025-05-28,10-Q,quarterly,0001045810-25-000116,2026-05-21,False,observed_next_session,True,True,False,True,True
NVDA,2027,Q2,2026-04-27,2026-07-26,2026-08-26,10-Q,quarterly,0001045810-26-000075,96221000000,24079000000,72142000000,63734000000.0,59688000000,7054000000.0,1354000000.0,2.46,22443000000,320272000000,91288000000.0,228984000000,197412000000,43019000000,32366000000.0,,,,,,Revenues,CostOfRevenue,GrossProfit,OperatingIncomeLoss,NetIncomeLoss,ResearchAndDevelopmentExpense,SellingGeneralAndAdministrativeExpense,EarningsPerShareDiluted,CashAndCashEquivalentsAtCarryingValue,Assets,Liabilities,StockholdersEquity,AssetsCurrent,LiabilitiesCurrent,LongTermDebtNoncurrent,,,,,0.7497531723844068,0.6623710000935347,0.6203219671381507,0.07331040001662839,0.014071772274243667,,,,,,,,,,4.588949069016016,0.07007481141030124,0.2850327221861418,0.10105785082679722,1.0585114348672526,1.1310371311257494,1.240998593530239,1.2590265687684505,0.6439058494523422,,,,,,,,available,2026.0,Q2,2025-04-28,2025-07-27,2025-08-27,10-Q,quarterly,0001045810-25-000209,2026-08-27,False,observed_next_session,True,True,False,True,True
