date,event_type,split_ratio,dividend_amount,source_sha256
2012-11-20,dividends,,0.001875,c8925631bb56ef3700f384bd325454dad7d03548493c7b6ddf4942f8f5074227
2013-02-26,dividends,,0.001875,c8925631bb56ef3700f384bd325454dad7d03548493c7b6ddf4942f8f5074227
2013-05-21,dividends,,0.001875,c8925631bb56ef3700f384bd325454dad7d03548493c7b6ddf4942f8f5074227
2013-08-20,dividends,,0.001875,c8925631bb56ef3700f384bd325454dad7d03548493c7b6ddf4942f8f5074227
2013-11-19,dividends,,0.002125,c8925631bb56ef3700f384bd325454dad7d03548493c7b6ddf4942f8f5074227
2014-02-25,dividends,,0.002125,c8925631bb56ef3700f384bd325454dad7d03548493c7b6ddf4942f8f5074227
2014-05-20,dividends,,0.002125,c8925631bb56ef3700f384bd325454dad7d03548493c7b6ddf4942f8f5074227
2014-08-19,dividends,,0.002125,c8925631bb56ef3700f384bd325454dad7d03548493c7b6ddf4942f8f5074227
2014-11-19,dividends,,0.002125,c8925631bb56ef3700f384bd325454dad7d03548493c7b6ddf4942f8f5074227
2015-02-24,dividends,,0.002125,c8925631bb56ef3700f384bd325454dad7d03548493c7b6ddf4942f8f5074227
2015-05-19,dividends,,0.00245,c8925631bb56ef3700f384bd325454dad7d03548493c7b6ddf4942f8f5074227
2015-08-18,dividends,,0.00245,c8925631bb56ef3700f384bd325454dad7d03548493c7b6ddf4942f8f5074227
2015-11-18,dividends,,0.002875,c8925631bb56ef3700f384bd325454dad7d03548493c7b6ddf4942f8f5074227
2016-02-29,dividends,,0.002875,c8925631bb56ef3700f384bd325454dad7d03548493c7b6ddf4942f8f5074227
2016-05-24,dividends,,0.002875,c8925631bb56ef3700f384bd325454dad7d03548493c7b6ddf4942f8f5074227
2016-08-23,dividends,,0.002875,c8925631bb56ef3700f384bd325454dad7d03548493c7b6ddf4942f8f5074227
2016-11-23,dividends,,0.0035,c8925631bb56ef3700f384bd325454dad7d03548493c7b6ddf4942f8f5074227
2017-02-22,dividends,,0.0035,c8925631bb56ef3700f384bd325454dad7d03548493c7b6ddf4942f8f5074227
2017-05-19,dividends,,0.0035,c8925631bb56ef3700f384bd325454dad7d03548493c7b6ddf4942f8f5074227
2017-08-22,dividends,,0.0035,c8925631bb56ef3700f384bd325454dad7d03548493c7b6ddf4942f8f5074227
2017-11-22,dividends,,0.00375,c8925631bb56ef3700f384bd325454dad7d03548493c7b6ddf4942f8f5074227
2018-02-22,dividends,,0.00375,c8925631bb56ef3700f384bd325454dad7d03548493c7b6ddf4942f8f5074227
2018-05-23,dividends,,0.00375,c8925631bb56ef3700f384bd325454dad7d03548493c7b6ddf4942f8f5074227
2018-08-29,dividends,,0.00375,c8925631bb56ef3700f384bd325454dad7d03548493c7b6ddf4942f8f5074227
2018-11-29,dividends,,0.004,c8925631bb56ef3700f384bd325454dad7d03548493c7b6ddf4942f8f5074227
2019-02-28,dividends,,0.004,c8925631bb56ef3700f384bd325454dad7d03548493c7b6ddf4942f8f5074227
2019-05-30,dividends,,0.004,c8925631bb56ef3700f384bd325454dad7d03548493c7b6ddf4942f8f5074227
2019-08-28,dividends,,0.004,c8925631bb56ef3700f384bd325454dad7d03548493c7b6ddf4942f8f5074227
2019-11-27,dividends,,0.004,c8925631bb56ef3700f384bd325454dad7d03548493c7b6ddf4942f8f5074227
2020-02-27,dividends,,0.004,c8925631bb56ef3700f384bd325454dad7d03548493c7b6ddf4942f8f5074227
2020-06-04,dividends,,0.004,c8925631bb56ef3700f384bd325454dad7d03548493c7b6ddf4942f8f5074227
2020-09-01,dividends,,0.004,c8925631bb56ef3700f384bd325454dad7d03548493c7b6ddf4942f8f5074227
2020-12-03,dividends,,0.004,c8925631bb56ef3700f384bd325454dad7d03548493c7b6ddf4942f8f5074227
2021-03-09,dividends,,0.004,c8925631bb56ef3700f384bd325454dad7d03548493c7b6ddf4942f8f5074227
2021-06-09,dividends,,0.004,c8925631bb56ef3700f384bd325454dad7d03548493c7b6ddf4942f8f5074227
2021-07-20,splits,4.0,,c8925631bb56ef3700f384bd325454dad7d03548493c7b6ddf4942f8f5074227
2021-08-31,dividends,,0.004,c8925631bb56ef3700f384bd325454dad7d03548493c7b6ddf4942f8f5074227
2021-12-01,dividends,,0.004,c8925631bb56ef3700f384bd325454dad7d03548493c7b6ddf4942f8f5074227
2022-03-02,dividends,,0.004,c8925631bb56ef3700f384bd325454dad7d03548493c7b6ddf4942f8f5074227
2022-06-08,dividends,,0.004,c8925631bb56ef3700f384bd325454dad7d03548493c7b6ddf4942f8f5074227
2022-09-07,dividends,,0.004,c8925631bb56ef3700f384bd325454dad7d03548493c7b6ddf4942f8f5074227
2022-11-30,dividends,,0.004,c8925631bb56ef3700f384bd325454dad7d03548493c7b6ddf4942f8f5074227
2023-03-07,dividends,,0.004,c8925631bb56ef3700f384bd325454dad7d03548493c7b6ddf4942f8f5074227
2023-06-07,dividends,,0.004,c8925631bb56ef3700f384bd325454dad7d03548493c7b6ddf4942f8f5074227
2023-09-06,dividends,,0.004,c8925631bb56ef3700f384bd325454dad7d03548493c7b6ddf4942f8f5074227
2023-12-05,dividends,,0.004,c8925631bb56ef3700f384bd325454dad7d03548493c7b6ddf4942f8f5074227
2024-03-05,dividends,,0.004,c8925631bb56ef3700f384bd325454dad7d03548493c7b6ddf4942f8f5074227
2024-06-10,splits,10.0,,c8925631bb56ef3700f384bd325454dad7d03548493c7b6ddf4942f8f5074227
2024-06-11,dividends,,0.01,c8925631bb56ef3700f384bd325454dad7d03548493c7b6ddf4942f8f5074227
2024-09-12,dividends,,0.01,c8925631bb56ef3700f384bd325454dad7d03548493c7b6ddf4942f8f5074227
2024-12-05,dividends,,0.01,c8925631bb56ef3700f384bd325454dad7d03548493c7b6ddf4942f8f5074227
2025-03-12,dividends,,0.01,c8925631bb56ef3700f384bd325454dad7d03548493c7b6ddf4942f8f5074227
2025-06-11,dividends,,0.01,c8925631bb56ef3700f384bd325454dad7d03548493c7b6ddf4942f8f5074227
2025-09-11,dividends,,0.01,c8925631bb56ef3700f384bd325454dad7d03548493c7b6ddf4942f8f5074227
2025-12-04,dividends,,0.01,c8925631bb56ef3700f384bd325454dad7d03548493c7b6ddf4942f8f5074227
2026-03-11,dividends,,0.01,c8925631bb56ef3700f384bd325454dad7d03548493c7b6ddf4942f8f5074227
2026-06-04,dividends,,0.25,c8925631bb56ef3700f384bd325454dad7d03548493c7b6ddf4942f8f5074227
2026-09-10,dividends,,0.25,c8925631bb56ef3700f384bd325454dad7d03548493c7b6ddf4942f8f5074227
