ticker,fiscal_year,fiscal_period,period_start,period_end,filing_date,form,data_period_type,accession,revenue,cost_of_revenue,gross_profit,operating_income,net_income,research_and_development,selling_general_administrative,eps,cash_and_cash_equivalents,total_assets,total_liabilities,stockholders_equity,current_assets,current_liabilities,long_term_debt,operating_cash_flow,capital_expenditures,investing_cash_flow,financing_cash_flow,free_cash_flow,revenue_concept,cost_of_revenue_concept,gross_profit_concept,operating_income_concept,net_income_concept,research_and_development_concept,selling_general_administrative_concept,eps_concept,cash_and_cash_equivalents_concept,total_assets_concept,total_liabilities_concept,stockholders_equity_concept,current_assets_concept,current_liabilities_concept,long_term_debt_concept,operating_cash_flow_concept,capital_expenditures_concept,investing_cash_flow_concept,financing_cash_flow_concept
NVDA,2009,Q2,2009-01-25,2009-07-26,2009-08-20,10-Q,ytd,0001045810-09-000024,1440751000,1094332000,346419000,-341072000.0,-306640000,494652000.0,192839000.0,-0.56,523785000,3298409000,,2247409000,2167905000,891321000,,277245000.0,,-140062000.0,-31086000.0,,Revenues,CostOfRevenue,GrossProfit,OperatingIncomeLoss,NetIncomeLoss,ResearchAndDevelopmentExpense,SellingGeneralAndAdministrativeExpense,EarningsPerShareDiluted,CashAndCashEquivalentsAtCarryingValue,Assets,,StockholdersEquity,AssetsCurrent,LiabilitiesCurrent,,NetCashProvidedByUsedInOperatingActivities,,NetCashProvidedByUsedInInvestingActivities,NetCashProvidedByUsedInFinancingActivities
NVDA,2009,Q2,2009-04-27,2009-07-26,2009-08-20,10-Q,quarterly,0001045810-09-000024,776520000,619797000,156723000,-110107000.0,-105302000,192855000.0,73975000.0,-0.19,523785000,3298409000,,2247409000,2167905000,891321000,,,,,,,Revenues,CostOfRevenue,GrossProfit,OperatingIncomeLoss,NetIncomeLoss,ResearchAndDevelopmentExpense,SellingGeneralAndAdministrativeExpense,EarningsPerShareDiluted,CashAndCashEquivalentsAtCarryingValue,Assets,,StockholdersEquity,AssetsCurrent,LiabilitiesCurrent,,,,,
NVDA,2009,Q3,2009-01-26,2009-10-25,2009-11-19,10-Q,ytd,0001045810-09-000036,2343957000,1605755000,738202000,-233227000.0,-199063000,692600000.0,278829000.0,-0.36,614490000,3463574000,,2423635000,2357716000,888806000,,418562000.0,,-235559000.0,13799000.0,,Revenues,CostOfRevenue,GrossProfit,OperatingIncomeLoss,NetIncomeLoss,ResearchAndDevelopmentExpense,SellingGeneralAndAdministrativeExpense,EarningsPerShareDiluted,CashAndCashEquivalentsAtCarryingValue,Assets,,StockholdersEquity,AssetsCurrent,LiabilitiesCurrent,,NetCashProvidedByUsedInOperatingActivities,,NetCashProvidedByUsedInInvestingActivities,NetCashProvidedByUsedInFinancingActivities
NVDA,2009,Q3,2009-07-27,2009-10-25,2009-11-19,10-Q,quarterly,0001045810-09-000036,903206000,511423000,391783000,107845000.0,107577000,197948000.0,85990000.0,0.19,614490000,3463574000,,2423635000,2357716000,888806000,,,,,,,Revenues,CostOfRevenue,GrossProfit,OperatingIncomeLoss,NetIncomeLoss,ResearchAndDevelopmentExpense,SellingGeneralAndAdministrativeExpense,EarningsPerShareDiluted,CashAndCashEquivalentsAtCarryingValue,Assets,,StockholdersEquity,AssetsCurrent,LiabilitiesCurrent,,,,,
NVDA,2010,FY,2009-01-26,2010-01-31,2010-03-18,10-K,annual,0001045810-10-000006,3326445000,2149522000,1176923000,-98945000.0,-67987000,908851000.0,367017000.0,-0.12,447221000,3585918000,,2665140000,2480830000,784378000,,487807000.0,,-519333000.0,61059000.0,,Revenues,CostOfRevenue,GrossProfit,OperatingIncomeLoss,NetIncomeLoss,ResearchAndDevelopmentExpense,SellingGeneralAndAdministrativeExpense,EarningsPerShareDiluted,CashAndCashEquivalentsAtCarryingValue,Assets,,StockholdersEquity,AssetsCurrent,LiabilitiesCurrent,,NetCashProvidedByUsedInOperatingActivities,,NetCashProvidedByUsedInInvestingActivities,NetCashProvidedByUsedInFinancingActivities
NVDA,2010,Q2,2010-02-01,2010-05-02,2010-05-21,10-Q,quarterly,0001045810-10-000018,1001813000,545436000,456377000,147393000.0,137594000,218105000.0,90879000.0,0.23,447262000,3803030000,,2860645000,2726980000,765293000,,-5397000.0,,-57342000.0,62780000.0,,Revenues,CostOfRevenue,GrossProfit,OperatingIncomeLoss,NetIncomeLoss,ResearchAndDevelopmentExpense,SellingGeneralAndAdministrativeExpense,EarningsPerShareDiluted,CashAndCashEquivalentsAtCarryingValue,Assets,,StockholdersEquity,AssetsCurrent,LiabilitiesCurrent,,NetCashProvidedByUsedInOperatingActivities,,NetCashProvidedByUsedInInvestingActivities,NetCashProvidedByUsedInFinancingActivities
NVDA,2010,Q3,2010-02-01,2010-08-01,2010-08-30,10-Q,ytd,0001045810-10-000029,1813021000,1222352000,590669000,-27814000.0,-3367000,428740000.0,189743000.0,-0.01,377003000,3731268000,,2760514000,2655962000,819139000,,28947000.0,,-176443000.0,77278000.0,,Revenues,CostOfRevenue,GrossProfit,OperatingIncomeLoss,NetIncomeLoss,ResearchAndDevelopmentExpense,SellingGeneralAndAdministrativeExpense,EarningsPerShareDiluted,CashAndCashEquivalentsAtCarryingValue,Assets,,StockholdersEquity,AssetsCurrent,LiabilitiesCurrent,,NetCashProvidedByUsedInOperatingActivities,,NetCashProvidedByUsedInInvestingActivities,NetCashProvidedByUsedInFinancingActivities
NVDA,2010,Q3,2010-05-03,2010-08-01,2010-08-30,10-Q,quarterly,0001045810-10-000029,811208000,676916000,134292000,-175207000.0,-140961000,210635000.0,98864000.0,-0.25,377003000,3731268000,,2760514000,2655962000,819139000,,,,,,,Revenues,CostOfRevenue,GrossProfit,OperatingIncomeLoss,NetIncomeLoss,ResearchAndDevelopmentExpense,SellingGeneralAndAdministrativeExpense,EarningsPerShareDiluted,CashAndCashEquivalentsAtCarryingValue,Assets,,StockholdersEquity,AssetsCurrent,LiabilitiesCurrent,,,,,
NVDA,2010,Q3,2010-02-01,2010-10-31,2010-12-07,10-Q,ytd,0001045810-10-000045,2656933000,1674202000,982731000,75969000.0,81495000,633267000.0,273495000.0,0.14,451174000,3915579000,,2897880000,2807702000,816489000,,241124000.0,,-340427000.0,103256000.0,,Revenues,CostOfRevenue,GrossProfit,OperatingIncomeLoss,NetIncomeLoss,ResearchAndDevelopmentExpense,SellingGeneralAndAdministrativeExpense,EarningsPerShareDiluted,CashAndCashEquivalentsAtCarryingValue,Assets,,StockholdersEquity,AssetsCurrent,LiabilitiesCurrent,,NetCashProvidedByUsedInOperatingActivities,,NetCashProvidedByUsedInInvestingActivities,NetCashProvidedByUsedInFinancingActivities
NVDA,2010,Q3,2010-08-02,2010-10-31,2010-12-07,10-Q,quarterly,0001045810-10-000045,843912000,451850000,392062000,103783000.0,84862000,204527000.0,83752000.0,0.15,451174000,3915579000,,2897880000,2807702000,816489000,,,,,,,Revenues,CostOfRevenue,GrossProfit,OperatingIncomeLoss,NetIncomeLoss,ResearchAndDevelopmentExpense,SellingGeneralAndAdministrativeExpense,EarningsPerShareDiluted,CashAndCashEquivalentsAtCarryingValue,Assets,,StockholdersEquity,AssetsCurrent,LiabilitiesCurrent,,,,,
NVDA,2010,FY,2010-02-01,2011-01-30,2011-03-16,10-K,annual,0001045810-11-000015,3543309000,2134219000,1409090000,255747000.0,253146000,848830000.0,361513000.0,0.43,665361000,4495246000,,3181462000,3226950000,942682000,,675797000.0,,-649678000.0,192021000.0,,Revenues,CostOfRevenue,GrossProfit,OperatingIncomeLoss,NetIncomeLoss,ResearchAndDevelopmentExpense,SellingGeneralAndAdministrativeExpense,EarningsPerShareDiluted,CashAndCashEquivalentsAtCarryingValue,Assets,,StockholdersEquity,AssetsCurrent,LiabilitiesCurrent,,NetCashProvidedByUsedInOperatingActivities,,NetCashProvidedByUsedInInvestingActivities,NetCashProvidedByUsedInFinancingActivities
NVDA,2010,Q4,2010-11-01,2011-01-30,2011-03-16,10-K,quarterly,0001045810-11-000015,886376000,460017000,426359000,,171651000,,,0.29,665361000,4495246000,,3181462000,3226950000,942682000,,,,,,,Revenues,CostOfRevenue,GrossProfit,,NetIncomeLoss,,,EarningsPerShareDiluted,CashAndCashEquivalentsAtCarryingValue,Assets,,StockholdersEquity,AssetsCurrent,LiabilitiesCurrent,,,,,
NVDA,2011,Q1,2011-01-31,2011-05-01,2011-05-27,10-Q,quarterly,0001045810-11-000031,962039000,477536000,484503000,154862000.0,135219000,231524000.0,98117000.0,0.22,683633000,4736744000,,3447808000,3496763000,981166000,,172200000.0,,-252506000.0,98578000.0,,Revenues,CostOfRevenue,GrossProfit,OperatingIncomeLoss,NetIncomeLoss,ResearchAndDevelopmentExpense,SellingGeneralAndAdministrativeExpense,EarningsPerShareDiluted,CashAndCashEquivalentsAtCarryingValue,Assets,,StockholdersEquity,AssetsCurrent,LiabilitiesCurrent,,NetCashProvidedByUsedInOperatingActivities,,NetCashProvidedByUsedInInvestingActivities,NetCashProvidedByUsedInFinancingActivities
NVDA,2011,Q2,2011-01-31,2011-07-31,2011-08-25,10-Q,ytd,0001045810-11-000046,1978556000,968769000,1009787000,328892000.0,286792000,479245000.0,201650000.0,0.47,532614000,4864424000,,3689469000,3317557000,960299000,,254221000.0,,-525724000.0,138756000.0,,Revenues,CostOfRevenue,GrossProfit,OperatingIncomeLoss,NetIncomeLoss,ResearchAndDevelopmentExpense,SellingGeneralAndAdministrativeExpense,EarningsPerShareDiluted,CashAndCashEquivalentsAtCarryingValue,Assets,,StockholdersEquity,AssetsCurrent,LiabilitiesCurrent,,NetCashProvidedByUsedInOperatingActivities,,NetCashProvidedByUsedInInvestingActivities,NetCashProvidedByUsedInFinancingActivities
NVDA,2011,Q2,2011-05-02,2011-07-31,2011-08-25,10-Q,quarterly,0001045810-11-000046,1016517000,491233000,525284000,174030000.0,151573000,247721000.0,103533000.0,0.25,532614000,4864424000,,3689469000,3317557000,960299000,,,,,,,Revenues,CostOfRevenue,GrossProfit,OperatingIncomeLoss,NetIncomeLoss,ResearchAndDevelopmentExpense,SellingGeneralAndAdministrativeExpense,EarningsPerShareDiluted,CashAndCashEquivalentsAtCarryingValue,Assets,,StockholdersEquity,AssetsCurrent,LiabilitiesCurrent,,,,,
NVDA,2011,Q3,2011-01-31,2011-10-30,2011-11-22,10-Q,ytd,0001045810-11-000056,3044736000,1478232000,1566504000,525982000.0,465065000,735743000.0,304779000.0,0.76,566816000,5089043000,,3973450000,3500071000,886684000,,498638000.0,,-814869000.0,217686000.0,,Revenues,CostOfRevenue,GrossProfit,OperatingIncomeLoss,NetIncomeLoss,ResearchAndDevelopmentExpense,SellingGeneralAndAdministrativeExpense,EarningsPerShareDiluted,CashAndCashEquivalentsAtCarryingValue,Assets,,StockholdersEquity,AssetsCurrent,LiabilitiesCurrent,,NetCashProvidedByUsedInOperatingActivities,,NetCashProvidedByUsedInInvestingActivities,NetCashProvidedByUsedInFinancingActivities
NVDA,2011,Q3,2011-08-01,2011-10-30,2011-11-22,10-Q,quarterly,0001045810-11-000056,1066180000,509463000,556717000,197090000.0,178273000,256498000.0,103129000.0,0.29,566816000,5089043000,,3973450000,3500071000,886684000,,,,,,,Revenues,CostOfRevenue,GrossProfit,OperatingIncomeLoss,NetIncomeLoss,ResearchAndDevelopmentExpense,SellingGeneralAndAdministrativeExpense,EarningsPerShareDiluted,CashAndCashEquivalentsAtCarryingValue,Assets,,StockholdersEquity,AssetsCurrent,LiabilitiesCurrent,,,,,
NVDA,2011,FY,2011-01-31,2012-01-29,2012-03-13,10-K,annual,0001045810-12-000013,3997930000,1941413000,2056517000,648299000.0,581090000,1002605000.0,405613000.0,0.94,667876000,5552928000,,4145724000,3905358000,929958000,,909156000.0,138735000.0,-1143364000.0,236723000.0,770421000.0,Revenues,CostOfRevenue,GrossProfit,OperatingIncomeLoss,NetIncomeLoss,ResearchAndDevelopmentExpense,SellingGeneralAndAdministrativeExpense,EarningsPerShareDiluted,CashAndCashEquivalentsAtCarryingValue,Assets,,StockholdersEquity,AssetsCurrent,LiabilitiesCurrent,,NetCashProvidedByUsedInOperatingActivities,PaymentsToAcquirePropertyPlantAndEquipment,NetCashProvidedByUsedInInvestingActivities,NetCashProvidedByUsedInFinancingActivities
NVDA,2011,Q4,2011-10-31,2012-01-29,2012-03-13,10-K,quarterly,0001045810-12-000013,953194000,463181000,490013000,,116025000,,,0.19,667876000,5552928000,,4145724000,3905358000,929958000,,,,,,,Revenues,CostOfRevenue,GrossProfit,,NetIncomeLoss,,,EarningsPerShareDiluted,CashAndCashEquivalentsAtCarryingValue,Assets,,StockholdersEquity,AssetsCurrent,LiabilitiesCurrent,,,,,
NVDA,2012,Q1,2012-01-30,2012-04-29,2012-05-23,10-Q,quarterly,0001045810-12-000027,924877000,461513000,463364000,72826000.0,60437000,283902000.0,106636000.0,0.1,369135000,5708167000,,4287428000,4032116000,947404000,,-9208000.0,28923000.0,-335054000.0,45521000.0,-38131000.0,Revenues,CostOfRevenue,GrossProfit,OperatingIncomeLoss,NetIncomeLoss,ResearchAndDevelopmentExpense,SellingGeneralAndAdministrativeExpense,EarningsPerShareDiluted,CashAndCashEquivalentsAtCarryingValue,Assets,,StockholdersEquity,AssetsCurrent,LiabilitiesCurrent,,NetCashProvidedByUsedInOperatingActivities,PaymentsToAcquirePropertyPlantAndEquipment,NetCashProvidedByUsedInInvestingActivities,NetCashProvidedByUsedInFinancingActivities
NVDA,2012,Q2,2012-01-30,2012-07-29,2012-08-22,10-Q,ytd,0001045810-12-000036,1969147000,965064000,1004083000,212449000.0,179483000,565095000.0,226539000.0,0.29,499618000,5891881000,,4453665000,4213851000,1021960000,,191678000.0,90867000.0,-419757000.0,59821000.0,100811000.0,Revenues,CostOfRevenue,GrossProfit,OperatingIncomeLoss,NetIncomeLoss,ResearchAndDevelopmentExpense,SellingGeneralAndAdministrativeExpense,EarningsPerShareDiluted,CashAndCashEquivalentsAtCarryingValue,Assets,,StockholdersEquity,AssetsCurrent,LiabilitiesCurrent,,NetCashProvidedByUsedInOperatingActivities,PaymentsToAcquirePropertyPlantAndEquipment,NetCashProvidedByUsedInInvestingActivities,NetCashProvidedByUsedInFinancingActivities
NVDA,2012,Q2,2012-04-30,2012-07-29,2012-08-22,10-Q,quarterly,0001045810-12-000036,1044270000,503551000,540719000,139623000.0,119046000,281193000.0,119903000.0,0.19,499618000,5891881000,,4453665000,4213851000,1021960000,,,,,,,Revenues,CostOfRevenue,GrossProfit,OperatingIncomeLoss,NetIncomeLoss,ResearchAndDevelopmentExpense,SellingGeneralAndAdministrativeExpense,EarningsPerShareDiluted,CashAndCashEquivalentsAtCarryingValue,Assets,,StockholdersEquity,AssetsCurrent,LiabilitiesCurrent,,,,,
NVDA,2012,Q3,2012-01-30,2012-10-28,2012-11-19,10-Q,ytd,0001045810-12-000060,3173257000,1532516000,1640741000,464666000.0,388563000,849275000.0,326800000.0,0.62,525388000,6075144000,,4722846000,4424827000,991359000,,373163000.0,135551000.0,-602556000.0,86905000.0,237612000.0,Revenues,CostOfRevenue,GrossProfit,OperatingIncomeLoss,NetIncomeLoss,ResearchAndDevelopmentExpense,SellingGeneralAndAdministrativeExpense,EarningsPerShareDiluted,CashAndCashEquivalentsAtCarryingValue,Assets,,StockholdersEquity,AssetsCurrent,LiabilitiesCurrent,,NetCashProvidedByUsedInOperatingActivities,PaymentsToAcquirePropertyPlantAndEquipment,NetCashProvidedByUsedInInvestingActivities,NetCashProvidedByUsedInFinancingActivities
NVDA,2012,Q3,2012-07-30,2012-10-28,2012-11-19,10-Q,quarterly,0001045810-12-000060,1204110000,567452000,636658000,252217000.0,209080000,284180000.0,100261000.0,0.33,525388000,6075144000,,4722846000,4424827000,991359000,,,,,,,Revenues,CostOfRevenue,GrossProfit,OperatingIncomeLoss,NetIncomeLoss,ResearchAndDevelopmentExpense,SellingGeneralAndAdministrativeExpense,EarningsPerShareDiluted,CashAndCashEquivalentsAtCarryingValue,Assets,,StockholdersEquity,AssetsCurrent,LiabilitiesCurrent,,,,,
NVDA,2012,FY,2012-01-30,2013-01-27,2013-03-12,10-K,annual,0001045810-13-000008,4280159000,2053816000,2226343000,648239000.0,562536000,1147282000.0,430822000.0,0.9,732786000,6412245000,,4827703000,4775258000,976223000,,824172000.0,,-743992000.0,-15270000.0,,Revenues,CostOfRevenue,GrossProfit,OperatingIncomeLoss,NetIncomeLoss,ResearchAndDevelopmentExpense,SellingGeneralAndAdministrativeExpense,EarningsPerShareDiluted,CashAndCashEquivalentsAtCarryingValue,Assets,,StockholdersEquity,AssetsCurrent,LiabilitiesCurrent,,NetCashProvidedByUsedInOperatingActivities,,NetCashProvidedByUsedInInvestingActivities,NetCashProvidedByUsedInFinancingActivities
NVDA,2012,Q4,2012-10-29,2013-01-27,2013-03-12,10-K,quarterly,0001045810-13-000008,1106902000,521300000,585602000,,173973000,,,0.28,732786000,6412245000,,4827703000,4775258000,976223000,,,,,,,Revenues,CostOfRevenue,GrossProfit,,NetIncomeLoss,,,EarningsPerShareDiluted,CashAndCashEquivalentsAtCarryingValue,Assets,,StockholdersEquity,AssetsCurrent,LiabilitiesCurrent,,,,,
NVDA,2013,Q1,2013-01-28,2013-04-28,2013-05-22,10-Q,quarterly,0001045810-13-000054,954739000,436171000,518568000,82781000.0,77891000,327161000.0,108626000.0,0.13,561423000,6279527000,,4824936000,4606616000,925577000,,175650000.0,65667000.0,-230786000.0,-116227000.0,109983000.0,Revenues,CostOfRevenue,GrossProfit,OperatingIncomeLoss,NetIncomeLoss,ResearchAndDevelopmentExpense,SellingGeneralAndAdministrativeExpense,EarningsPerShareDiluted,CashAndCashEquivalentsAtCarryingValue,Assets,,StockholdersEquity,AssetsCurrent,LiabilitiesCurrent,,NetCashProvidedByUsedInOperatingActivities,PaymentsToAcquirePropertyPlantAndEquipment,NetCashProvidedByUsedInInvestingActivities,NetCashProvidedByUsedInFinancingActivities
NVDA,2013,Q2,2013-01-28,2013-07-28,2013-08-21,10-Q,ytd,0001045810-13-000075,1931977000,867871000,1064106000,188315000.0,174339000,658899000.0,216892000.0,0.29,591321000,5569592000,,4172173000,3922608000,935791000,,272119000.0,150653000.0,481032000.0,-894616000.0,121466000.0,Revenues,CostOfRevenue,GrossProfit,OperatingIncomeLoss,NetIncomeLoss,ResearchAndDevelopmentExpense,SellingGeneralAndAdministrativeExpense,EarningsPerShareDiluted,CashAndCashEquivalentsAtCarryingValue,Assets,,StockholdersEquity,AssetsCurrent,LiabilitiesCurrent,,NetCashProvidedByUsedInOperatingActivities,PaymentsToAcquirePropertyPlantAndEquipment,NetCashProvidedByUsedInInvestingActivities,NetCashProvidedByUsedInFinancingActivities
NVDA,2013,Q2,2013-04-29,2013-07-28,2013-08-21,10-Q,quarterly,0001045810-13-000075,977238000,431700000,545538000,105534000.0,96448000,331738000.0,108266000.0,0.16,591321000,5569592000,,4172173000,3922608000,935791000,,,,,,,Revenues,CostOfRevenue,GrossProfit,OperatingIncomeLoss,NetIncomeLoss,ResearchAndDevelopmentExpense,SellingGeneralAndAdministrativeExpense,EarningsPerShareDiluted,CashAndCashEquivalentsAtCarryingValue,Assets,,StockholdersEquity,AssetsCurrent,LiabilitiesCurrent,,,,,
NVDA,2013,Q3,2013-01-28,2013-10-27,2013-11-19,10-Q,ytd,0001045810-13-000109,2985944000,1337423000,1648521000,329303000.0,293073000,999193000.0,320025000.0,0.49,562084000,5711373000,,4320647000,4049841000,985927000,,434434000.0,188812000.0,293659000.0,-898795000.0,245622000.0,Revenues,CostOfRevenue,GrossProfit,OperatingIncomeLoss,NetIncomeLoss,ResearchAndDevelopmentExpense,SellingGeneralAndAdministrativeExpense,EarningsPerShareDiluted,CashAndCashEquivalentsAtCarryingValue,Assets,,StockholdersEquity,AssetsCurrent,LiabilitiesCurrent,,NetCashProvidedByUsedInOperatingActivities,PaymentsToAcquirePropertyPlantAndEquipment,NetCashProvidedByUsedInInvestingActivities,NetCashProvidedByUsedInFinancingActivities
NVDA,2013,Q3,2013-07-29,2013-10-27,2013-11-19,10-Q,quarterly,0001045810-13-000109,1053967000,469552000,584415000,140988000.0,118734000,340294000.0,103133000.0,0.2,562084000,5711373000,,4320647000,4049841000,985927000,,,,,,,Revenues,CostOfRevenue,GrossProfit,OperatingIncomeLoss,NetIncomeLoss,ResearchAndDevelopmentExpense,SellingGeneralAndAdministrativeExpense,EarningsPerShareDiluted,CashAndCashEquivalentsAtCarryingValue,Assets,,StockholdersEquity,AssetsCurrent,LiabilitiesCurrent,,,,,
NVDA,2013,FY,2013-01-28,2014-01-26,2014-03-13,10-K,annual,0001045810-14-000030,4130162000,1862399000,2267763000,496227000.0,439990000,1335834000.0,435702000.0,0.74,1151587000,7250894000,,4456398000,5624711000,945496000,,835146000.0,,-805937000.0,389592000.0,,Revenues,CostOfRevenue,GrossProfit,OperatingIncomeLoss,NetIncomeLoss,ResearchAndDevelopmentExpense,SellingGeneralAndAdministrativeExpense,EarningsPerShareDiluted,CashAndCashEquivalentsAtCarryingValue,Assets,,StockholdersEquity,AssetsCurrent,LiabilitiesCurrent,,NetCashProvidedByUsedInOperatingActivities,,NetCashProvidedByUsedInInvestingActivities,NetCashProvidedByUsedInFinancingActivities
NVDA,2013,Q4,2013-10-28,2014-01-26,2014-03-13,10-K,quarterly,0001045810-14-000030,1144218000,524976000,619242000,,146917000,,,0.25,1151587000,7250894000,,4456398000,5624711000,945496000,,,,,,,Revenues,CostOfRevenue,GrossProfit,,NetIncomeLoss,,,EarningsPerShareDiluted,CashAndCashEquivalentsAtCarryingValue,Assets,,StockholdersEquity,AssetsCurrent,LiabilitiesCurrent,,,,,
NVDA,2014,Q1,2014-01-27,2014-04-27,2014-05-21,10-Q,quarterly,0001045810-14-000085,1102787000,498585000,604202000,151359000.0,136516000,334263000.0,118580000.0,0.24,509165000,6864663000,,4166985000,5273798000,897945000,,151022000.0,29068000.0,-330322000.0,-463122000.0,121954000.0,Revenues,CostOfRevenue,GrossProfit,OperatingIncomeLoss,NetIncomeLoss,ResearchAndDevelopmentExpense,SellingGeneralAndAdministrativeExpense,EarningsPerShareDiluted,CashAndCashEquivalentsAtCarryingValue,Assets,,StockholdersEquity,AssetsCurrent,LiabilitiesCurrent,,NetCashProvidedByUsedInOperatingActivities,PaymentsToAcquirePropertyPlantAndEquipment,NetCashProvidedByUsedInInvestingActivities,NetCashProvidedByUsedInFinancingActivities
NVDA,2015,Q2,2014-01-27,2014-07-27,2014-08-20,10-Q,ytd,0001045810-14-000158,2205611000,982435000,1223176000,314538000.0,264492000,671387000.0,237251000.0,0.46,515092000,6933719000,,4304786000,5377586000,868729000,,247304000.0,51595000.0,-393276000.0,-490523000.0,195709000.0,Revenues,CostOfRevenue,GrossProfit,OperatingIncomeLoss,NetIncomeLoss,ResearchAndDevelopmentExpense,SellingGeneralAndAdministrativeExpense,EarningsPerShareDiluted,CashAndCashEquivalentsAtCarryingValue,Assets,,StockholdersEquity,AssetsCurrent,LiabilitiesCurrent,,NetCashProvidedByUsedInOperatingActivities,PaymentsToAcquirePropertyPlantAndEquipment,NetCashProvidedByUsedInInvestingActivities,NetCashProvidedByUsedInFinancingActivities
NVDA,2015,Q2,2014-04-28,2014-07-27,2014-08-20,10-Q,quarterly,0001045810-14-000158,1102824000,483850000,618974000,163179000.0,127976000,337124000.0,118671000.0,0.22,515092000,6933719000,,4304786000,5377586000,868729000,,,,,,,Revenues,CostOfRevenue,GrossProfit,OperatingIncomeLoss,NetIncomeLoss,ResearchAndDevelopmentExpense,SellingGeneralAndAdministrativeExpense,EarningsPerShareDiluted,CashAndCashEquivalentsAtCarryingValue,Assets,,StockholdersEquity,AssetsCurrent,LiabilitiesCurrent,,,,,
NVDA,2015,Q3,2014-01-27,2014-10-26,2014-11-19,10-Q,ytd,0001045810-14-000188,3430993000,1531119000,1899874000,527853000.0,437459000,1011472000.0,360549000.0,0.77,394683000,6885869000,,4204593000,5341109000,933907000,,462927000.0,91336000.0,-408871000.0,-810960000.0,371591000.0,Revenues,CostOfRevenue,GrossProfit,OperatingIncomeLoss,NetIncomeLoss,ResearchAndDevelopmentExpense,SellingGeneralAndAdministrativeExpense,EarningsPerShareDiluted,CashAndCashEquivalentsAtCarryingValue,Assets,,StockholdersEquity,AssetsCurrent,LiabilitiesCurrent,,NetCashProvidedByUsedInOperatingActivities,PaymentsToAcquirePropertyPlantAndEquipment,NetCashProvidedByUsedInInvestingActivities,NetCashProvidedByUsedInFinancingActivities
NVDA,2015,Q3,2014-07-28,2014-10-26,2014-11-19,10-Q,quarterly,0001045810-14-000188,1225382000,548684000,676698000,213315000.0,172967000,340085000.0,123298000.0,0.31,394683000,6885869000,,4204593000,5341109000,933907000,,,,,,,Revenues,CostOfRevenue,GrossProfit,OperatingIncomeLoss,NetIncomeLoss,ResearchAndDevelopmentExpense,SellingGeneralAndAdministrativeExpense,EarningsPerShareDiluted,CashAndCashEquivalentsAtCarryingValue,Assets,,StockholdersEquity,AssetsCurrent,LiabilitiesCurrent,,,,,
NVDA,2015,FY,2014-01-27,2015-01-25,2015-03-12,10-K,annual,0001045810-15-000036,4681507000,2082030000,2599477000,758989000.0,630587000,1359725000.0,480763000.0,1.12,496654000,7201368000,,4417982000,5713297000,896030000,,905656000.0,,-727048000.0,-833541000.0,,Revenues,CostOfRevenue,GrossProfit,OperatingIncomeLoss,NetIncomeLoss,ResearchAndDevelopmentExpense,SellingGeneralAndAdministrativeExpense,EarningsPerShareDiluted,CashAndCashEquivalentsAtCarryingValue,Assets,,StockholdersEquity,AssetsCurrent,LiabilitiesCurrent,,NetCashProvidedByUsedInOperatingActivities,,NetCashProvidedByUsedInInvestingActivities,NetCashProvidedByUsedInFinancingActivities
NVDA,2015,Q4,2014-10-27,2015-01-25,2015-03-12,10-K,quarterly,0001045810-15-000036,1250514000,550911000,699603000,,193128000,,,0.35,496654000,7201368000,,4417982000,5713297000,896030000,,,,,,,Revenues,CostOfRevenue,GrossProfit,,NetIncomeLoss,,,EarningsPerShareDiluted,CashAndCashEquivalentsAtCarryingValue,Assets,,StockholdersEquity,AssetsCurrent,LiabilitiesCurrent,,,,,
NVDA,2016,Q1,2015-01-26,2015-04-26,2015-05-20,10-Q,quarterly,0001045810-15-000097,1151000000,498000000,653000000,176000000.0,134000000,339000000.0,138000000.0,0.24,464000000,7291000000,,4556000000,5832000000,883000000,,246000000.0,30000000.0,-235000000.0,-44000000.0,216000000.0,Revenues,CostOfRevenue,GrossProfit,OperatingIncomeLoss,NetIncomeLoss,ResearchAndDevelopmentExpense,SellingGeneralAndAdministrativeExpense,EarningsPerShareDiluted,CashAndCashEquivalentsAtCarryingValue,Assets,,StockholdersEquity,AssetsCurrent,LiabilitiesCurrent,,NetCashProvidedByUsedInOperatingActivities,PaymentsToAcquirePropertyPlantAndEquipment,NetCashProvidedByUsedInInvestingActivities,NetCashProvidedByUsedInFinancingActivities
NVDA,2016,Q2,2015-01-26,2015-07-26,2015-08-19,10-Q,ytd,0001045810-15-000143,2304000000,1018000000,1286000000,250000000.0,160000000,658000000.0,289000000.0,0.28,435000000,6979000000,,4185000000,5608000000,936000000,,409000000.0,54000000.0,12000000.0,-483000000.0,355000000.0,Revenues,CostOfRevenue,GrossProfit,OperatingIncomeLoss,NetIncomeLoss,ResearchAndDevelopmentExpense,SellingGeneralAndAdministrativeExpense,EarningsPerShareDiluted,CashAndCashEquivalentsAtCarryingValue,Assets,,StockholdersEquity,AssetsCurrent,LiabilitiesCurrent,,NetCashProvidedByUsedInOperatingActivities,PaymentsToAcquirePropertyPlantAndEquipment,NetCashProvidedByUsedInInvestingActivities,NetCashProvidedByUsedInFinancingActivities
NVDA,2016,Q2,2015-04-27,2015-07-26,2015-08-19,10-Q,quarterly,0001045810-15-000143,1153000000,519000000,634000000,76000000.0,26000000,320000000.0,149000000.0,0.05,435000000,6979000000,,4185000000,5608000000,936000000,,,,,,,Revenues,CostOfRevenue,GrossProfit,OperatingIncomeLoss,NetIncomeLoss,ResearchAndDevelopmentExpense,SellingGeneralAndAdministrativeExpense,EarningsPerShareDiluted,CashAndCashEquivalentsAtCarryingValue,Assets,,StockholdersEquity,AssetsCurrent,LiabilitiesCurrent,,,,,
NVDA,2016,Q3,2015-01-26,2015-10-25,2015-11-18,10-Q,ytd,0001045810-15-000173,3609000000,1589000000,2020000000,495000000.0,406000000,987000000.0,441000000.0,0.72,471000000,7174000000,,4465000000,5834000000,855000000,,664000000.0,71000000.0,-187000000.0,-503000000.0,593000000.0,Revenues,CostOfRevenue,GrossProfit,OperatingIncomeLoss,NetIncomeLoss,ResearchAndDevelopmentExpense,SellingGeneralAndAdministrativeExpense,EarningsPerShareDiluted,CashAndCashEquivalentsAtCarryingValue,Assets,,StockholdersEquity,AssetsCurrent,LiabilitiesCurrent,,NetCashProvidedByUsedInOperatingActivities,PaymentsToAcquirePropertyPlantAndEquipment,NetCashProvidedByUsedInInvestingActivities,NetCashProvidedByUsedInFinancingActivities
NVDA,2016,Q3,2015-07-27,2015-10-25,2015-11-18,10-Q,quarterly,0001045810-15-000173,1305000000,571000000,734000000,245000000.0,246000000,329000000.0,152000000.0,0.44,471000000,7174000000,,4465000000,5834000000,855000000,,,,,,,Revenues,CostOfRevenue,GrossProfit,OperatingIncomeLoss,NetIncomeLoss,ResearchAndDevelopmentExpense,SellingGeneralAndAdministrativeExpense,EarningsPerShareDiluted,CashAndCashEquivalentsAtCarryingValue,Assets,,StockholdersEquity,AssetsCurrent,LiabilitiesCurrent,,,,,
NVDA,2016,FY,2015-01-26,2016-01-31,2016-03-17,10-K,annual,0001045810-16-000205,5010000000,2199000000,2811000000,747000000.0,614000000,1331000000.0,602000000.0,1.08,596000000,7370000000,2814000000.0,4469000000,6053000000,2351000000,,1175000000.0,,-400000000.0,-676000000.0,,Revenues,CostOfRevenue,GrossProfit,OperatingIncomeLoss,NetIncomeLoss,ResearchAndDevelopmentExpense,SellingGeneralAndAdministrativeExpense,EarningsPerShareDiluted,CashAndCashEquivalentsAtCarryingValue,Assets,Liabilities,StockholdersEquity,AssetsCurrent,LiabilitiesCurrent,,NetCashProvidedByUsedInOperatingActivities,,NetCashProvidedByUsedInInvestingActivities,NetCashProvidedByUsedInFinancingActivities
NVDA,2016,Q4,2015-10-26,2016-01-31,2016-03-17,10-K,quarterly,0001045810-16-000205,1401000000,610000000,791000000,,207000000,,,0.35,596000000,7370000000,2814000000.0,4469000000,6053000000,2351000000,,,,,,,Revenues,CostOfRevenue,GrossProfit,,NetIncomeLoss,,,EarningsPerShareDiluted,CashAndCashEquivalentsAtCarryingValue,Assets,Liabilities,StockholdersEquity,AssetsCurrent,LiabilitiesCurrent,,,,,
NVDA,2017,Q1,2016-02-01,2016-05-01,2016-05-25,10-Q,quarterly,0001045810-16-000275,1305000000,554000000,751000000,245000000.0,196000000,346000000.0,159000000.0,0.33,547000000,7108000000,2833000000.0,4196000000,5790000000,2377000000,,309000000.0,55000000.0,176000000.0,-534000000.0,254000000.0,Revenues,CostOfRevenue,GrossProfit,OperatingIncomeLoss,NetIncomeLoss,ResearchAndDevelopmentExpense,SellingGeneralAndAdministrativeExpense,EarningsPerShareDiluted,CashAndCashEquivalentsAtCarryingValue,Assets,Liabilities,StockholdersEquity,AssetsCurrent,LiabilitiesCurrent,,NetCashProvidedByUsedInOperatingActivities,PaymentsToAcquirePropertyPlantAndEquipment,NetCashProvidedByUsedInInvestingActivities,NetCashProvidedByUsedInFinancingActivities
NVDA,2017,Q2,2016-02-01,2016-07-31,2016-08-23,10-Q,ytd,0001045810-16-000300,2733000000,1156000000,1577000000,561000000.0,449000000,697000000.0,316000000.0,0.73,426000000,7461000000,2909000000.0,4480000000,6156000000,2407000000,,493000000.0,87000000.0,-93000000.0,-570000000.0,406000000.0,Revenues,CostOfRevenue,GrossProfit,OperatingIncomeLoss,NetIncomeLoss,ResearchAndDevelopmentExpense,SellingGeneralAndAdministrativeExpense,EarningsPerShareDiluted,CashAndCashEquivalentsAtCarryingValue,Assets,Liabilities,StockholdersEquity,AssetsCurrent,LiabilitiesCurrent,,NetCashProvidedByUsedInOperatingActivities,PaymentsToAcquirePropertyPlantAndEquipment,NetCashProvidedByUsedInInvestingActivities,NetCashProvidedByUsedInFinancingActivities
NVDA,2017,Q2,2016-05-02,2016-07-31,2016-08-23,10-Q,quarterly,0001045810-16-000300,1428000000,602000000,826000000,317000000.0,253000000,350000000.0,157000000.0,0.4,426000000,7461000000,2909000000.0,4480000000,6156000000,2407000000,,,,,,,Revenues,CostOfRevenue,GrossProfit,OperatingIncomeLoss,NetIncomeLoss,ResearchAndDevelopmentExpense,SellingGeneralAndAdministrativeExpense,EarningsPerShareDiluted,CashAndCashEquivalentsAtCarryingValue,Assets,Liabilities,StockholdersEquity,AssetsCurrent,LiabilitiesCurrent,,,,,
NVDA,2017,Q3,2016-02-01,2016-10-30,2016-11-22,10-Q,ytd,0001045810-16-000353,4737000000,1977000000,2760000000,1201000000.0,1012000000,1069000000.0,487000000.0,1.59,1940000000,9612000000,4243000000.0,5324000000,8307000000,2041000000,,951000000.0,125000000.0,-420000000.0,813000000.0,826000000.0,Revenues,CostOfRevenue,GrossProfit,OperatingIncomeLoss,NetIncomeLoss,ResearchAndDevelopmentExpense,SellingGeneralAndAdministrativeExpense,EarningsPerShareDiluted,CashAndCashEquivalentsAtCarryingValue,Assets,Liabilities,StockholdersEquity,AssetsCurrent,LiabilitiesCurrent,,NetCashProvidedByUsedInOperatingActivities,PaymentsToAcquirePropertyPlantAndEquipment,NetCashProvidedByUsedInInvestingActivities,NetCashProvidedByUsedInFinancingActivities
NVDA,2017,Q3,2016-08-01,2016-10-30,2016-11-22,10-Q,quarterly,0001045810-16-000353,2004000000,821000000,1183000000,639000000.0,542000000,373000000.0,171000000.0,0.83,1940000000,9612000000,4243000000.0,5324000000,8307000000,2041000000,,,,,,,Revenues,CostOfRevenue,GrossProfit,OperatingIncomeLoss,NetIncomeLoss,ResearchAndDevelopmentExpense,SellingGeneralAndAdministrativeExpense,EarningsPerShareDiluted,CashAndCashEquivalentsAtCarryingValue,Assets,Liabilities,StockholdersEquity,AssetsCurrent,LiabilitiesCurrent,,,,,
NVDA,2017,FY,2016-02-01,2017-01-29,2017-03-01,10-K,annual,0001045810-17-000027,6910000000,2847000000,4063000000,1934000000.0,1666000000,1463000000.0,663000000.0,2.57,1766000000,9841000000,4048000000.0,5762000000,8536000000,1788000000,,1672000000.0,,-793000000.0,291000000.0,,Revenues,CostOfRevenue,GrossProfit,OperatingIncomeLoss,NetIncomeLoss,ResearchAndDevelopmentExpense,SellingGeneralAndAdministrativeExpense,EarningsPerShareDiluted,CashAndCashEquivalentsAtCarryingValue,Assets,Liabilities,StockholdersEquity,AssetsCurrent,LiabilitiesCurrent,,NetCashProvidedByUsedInOperatingActivities,,NetCashProvidedByUsedInInvestingActivities,NetCashProvidedByUsedInFinancingActivities
NVDA,2017,Q4,2016-10-31,2017-01-29,2017-03-01,10-K,quarterly,0001045810-17-000027,2173000000,870000000,1303000000,,655000000,,,0.99,1766000000,9841000000,4048000000.0,5762000000,8536000000,1788000000,,,,,,,Revenues,CostOfRevenue,GrossProfit,,NetIncomeLoss,,,EarningsPerShareDiluted,CashAndCashEquivalentsAtCarryingValue,Assets,Liabilities,StockholdersEquity,AssetsCurrent,LiabilitiesCurrent,,,,,
NVDA,2018,Q1,2017-01-30,2017-04-30,2017-05-23,10-Q,quarterly,0001045810-17-000075,1937000000,787000000,1150000000,554000000.0,507000000,411000000.0,185000000.0,0.79,1989000000,9410000000,3271000000.0,6132000000,8116000000,983000000,,282000000.0,54000000.0,754000000.0,-813000000.0,228000000.0,Revenues,CostOfRevenue,GrossProfit,OperatingIncomeLoss,NetIncomeLoss,ResearchAndDevelopmentExpense,SellingGeneralAndAdministrativeExpense,EarningsPerShareDiluted,CashAndCashEquivalentsAtCarryingValue,Assets,Liabilities,StockholdersEquity,AssetsCurrent,LiabilitiesCurrent,,NetCashProvidedByUsedInOperatingActivities,PaymentsToAcquirePropertyPlantAndEquipment,NetCashProvidedByUsedInInvestingActivities,NetCashProvidedByUsedInFinancingActivities
NVDA,2018,Q2,2017-01-30,2017-07-30,2017-08-23,10-Q,ytd,0001045810-17-000123,4167000000,1715000000,2452000000,1242000000.0,1091000000,827000000.0,383000000.0,1.71,1988000000,9402000000,3427000000.0,5973000000,8070000000,1032000000,,987000000.0,108000000.0,1016000000.0,-1781000000.0,879000000.0,Revenues,CostOfRevenue,GrossProfit,OperatingIncomeLoss,NetIncomeLoss,ResearchAndDevelopmentExpense,SellingGeneralAndAdministrativeExpense,EarningsPerShareDiluted,CashAndCashEquivalentsAtCarryingValue,Assets,Liabilities,StockholdersEquity,AssetsCurrent,LiabilitiesCurrent,,NetCashProvidedByUsedInOperatingActivities,PaymentsToAcquirePropertyPlantAndEquipment,NetCashProvidedByUsedInInvestingActivities,NetCashProvidedByUsedInFinancingActivities
NVDA,2018,Q2,2017-05-01,2017-07-30,2017-08-23,10-Q,quarterly,0001045810-17-000123,2230000000,928000000,1302000000,688000000.0,583000000,416000000.0,198000000.0,0.92,1988000000,9402000000,3427000000.0,5973000000,8070000000,1032000000,,,,,,,Revenues,CostOfRevenue,GrossProfit,OperatingIncomeLoss,NetIncomeLoss,ResearchAndDevelopmentExpense,SellingGeneralAndAdministrativeExpense,EarningsPerShareDiluted,CashAndCashEquivalentsAtCarryingValue,Assets,Liabilities,StockholdersEquity,AssetsCurrent,LiabilitiesCurrent,,,,,
NVDA,2018,Q3,2017-01-30,2017-10-29,2017-11-21,10-Q,ytd,0001045810-17-000172,6803000000,2782000000,4021000000,2137000000.0,1928000000,1290000000.0,594000000.0,3.05,2802000000,9830000000,3477000000.0,6352000000,8479000000,1027000000,,2144000000.0,177000000.0,1302000000.0,-2410000000.0,1967000000.0,Revenues,CostOfRevenue,GrossProfit,OperatingIncomeLoss,NetIncomeLoss,ResearchAndDevelopmentExpense,SellingGeneralAndAdministrativeExpense,EarningsPerShareDiluted,CashAndCashEquivalentsAtCarryingValue,Assets,Liabilities,StockholdersEquity,AssetsCurrent,LiabilitiesCurrent,,NetCashProvidedByUsedInOperatingActivities,PaymentsToAcquirePropertyPlantAndEquipment,NetCashProvidedByUsedInInvestingActivities,NetCashProvidedByUsedInFinancingActivities
NVDA,2018,Q3,2017-07-31,2017-10-29,2017-11-21,10-Q,quarterly,0001045810-17-000172,2636000000,1067000000,1569000000,895000000.0,838000000,462000000.0,212000000.0,1.33,2802000000,9830000000,3477000000.0,6352000000,8479000000,1027000000,,,,,,,Revenues,CostOfRevenue,GrossProfit,OperatingIncomeLoss,NetIncomeLoss,ResearchAndDevelopmentExpense,SellingGeneralAndAdministrativeExpense,EarningsPerShareDiluted,CashAndCashEquivalentsAtCarryingValue,Assets,Liabilities,StockholdersEquity,AssetsCurrent,LiabilitiesCurrent,,,,,
NVDA,2018,FY,2017-01-30,2018-01-28,2018-02-28,10-K,annual,0001045810-18-000010,9714000000,3892000000,5822000000,3210000000.0,3047000000,1797000000.0,815000000.0,4.82,4002000000,11241000000,3770000000.0,7471000000,9255000000,1153000000,,3502000000.0,,1278000000.0,-2544000000.0,,Revenues,CostOfRevenue,GrossProfit,OperatingIncomeLoss,NetIncomeLoss,ResearchAndDevelopmentExpense,SellingGeneralAndAdministrativeExpense,EarningsPerShareDiluted,CashAndCashEquivalentsAtCarryingValue,Assets,Liabilities,StockholdersEquity,AssetsCurrent,LiabilitiesCurrent,,NetCashProvidedByUsedInOperatingActivities,,NetCashProvidedByUsedInInvestingActivities,NetCashProvidedByUsedInFinancingActivities
NVDA,2018,Q4,2017-10-30,2018-01-28,2018-02-28,10-K,quarterly,0001045810-18-000010,2911000000,1110000000,1801000000,,1118000000,,,1.78,4002000000,11241000000,3770000000.0,7471000000,9255000000,1153000000,,,,,,,Revenues,CostOfRevenue,GrossProfit,,NetIncomeLoss,,,EarningsPerShareDiluted,CashAndCashEquivalentsAtCarryingValue,Assets,Liabilities,StockholdersEquity,AssetsCurrent,LiabilitiesCurrent,,,,,
NVDA,2019,Q1,2018-01-29,2018-04-29,2018-05-22,10-Q,quarterly,0001045810-18-000080,3207000000,1139000000,2068000000,1295000000.0,1244000000,542000000.0,231000000.0,1.98,765000000,11460000000,3743000000.0,7717000000,9448000000,1106000000,,1445000000.0,118000000.0,-3551000000.0,-1131000000.0,1327000000.0,Revenues,CostOfRevenue,GrossProfit,OperatingIncomeLoss,NetIncomeLoss,ResearchAndDevelopmentExpense,SellingGeneralAndAdministrativeExpense,EarningsPerShareDiluted,CashAndCashEquivalentsAtCarryingValue,Assets,Liabilities,StockholdersEquity,AssetsCurrent,LiabilitiesCurrent,,NetCashProvidedByUsedInOperatingActivities,PaymentsToAcquirePropertyPlantAndEquipment,NetCashProvidedByUsedInInvestingActivities,NetCashProvidedByUsedInFinancingActivities
NVDA,2019,Q2,2018-01-29,2018-07-29,2018-08-16,10-Q,ytd,0001045810-18-000114,6330000000,2287000000,4043000000,2452000000.0,2345000000,1124000000.0,467000000.0,3.74,718000000,12882000000,4087000000.0,8795000000,10831000000,1462000000,,2358000000.0,247000000.0,-4356000000.0,-1286000000.0,2111000000.0,Revenues,CostOfRevenue,GrossProfit,OperatingIncomeLoss,NetIncomeLoss,ResearchAndDevelopmentExpense,SellingGeneralAndAdministrativeExpense,EarningsPerShareDiluted,CashAndCashEquivalentsAtCarryingValue,Assets,Liabilities,StockholdersEquity,AssetsCurrent,LiabilitiesCurrent,,NetCashProvidedByUsedInOperatingActivities,PaymentsToAcquirePropertyPlantAndEquipment,NetCashProvidedByUsedInInvestingActivities,NetCashProvidedByUsedInFinancingActivities
NVDA,2019,Q2,2018-04-30,2018-07-29,2018-08-16,10-Q,quarterly,0001045810-18-000114,3123000000,1148000000,1975000000,1157000000.0,1101000000,581000000.0,237000000.0,1.76,718000000,12882000000,4087000000.0,8795000000,10831000000,1462000000,,,,,,,Revenues,CostOfRevenue,GrossProfit,OperatingIncomeLoss,NetIncomeLoss,ResearchAndDevelopmentExpense,SellingGeneralAndAdministrativeExpense,EarningsPerShareDiluted,CashAndCashEquivalentsAtCarryingValue,Assets,Liabilities,StockholdersEquity,AssetsCurrent,LiabilitiesCurrent,,,,,
NVDA,2019,Q3,2018-01-29,2018-10-28,2018-11-15,10-Q,ytd,0001045810-18-000150,9511000000,3547000000,5964000000,3510000000.0,3575000000,1729000000.0,725000000.0,5.71,721000000,13657000000,4182000000.0,9475000000,11386000000,1608000000,,2845000000.0,397000000.0,-4137000000.0,-1989000000.0,2448000000.0,Revenues,CostOfRevenue,GrossProfit,OperatingIncomeLoss,NetIncomeLoss,ResearchAndDevelopmentExpense,SellingGeneralAndAdministrativeExpense,EarningsPerShareDiluted,CashAndCashEquivalentsAtCarryingValue,Assets,Liabilities,StockholdersEquity,AssetsCurrent,LiabilitiesCurrent,,NetCashProvidedByUsedInOperatingActivities,PaymentsToAcquirePropertyPlantAndEquipment,NetCashProvidedByUsedInInvestingActivities,NetCashProvidedByUsedInFinancingActivities
NVDA,2019,Q3,2018-07-30,2018-10-28,2018-11-15,10-Q,quarterly,0001045810-18-000150,3181000000,1260000000,1921000000,1058000000.0,1230000000,605000000.0,258000000.0,1.97,721000000,13657000000,4182000000.0,9475000000,11386000000,1608000000,,,,,,,Revenues,CostOfRevenue,GrossProfit,OperatingIncomeLoss,NetIncomeLoss,ResearchAndDevelopmentExpense,SellingGeneralAndAdministrativeExpense,EarningsPerShareDiluted,CashAndCashEquivalentsAtCarryingValue,Assets,Liabilities,StockholdersEquity,AssetsCurrent,LiabilitiesCurrent,,,,,
NVDA,2019,FY,2018-01-29,2019-01-27,2019-02-21,10-K,annual,0001045810-19-000023,11716000000,4545000000,7171000000,3804000000.0,4141000000,2376000000.0,991000000.0,6.63,782000000,13292000000,3950000000.0,9342000000,10557000000,1329000000,,3743000000.0,,-4097000000.0,-2866000000.0,,RevenueFromContractWithCustomerExcludingAssessedTax,CostOfGoodsAndServicesSold,GrossProfit,OperatingIncomeLoss,NetIncomeLoss,ResearchAndDevelopmentExpense,SellingGeneralAndAdministrativeExpense,EarningsPerShareDiluted,CashAndCashEquivalentsAtCarryingValue,Assets,Liabilities,StockholdersEquity,AssetsCurrent,LiabilitiesCurrent,,NetCashProvidedByUsedInOperatingActivities,,NetCashProvidedByUsedInInvestingActivities,NetCashProvidedByUsedInFinancingActivities
NVDA,2019,Q4,2018-10-29,2019-01-27,2019-02-21,10-K,quarterly,0001045810-19-000023,2205000000,998000000,1207000000,,567000000,,,0.92,782000000,13292000000,3950000000.0,9342000000,10557000000,1329000000,,,,,,,RevenueFromContractWithCustomerExcludingAssessedTax,CostOfGoodsAndServicesSold,GrossProfit,,NetIncomeLoss,,,EarningsPerShareDiluted,CashAndCashEquivalentsAtCarryingValue,Assets,Liabilities,StockholdersEquity,AssetsCurrent,LiabilitiesCurrent,,,,,
NVDA,2020,Q1,2019-01-28,2019-04-28,2019-05-16,10-Q,quarterly,0001045810-19-000079,2220000000,924000000,1296000000,358000000.0,394000000,674000000.0,264000000.0,0.64,2772000000,14021000000,4317000000.0,9704000000,10629000000,1183000000,,720000000.0,128000000.0,1495000000.0,-225000000.0,592000000.0,Revenues,CostOfRevenue,GrossProfit,OperatingIncomeLoss,NetIncomeLoss,ResearchAndDevelopmentExpense,SellingGeneralAndAdministrativeExpense,EarningsPerShareDiluted,CashAndCashEquivalentsAtCarryingValue,Assets,Liabilities,StockholdersEquity,AssetsCurrent,LiabilitiesCurrent,,NetCashProvidedByUsedInOperatingActivities,PaymentsToAcquirePropertyPlantAndEquipment,NetCashProvidedByUsedInInvestingActivities,NetCashProvidedByUsedInFinancingActivities
NVDA,2020,Q2,2019-01-28,2019-07-28,2019-08-15,10-Q,ytd,0001045810-19-000144,4799000000,1962000000,2837000000,929000000.0,947000000,1379000000.0,529000000.0,1.54,7105000000,14775000000,4439000000.0,10336000000,11391000000,1317000000,,1656000000.0,241000000.0,5040000000.0,-373000000.0,1415000000.0,Revenues,CostOfRevenue,GrossProfit,OperatingIncomeLoss,NetIncomeLoss,ResearchAndDevelopmentExpense,SellingGeneralAndAdministrativeExpense,EarningsPerShareDiluted,CashAndCashEquivalentsAtCarryingValue,Assets,Liabilities,StockholdersEquity,AssetsCurrent,LiabilitiesCurrent,,NetCashProvidedByUsedInOperatingActivities,PaymentsToAcquirePropertyPlantAndEquipment,NetCashProvidedByUsedInInvestingActivities,NetCashProvidedByUsedInFinancingActivities
NVDA,2020,Q2,2019-04-29,2019-07-28,2019-08-15,10-Q,quarterly,0001045810-19-000144,2579000000,1038000000,1541000000,571000000.0,552000000,704000000.0,266000000.0,0.9,7105000000,14775000000,4439000000.0,10336000000,11391000000,1317000000,,,,,,,Revenues,CostOfRevenue,GrossProfit,OperatingIncomeLoss,NetIncomeLoss,ResearchAndDevelopmentExpense,SellingGeneralAndAdministrativeExpense,EarningsPerShareDiluted,CashAndCashEquivalentsAtCarryingValue,Assets,Liabilities,StockholdersEquity,AssetsCurrent,LiabilitiesCurrent,,,,,
NVDA,2020,Q3,2019-01-28,2019-10-27,2019-11-14,10-Q,ytd,0001045810-19-000170,7813000000,3060000000,4753000000,1856000000.0,1845000000,2091000000.0,806000000.0,2.99,9765000000,15810000000,4596000000.0,11214000000,12420000000,1475000000,,3296000000.0,344000000.0,6296000000.0,-609000000.0,2952000000.0,Revenues,CostOfRevenue,GrossProfit,OperatingIncomeLoss,NetIncomeLoss,ResearchAndDevelopmentExpense,SellingGeneralAndAdministrativeExpense,EarningsPerShareDiluted,CashAndCashEquivalentsAtCarryingValue,Assets,Liabilities,StockholdersEquity,AssetsCurrent,LiabilitiesCurrent,,NetCashProvidedByUsedInOperatingActivities,PaymentsToAcquirePropertyPlantAndEquipment,NetCashProvidedByUsedInInvestingActivities,NetCashProvidedByUsedInFinancingActivities
NVDA,2020,Q3,2019-07-29,2019-10-27,2019-11-14,10-Q,quarterly,0001045810-19-000170,3014000000,1098000000,1916000000,927000000.0,899000000,712000000.0,277000000.0,1.45,9765000000,15810000000,4596000000.0,11214000000,12420000000,1475000000,,,,,,,Revenues,CostOfRevenue,GrossProfit,OperatingIncomeLoss,NetIncomeLoss,ResearchAndDevelopmentExpense,SellingGeneralAndAdministrativeExpense,EarningsPerShareDiluted,CashAndCashEquivalentsAtCarryingValue,Assets,Liabilities,StockholdersEquity,AssetsCurrent,LiabilitiesCurrent,,,,,
NVDA,2020,FY,2019-01-28,2020-01-26,2020-02-20,10-K,annual,0001045810-20-000010,10918000000,4150000000,6768000000,2846000000.0,2796000000,2829000000.0,1093000000.0,4.52,10896000000,17315000000,5111000000.0,12204000000,13690000000,1784000000,,4761000000.0,,6145000000.0,-792000000.0,,RevenueFromContractWithCustomerExcludingAssessedTax,CostOfGoodsAndServicesSold,GrossProfit,OperatingIncomeLoss,NetIncomeLoss,ResearchAndDevelopmentExpense,SellingGeneralAndAdministrativeExpense,EarningsPerShareDiluted,CashAndCashEquivalentsAtCarryingValue,Assets,Liabilities,StockholdersEquity,AssetsCurrent,LiabilitiesCurrent,,NetCashProvidedByUsedInOperatingActivities,,NetCashProvidedByUsedInInvestingActivities,NetCashProvidedByUsedInFinancingActivities
NVDA,2020,Q4,2019-10-28,2020-01-26,2020-02-20,10-K,quarterly,0001045810-20-000010,3105000000,1090000000,2015000000,,950000000,,,1.53,10896000000,17315000000,5111000000.0,12204000000,13690000000,1784000000,,,,,,,RevenueFromContractWithCustomerExcludingAssessedTax,CostOfGoodsAndServicesSold,GrossProfit,,NetIncomeLoss,,,EarningsPerShareDiluted,CashAndCashEquivalentsAtCarryingValue,Assets,Liabilities,StockholdersEquity,AssetsCurrent,LiabilitiesCurrent,,,,,
NVDA,2020,Q1,2020-01-27,2020-04-26,2020-05-21,10-Q,quarterly,0001045810-20-000065,3080000000,1076000000,2004000000,976000000.0,917000000,735000000.0,293000000.0,1.47,15494000000,23254000000,10155000000.0,13099000000,19584000000,1903000000,,909000000.0,155000000.0,-1055000000.0,4744000000.0,754000000.0,Revenues,CostOfRevenue,GrossProfit,OperatingIncomeLoss,NetIncomeLoss,ResearchAndDevelopmentExpense,SellingGeneralAndAdministrativeExpense,EarningsPerShareDiluted,CashAndCashEquivalentsAtCarryingValue,Assets,Liabilities,StockholdersEquity,AssetsCurrent,LiabilitiesCurrent,,NetCashProvidedByUsedInOperatingActivities,PaymentsToAcquirePropertyPlantAndEquipment,NetCashProvidedByUsedInInvestingActivities,NetCashProvidedByUsedInFinancingActivities
NVDA,2020,Q2,2020-01-27,2020-07-26,2020-08-19,10-Q,ytd,0001045810-20-000147,6946000000,2667000000,4279000000,1627000000.0,1539000000,1732000000.0,920000000.0,2.47,3274000000,25180000000,11266000000.0,13914000000,14681000000,2410000000,,2476000000.0,372000000.0,-14545000000.0,4447000000.0,2104000000.0,Revenues,CostOfRevenue,GrossProfit,OperatingIncomeLoss,NetIncomeLoss,ResearchAndDevelopmentExpense,SellingGeneralAndAdministrativeExpense,EarningsPerShareDiluted,CashAndCashEquivalentsAtCarryingValue,Assets,Liabilities,StockholdersEquity,AssetsCurrent,LiabilitiesCurrent,,NetCashProvidedByUsedInOperatingActivities,PaymentsToAcquirePropertyPlantAndEquipment,NetCashProvidedByUsedInInvestingActivities,NetCashProvidedByUsedInFinancingActivities
NVDA,2020,Q2,2020-04-27,2020-07-26,2020-08-19,10-Q,quarterly,0001045810-20-000147,3866000000,1591000000,2275000000,651000000.0,622000000,997000000.0,627000000.0,0.99,3274000000,25180000000,11266000000.0,13914000000,14681000000,2410000000,,,,,,,Revenues,CostOfRevenue,GrossProfit,OperatingIncomeLoss,NetIncomeLoss,ResearchAndDevelopmentExpense,SellingGeneralAndAdministrativeExpense,EarningsPerShareDiluted,CashAndCashEquivalentsAtCarryingValue,Assets,Liabilities,StockholdersEquity,AssetsCurrent,LiabilitiesCurrent,,,,,
NVDA,2021,Q3,2020-01-27,2020-10-25,2020-11-18,10-Q,ytd,0001045810-20-000189,11672000000,4432000000,7240000000,3025000000.0,2875000000,2778000000.0,1437000000.0,4.59,2251000000,26881000000,11547000000.0,15334000000,14393000000,3669000000,5963000000.0,3755000000.0,,-16546000000.0,4146000000.0,,Revenues,CostOfRevenue,GrossProfit,OperatingIncomeLoss,NetIncomeLoss,ResearchAndDevelopmentExpense,SellingGeneralAndAdministrativeExpense,EarningsPerShareDiluted,CashAndCashEquivalentsAtCarryingValue,Assets,Liabilities,StockholdersEquity,AssetsCurrent,LiabilitiesCurrent,LongTermDebtNoncurrent,NetCashProvidedByUsedInOperatingActivities,,NetCashProvidedByUsedInInvestingActivities,NetCashProvidedByUsedInFinancingActivities
NVDA,2021,Q3,2020-07-27,2020-10-25,2020-11-18,10-Q,quarterly,0001045810-20-000189,4726000000,1766000000,2960000000,1398000000.0,1336000000,1047000000.0,515000000.0,2.12,2251000000,26881000000,11547000000.0,15334000000,14393000000,3669000000,5963000000.0,,,,,,Revenues,CostOfRevenue,GrossProfit,OperatingIncomeLoss,NetIncomeLoss,ResearchAndDevelopmentExpense,SellingGeneralAndAdministrativeExpense,EarningsPerShareDiluted,CashAndCashEquivalentsAtCarryingValue,Assets,Liabilities,StockholdersEquity,AssetsCurrent,LiabilitiesCurrent,LongTermDebtNoncurrent,,,,
NVDA,2021,FY,2020-01-27,2021-01-31,2021-02-26,10-K,annual,0001045810-21-000010,16675000000,6279000000,10396000000,4532000000.0,4332000000,3924000000.0,1940000000.0,6.9,847000000,28791000000,11898000000.0,16893000000,16055000000,3925000000,5964000000.0,5822000000.0,,-19675000000.0,3804000000.0,,RevenueFromContractWithCustomerExcludingAssessedTax,CostOfGoodsAndServicesSold,GrossProfit,OperatingIncomeLoss,NetIncomeLoss,ResearchAndDevelopmentExpense,SellingGeneralAndAdministrativeExpense,EarningsPerShareDiluted,CashAndCashEquivalentsAtCarryingValue,Assets,Liabilities,StockholdersEquity,AssetsCurrent,LiabilitiesCurrent,LongTermDebtNoncurrent,NetCashProvidedByUsedInOperatingActivities,,NetCashProvidedByUsedInInvestingActivities,NetCashProvidedByUsedInFinancingActivities
NVDA,2022,Q1,2021-02-01,2021-05-02,2021-05-26,10-Q,quarterly,0001045810-21-000064,5661000000,2032000000,3629000000,1956000000.0,1912000000,1153000000.0,520000000.0,3.03,978000000,30796000000,12022000000.0,18774000000,18127000000,4004000000,5964000000.0,1874000000.0,,-1272000000.0,-471000000.0,,Revenues,CostOfRevenue,GrossProfit,OperatingIncomeLoss,NetIncomeLoss,ResearchAndDevelopmentExpense,SellingGeneralAndAdministrativeExpense,EarningsPerShareDiluted,CashAndCashEquivalentsAtCarryingValue,Assets,Liabilities,StockholdersEquity,AssetsCurrent,LiabilitiesCurrent,LongTermDebtNoncurrent,NetCashProvidedByUsedInOperatingActivities,,NetCashProvidedByUsedInInvestingActivities,NetCashProvidedByUsedInFinancingActivities
NVDA,2022,Q2,2021-02-01,2021-08-01,2021-08-20,10-Q,ytd,0001045810-21-000131,12168000000,4324000000,7844000000,4400000000.0,4285000000,2398000000.0,1046000000.0,1.69,5628000000,38650000000,17503000000.0,21147000000,25806000000,4448000000,10943000000.0,4556000000.0,,-3805000000.0,4030000000.0,,Revenues,CostOfRevenue,GrossProfit,OperatingIncomeLoss,NetIncomeLoss,ResearchAndDevelopmentExpense,SellingGeneralAndAdministrativeExpense,EarningsPerShareDiluted,CashAndCashEquivalentsAtCarryingValue,Assets,Liabilities,StockholdersEquity,AssetsCurrent,LiabilitiesCurrent,LongTermDebtNoncurrent,NetCashProvidedByUsedInOperatingActivities,,NetCashProvidedByUsedInInvestingActivities,NetCashProvidedByUsedInFinancingActivities
NVDA,2022,Q2,2021-05-03,2021-08-01,2021-08-20,10-Q,quarterly,0001045810-21-000131,6507000000,2292000000,4215000000,2444000000.0,2374000000,1245000000.0,526000000.0,0.94,5628000000,38650000000,17503000000.0,21147000000,25806000000,4448000000,10943000000.0,,,,,,Revenues,CostOfRevenue,GrossProfit,OperatingIncomeLoss,NetIncomeLoss,ResearchAndDevelopmentExpense,SellingGeneralAndAdministrativeExpense,EarningsPerShareDiluted,CashAndCashEquivalentsAtCarryingValue,Assets,Liabilities,StockholdersEquity,AssetsCurrent,LiabilitiesCurrent,LongTermDebtNoncurrent,,,,
NVDA,2022,Q3,2021-02-01,2021-10-31,2021-11-22,10-Q,ytd,0001045810-21-000163,19271000000,6795000000,12476000000,7071000000.0,6749000000,3802000000.0,1603000000.0,2.67,1288000000,40632000000,16834000000.0,23798000000,25806000000,3612000000,10944000000.0,6075000000.0,,-8244000000.0,2610000000.0,,Revenues,CostOfRevenue,GrossProfit,OperatingIncomeLoss,NetIncomeLoss,ResearchAndDevelopmentExpense,SellingGeneralAndAdministrativeExpense,EarningsPerShareDiluted,CashAndCashEquivalentsAtCarryingValue,Assets,Liabilities,StockholdersEquity,AssetsCurrent,LiabilitiesCurrent,LongTermDebtNoncurrent,NetCashProvidedByUsedInOperatingActivities,,NetCashProvidedByUsedInInvestingActivities,NetCashProvidedByUsedInFinancingActivities
NVDA,2022,Q3,2021-08-02,2021-10-31,2021-11-22,10-Q,quarterly,0001045810-21-000163,7103000000,2472000000,4631000000,2671000000.0,2464000000,1403000000.0,557000000.0,0.97,1288000000,40632000000,16834000000.0,23798000000,25806000000,3612000000,10944000000.0,,,,,,Revenues,CostOfRevenue,GrossProfit,OperatingIncomeLoss,NetIncomeLoss,ResearchAndDevelopmentExpense,SellingGeneralAndAdministrativeExpense,EarningsPerShareDiluted,CashAndCashEquivalentsAtCarryingValue,Assets,Liabilities,StockholdersEquity,AssetsCurrent,LiabilitiesCurrent,LongTermDebtNoncurrent,,,,
NVDA,2022,FY,2021-02-01,2022-01-30,2022-03-18,10-K,annual,0001045810-22-000036,26914000000,9439000000,17475000000,10041000000.0,9752000000,5268000000.0,2166000000.0,3.85,1990000000,44187000000,17575000000.0,26612000000,28829000000,4335000000,10946000000.0,9108000000.0,,-9830000000.0,1865000000.0,,RevenueFromContractWithCustomerExcludingAssessedTax,CostOfRevenue,GrossProfit,OperatingIncomeLoss,NetIncomeLoss,ResearchAndDevelopmentExpense,SellingGeneralAndAdministrativeExpense,EarningsPerShareDiluted,CashAndCashEquivalentsAtCarryingValue,Assets,Liabilities,StockholdersEquity,AssetsCurrent,LiabilitiesCurrent,LongTermDebtNoncurrent,NetCashProvidedByUsedInOperatingActivities,,NetCashProvidedByUsedInInvestingActivities,NetCashProvidedByUsedInFinancingActivities
NVDA,2023,Q1,2022-01-31,2022-05-01,2022-05-27,10-Q,quarterly,0001045810-22-000079,8288000000,2857000000,5431000000,1868000000.0,1618000000,1618000000.0,592000000.0,0.64,3887000000,45212000000,18892000000.0,26320000000,29575000000,5562000000,10947000000.0,1731000000.0,,2612000000.0,-2446000000.0,,Revenues,CostOfRevenue,GrossProfit,OperatingIncomeLoss,NetIncomeLoss,ResearchAndDevelopmentExpense,SellingGeneralAndAdministrativeExpense,EarningsPerShareDiluted,CashAndCashEquivalentsAtCarryingValue,Assets,Liabilities,StockholdersEquity,AssetsCurrent,LiabilitiesCurrent,LongTermDebtNoncurrent,NetCashProvidedByUsedInOperatingActivities,,NetCashProvidedByUsedInInvestingActivities,NetCashProvidedByUsedInFinancingActivities
NVDA,2023,Q2,2022-01-31,2022-07-31,2022-08-31,10-Q,ytd,0001045810-22-000147,14992000000,6646000000,8346000000,2367000000.0,2274000000,3443000000.0,1183000000.0,0.9,3013000000,43476000000,19625000000.0,23851000000,27418000000,7573000000,9700000000.0,3001000000.0,,4230000000.0,-6208000000.0,,Revenues,CostOfRevenue,GrossProfit,OperatingIncomeLoss,NetIncomeLoss,ResearchAndDevelopmentExpense,SellingGeneralAndAdministrativeExpense,EarningsPerShareDiluted,CashAndCashEquivalentsAtCarryingValue,Assets,Liabilities,StockholdersEquity,AssetsCurrent,LiabilitiesCurrent,LongTermDebtNoncurrent,NetCashProvidedByUsedInOperatingActivities,,NetCashProvidedByUsedInInvestingActivities,NetCashProvidedByUsedInFinancingActivities
NVDA,2023,Q2,2022-05-02,2022-07-31,2022-08-31,10-Q,quarterly,0001045810-22-000147,6704000000,3789000000,2915000000,499000000.0,656000000,1824000000.0,592000000.0,0.26,3013000000,43476000000,19625000000.0,23851000000,27418000000,7573000000,9700000000.0,,,,,,Revenues,CostOfRevenue,GrossProfit,OperatingIncomeLoss,NetIncomeLoss,ResearchAndDevelopmentExpense,SellingGeneralAndAdministrativeExpense,EarningsPerShareDiluted,CashAndCashEquivalentsAtCarryingValue,Assets,Liabilities,StockholdersEquity,AssetsCurrent,LiabilitiesCurrent,LongTermDebtNoncurrent,,,,
NVDA,2023,Q3,2022-01-31,2022-10-30,2022-11-18,10-Q,ytd,0001045810-22-000166,20923000000,9400000000,11523000000,2968000000.0,2954000000,5387000000.0,1815000000.0,1.17,2800000000,40488000000,19139000000.0,21349000000,23223000000,6855000000,9701000000.0,3393000000.0,,7378000000.0,-9961000000.0,,Revenues,CostOfRevenue,GrossProfit,OperatingIncomeLoss,NetIncomeLoss,ResearchAndDevelopmentExpense,SellingGeneralAndAdministrativeExpense,EarningsPerShareDiluted,CashAndCashEquivalentsAtCarryingValue,Assets,Liabilities,StockholdersEquity,AssetsCurrent,LiabilitiesCurrent,LongTermDebtNoncurrent,NetCashProvidedByUsedInOperatingActivities,,NetCashProvidedByUsedInInvestingActivities,NetCashProvidedByUsedInFinancingActivities
NVDA,2023,Q3,2022-08-01,2022-10-30,2022-11-18,10-Q,quarterly,0001045810-22-000166,5931000000,2754000000,3177000000,601000000.0,680000000,1945000000.0,631000000.0,0.27,2800000000,40488000000,19139000000.0,21349000000,23223000000,6855000000,9701000000.0,,,,,,Revenues,CostOfRevenue,GrossProfit,OperatingIncomeLoss,NetIncomeLoss,ResearchAndDevelopmentExpense,SellingGeneralAndAdministrativeExpense,EarningsPerShareDiluted,CashAndCashEquivalentsAtCarryingValue,Assets,Liabilities,StockholdersEquity,AssetsCurrent,LiabilitiesCurrent,LongTermDebtNoncurrent,,,,
NVDA,2023,FY,2022-01-31,2023-01-29,2023-02-24,10-K,annual,0001045810-23-000017,26974000000,11618000000,15356000000,4224000000.0,4368000000,7339000000.0,2440000000.0,1.74,3389000000,41182000000,19081000000.0,22101000000,23073000000,6563000000,9703000000.0,5641000000.0,,7375000000.0,-11617000000.0,,Revenues,CostOfRevenue,GrossProfit,OperatingIncomeLoss,NetIncomeLoss,ResearchAndDevelopmentExpense,SellingGeneralAndAdministrativeExpense,EarningsPerShareDiluted,CashAndCashEquivalentsAtCarryingValue,Assets,Liabilities,StockholdersEquity,AssetsCurrent,LiabilitiesCurrent,LongTermDebtNoncurrent,NetCashProvidedByUsedInOperatingActivities,,NetCashProvidedByUsedInInvestingActivities,NetCashProvidedByUsedInFinancingActivities
NVDA,2024,Q1,2023-01-30,2023-04-30,2023-05-26,10-Q,quarterly,0001045810-23-000093,7192000000,2544000000,4648000000,2140000000.0,2043000000,1875000000.0,633000000.0,0.82,5079000000,44460000000,19940000000.0,24520000000,24883000000,7260000000,9704000000.0,2911000000.0,,-841000000.0,-380000000.0,,Revenues,CostOfRevenue,GrossProfit,OperatingIncomeLoss,NetIncomeLoss,ResearchAndDevelopmentExpense,SellingGeneralAndAdministrativeExpense,EarningsPerShareDiluted,CashAndCashEquivalentsAtCarryingValue,Assets,Liabilities,StockholdersEquity,AssetsCurrent,LiabilitiesCurrent,LongTermDebtNoncurrent,NetCashProvidedByUsedInOperatingActivities,,NetCashProvidedByUsedInInvestingActivities,NetCashProvidedByUsedInFinancingActivities
NVDA,2024,Q2,2023-01-30,2023-07-30,2023-08-28,10-Q,ytd,0001045810-23-000175,20699000000,6589000000,14110000000,8941000000.0,8232000000,3916000000.0,1253000000.0,3.3,5783000000,49555000000,22054000000.0,27501000000,28797000000,10334000000,8456000000.0,9259000000.0,,-1287000000.0,-5479000000.0,,Revenues,CostOfRevenue,GrossProfit,OperatingIncomeLoss,NetIncomeLoss,ResearchAndDevelopmentExpense,SellingGeneralAndAdministrativeExpense,EarningsPerShareDiluted,CashAndCashEquivalentsAtCarryingValue,Assets,Liabilities,StockholdersEquity,AssetsCurrent,LiabilitiesCurrent,LongTermDebtNoncurrent,NetCashProvidedByUsedInOperatingActivities,,NetCashProvidedByUsedInInvestingActivities,NetCashProvidedByUsedInFinancingActivities
NVDA,2024,Q2,2023-05-01,2023-07-30,2023-08-28,10-Q,quarterly,0001045810-23-000175,13507000000,4045000000,9462000000,6800000000.0,6188000000,2040000000.0,622000000.0,2.48,5783000000,49555000000,22054000000.0,27501000000,28797000000,10334000000,8456000000.0,,,,,,Revenues,CostOfRevenue,GrossProfit,OperatingIncomeLoss,NetIncomeLoss,ResearchAndDevelopmentExpense,SellingGeneralAndAdministrativeExpense,EarningsPerShareDiluted,CashAndCashEquivalentsAtCarryingValue,Assets,Liabilities,StockholdersEquity,AssetsCurrent,LiabilitiesCurrent,LongTermDebtNoncurrent,,,,
NVDA,2024,Q3,2023-01-30,2023-10-29,2023-11-21,10-Q,ytd,0001045810-23-000227,38819000000,11309000000,27510000000,19358000000.0,17475000000,6210000000.0,1942000000.0,7.01,5519000000,54148000000,20883000000.0,33265000000,32658000000,9101000000,8457000000.0,16591000000.0,,-4457000000.0,-10004000000.0,,Revenues,CostOfRevenue,GrossProfit,OperatingIncomeLoss,NetIncomeLoss,ResearchAndDevelopmentExpense,SellingGeneralAndAdministrativeExpense,EarningsPerShareDiluted,CashAndCashEquivalentsAtCarryingValue,Assets,Liabilities,StockholdersEquity,AssetsCurrent,LiabilitiesCurrent,LongTermDebtNoncurrent,NetCashProvidedByUsedInOperatingActivities,,NetCashProvidedByUsedInInvestingActivities,NetCashProvidedByUsedInFinancingActivities
NVDA,2024,Q3,2023-07-31,2023-10-29,2023-11-21,10-Q,quarterly,0001045810-23-000227,18120000000,4720000000,13400000000,10417000000.0,9243000000,2294000000.0,689000000.0,3.71,5519000000,54148000000,20883000000.0,33265000000,32658000000,9101000000,8457000000.0,,,,,,Revenues,CostOfRevenue,GrossProfit,OperatingIncomeLoss,NetIncomeLoss,ResearchAndDevelopmentExpense,SellingGeneralAndAdministrativeExpense,EarningsPerShareDiluted,CashAndCashEquivalentsAtCarryingValue,Assets,Liabilities,StockholdersEquity,AssetsCurrent,LiabilitiesCurrent,LongTermDebtNoncurrent,,,,
NVDA,2024,FY,2023-01-30,2024-01-28,2024-02-21,10-K,annual,0001045810-24-000029,60922000000,16621000000,44301000000,32972000000.0,29760000000,8675000000.0,2654000000.0,11.93,7280000000,65728000000,22750000000.0,42978000000,44345000000,10631000000,8459000000.0,28090000000.0,,-10566000000.0,-13633000000.0,,Revenues,CostOfRevenue,GrossProfit,OperatingIncomeLoss,NetIncomeLoss,ResearchAndDevelopmentExpense,SellingGeneralAndAdministrativeExpense,EarningsPerShareDiluted,CashAndCashEquivalentsAtCarryingValue,Assets,Liabilities,StockholdersEquity,AssetsCurrent,LiabilitiesCurrent,LongTermDebtNoncurrent,NetCashProvidedByUsedInOperatingActivities,,NetCashProvidedByUsedInInvestingActivities,NetCashProvidedByUsedInFinancingActivities
NVDA,2025,Q1,2024-01-29,2024-04-28,2024-05-29,10-Q,quarterly,0001045810-24-000124,26044000000,5638000000,20406000000,16909000000.0,14881000000,2720000000.0,777000000.0,5.98,7587000000,77072000000,27930000000.0,49142000000,53729000000,15223000000,8460000000.0,15345000000.0,,-5693000000.0,-9345000000.0,,Revenues,CostOfRevenue,GrossProfit,OperatingIncomeLoss,NetIncomeLoss,ResearchAndDevelopmentExpense,SellingGeneralAndAdministrativeExpense,EarningsPerShareDiluted,CashAndCashEquivalentsAtCarryingValue,Assets,Liabilities,StockholdersEquity,AssetsCurrent,LiabilitiesCurrent,LongTermDebtNoncurrent,NetCashProvidedByUsedInOperatingActivities,,NetCashProvidedByUsedInInvestingActivities,NetCashProvidedByUsedInFinancingActivities
NVDA,2025,Q2,2024-01-29,2024-07-28,2024-08-28,10-Q,ytd,0001045810-24-000264,56084000000,13105000000,42979000000,35551000000.0,31480000000,5810000000.0,1618000000.0,1.27,8563000000,85227000000,27070000000.0,58157000000,59633000000,13969000000,8461000000.0,29833000000.0,,-8877000000.0,-19665000000.0,,Revenues,CostOfRevenue,GrossProfit,OperatingIncomeLoss,NetIncomeLoss,ResearchAndDevelopmentExpense,SellingGeneralAndAdministrativeExpense,EarningsPerShareDiluted,CashAndCashEquivalentsAtCarryingValue,Assets,Liabilities,StockholdersEquity,AssetsCurrent,LiabilitiesCurrent,LongTermDebtNoncurrent,NetCashProvidedByUsedInOperatingActivities,,NetCashProvidedByUsedInInvestingActivities,NetCashProvidedByUsedInFinancingActivities
NVDA,2025,Q2,2024-04-29,2024-07-28,2024-08-28,10-Q,quarterly,0001045810-24-000264,30040000000,7466000000,22574000000,18642000000.0,16599000000,3090000000.0,842000000.0,0.67,8563000000,85227000000,27070000000.0,58157000000,59633000000,13969000000,8461000000.0,,,,,,Revenues,CostOfRevenue,GrossProfit,OperatingIncomeLoss,NetIncomeLoss,ResearchAndDevelopmentExpense,SellingGeneralAndAdministrativeExpense,EarningsPerShareDiluted,CashAndCashEquivalentsAtCarryingValue,Assets,Liabilities,StockholdersEquity,AssetsCurrent,LiabilitiesCurrent,LongTermDebtNoncurrent,,,,
NVDA,2025,Q3,2024-01-29,2024-10-27,2024-11-20,10-Q,ytd,0001045810-24-000316,91166000000,22031000000,69135000000,57419000000.0,50789000000,9200000000.0,2516000000.0,2.04,9107000000,96013000000,30114000000.0,65899000000,67640000000,16479000000,8462000000.0,47460000000.0,,-13223000000.0,-32410000000.0,,Revenues,CostOfRevenue,GrossProfit,OperatingIncomeLoss,NetIncomeLoss,ResearchAndDevelopmentExpense,SellingGeneralAndAdministrativeExpense,EarningsPerShareDiluted,CashAndCashEquivalentsAtCarryingValue,Assets,Liabilities,StockholdersEquity,AssetsCurrent,LiabilitiesCurrent,LongTermDebtNoncurrent,NetCashProvidedByUsedInOperatingActivities,,NetCashProvidedByUsedInInvestingActivities,NetCashProvidedByUsedInFinancingActivities
NVDA,2025,Q3,2024-07-29,2024-10-27,2024-11-20,10-Q,quarterly,0001045810-24-000316,35082000000,8926000000,26156000000,21869000000.0,19309000000,3390000000.0,897000000.0,0.78,9107000000,96013000000,30114000000.0,65899000000,67640000000,16479000000,8462000000.0,,,,,,Revenues,CostOfRevenue,GrossProfit,OperatingIncomeLoss,NetIncomeLoss,ResearchAndDevelopmentExpense,SellingGeneralAndAdministrativeExpense,EarningsPerShareDiluted,CashAndCashEquivalentsAtCarryingValue,Assets,Liabilities,StockholdersEquity,AssetsCurrent,LiabilitiesCurrent,LongTermDebtNoncurrent,,,,
NVDA,2025,FY,2024-01-29,2025-01-26,2025-02-26,10-K,annual,0001045810-25-000023,130497000000,32639000000,97858000000,81453000000.0,72880000000,12914000000.0,3491000000.0,2.94,8589000000,111601000000,32274000000.0,79327000000,80126000000,18047000000,8463000000.0,64089000000.0,,-20421000000.0,-42359000000.0,,Revenues,CostOfRevenue,GrossProfit,OperatingIncomeLoss,NetIncomeLoss,ResearchAndDevelopmentExpense,SellingGeneralAndAdministrativeExpense,EarningsPerShareDiluted,CashAndCashEquivalentsAtCarryingValue,Assets,Liabilities,StockholdersEquity,AssetsCurrent,LiabilitiesCurrent,LongTermDebtNoncurrent,NetCashProvidedByUsedInOperatingActivities,,NetCashProvidedByUsedInInvestingActivities,NetCashProvidedByUsedInFinancingActivities
NVDA,2026,Q1,2025-01-27,2025-04-27,2025-05-28,10-Q,quarterly,0001045810-25-000116,44062000000,17394000000,26668000000,21638000000.0,18775000000,3989000000.0,1041000000.0,0.76,15234000000,125254000000,41411000000.0,83843000000,89935000000,26542000000,8464000000.0,27414000000.0,,-5216000000.0,-15553000000.0,,Revenues,CostOfRevenue,GrossProfit,OperatingIncomeLoss,NetIncomeLoss,ResearchAndDevelopmentExpense,SellingGeneralAndAdministrativeExpense,EarningsPerShareDiluted,CashAndCashEquivalentsAtCarryingValue,Assets,Liabilities,StockholdersEquity,AssetsCurrent,LiabilitiesCurrent,LongTermDebtNoncurrent,NetCashProvidedByUsedInOperatingActivities,,NetCashProvidedByUsedInInvestingActivities,NetCashProvidedByUsedInFinancingActivities
NVDA,2026,Q2,2025-01-27,2025-07-27,2025-08-27,10-Q,ytd,0001045810-25-000209,90805000000,30284000000,60521000000,50078000000.0,45197000000,8280000000.0,2163000000.0,1.84,11639000000,140740000000,40609000000.0,100131000000,102219000000,24257000000,8466000000.0,42779000000.0,,-12343000000.0,-27386000000.0,,Revenues,CostOfRevenue,GrossProfit,OperatingIncomeLoss,NetIncomeLoss,ResearchAndDevelopmentExpense,SellingGeneralAndAdministrativeExpense,EarningsPerShareDiluted,CashAndCashEquivalentsAtCarryingValue,Assets,Liabilities,StockholdersEquity,AssetsCurrent,LiabilitiesCurrent,LongTermDebtNoncurrent,NetCashProvidedByUsedInOperatingActivities,,NetCashProvidedByUsedInInvestingActivities,NetCashProvidedByUsedInFinancingActivities
NVDA,2026,Q2,2025-04-28,2025-07-27,2025-08-27,10-Q,quarterly,0001045810-25-000209,46743000000,12890000000,33853000000,28440000000.0,26422000000,4291000000.0,1122000000.0,1.08,11639000000,140740000000,40609000000.0,100131000000,102219000000,24257000000,8466000000.0,,,,,,Revenues,CostOfRevenue,GrossProfit,OperatingIncomeLoss,NetIncomeLoss,ResearchAndDevelopmentExpense,SellingGeneralAndAdministrativeExpense,EarningsPerShareDiluted,CashAndCashEquivalentsAtCarryingValue,Assets,Liabilities,StockholdersEquity,AssetsCurrent,LiabilitiesCurrent,LongTermDebtNoncurrent,,,,
NVDA,2026,Q3,2025-01-27,2025-10-26,2025-11-19,10-Q,ytd,0001045810-25-000230,147811000000,45441000000,102370000000,86088000000.0,77107000000,12985000000.0,3297000000.0,3.14,11486000000,161148000000,42251000000.0,118897000000,116492000000,26075000000,7468000000.0,66530000000.0,,-21367000000.0,-42266000000.0,,Revenues,CostOfRevenue,GrossProfit,OperatingIncomeLoss,NetIncomeLoss,ResearchAndDevelopmentExpense,SellingGeneralAndAdministrativeExpense,EarningsPerShareDiluted,CashAndCashEquivalentsAtCarryingValue,Assets,Liabilities,StockholdersEquity,AssetsCurrent,LiabilitiesCurrent,LongTermDebtNoncurrent,NetCashProvidedByUsedInOperatingActivities,,NetCashProvidedByUsedInInvestingActivities,NetCashProvidedByUsedInFinancingActivities
NVDA,2026,Q3,2025-07-28,2025-10-26,2025-11-19,10-Q,quarterly,0001045810-25-000230,57006000000,15157000000,41849000000,36010000000.0,31910000000,4705000000.0,1134000000.0,1.3,11486000000,161148000000,42251000000.0,118897000000,116492000000,26075000000,7468000000.0,,,,,,Revenues,CostOfRevenue,GrossProfit,OperatingIncomeLoss,NetIncomeLoss,ResearchAndDevelopmentExpense,SellingGeneralAndAdministrativeExpense,EarningsPerShareDiluted,CashAndCashEquivalentsAtCarryingValue,Assets,Liabilities,StockholdersEquity,AssetsCurrent,LiabilitiesCurrent,LongTermDebtNoncurrent,,,,
NVDA,2026,FY,2025-01-27,2026-01-25,2026-02-25,10-K,annual,0001045810-26-000021,215938000000,62475000000,153463000000,130387000000.0,120067000000,18497000000.0,4579000000.0,4.9,10605000000,206803000000,49510000000.0,157293000000,125605000000,32163000000,7469000000.0,102718000000.0,,-52228000000.0,-48474000000.0,,Revenues,CostOfRevenue,GrossProfit,OperatingIncomeLoss,NetIncomeLoss,ResearchAndDevelopmentExpense,SellingGeneralAndAdministrativeExpense,EarningsPerShareDiluted,CashAndCashEquivalentsAtCarryingValue,Assets,Liabilities,StockholdersEquity,AssetsCurrent,LiabilitiesCurrent,LongTermDebtNoncurrent,NetCashProvidedByUsedInOperatingActivities,,NetCashProvidedByUsedInInvestingActivities,NetCashProvidedByUsedInFinancingActivities
NVDA,2027,Q1,2026-01-26,2026-04-26,2026-05-20,10-Q,quarterly,0001045810-26-000052,81615000000,20458000000,61157000000,53536000000.0,58321000000,6321000000.0,1300000000.0,2.39,13237000000,259474000000,64000000000.0,195474000000,150995000000,43884000000,7470000000.0,50344000000.0,,-26429000000.0,-21283000000.0,,Revenues,CostOfRevenue,GrossProfit,OperatingIncomeLoss,NetIncomeLoss,ResearchAndDevelopmentExpense,SellingGeneralAndAdministrativeExpense,EarningsPerShareDiluted,CashAndCashEquivalentsAtCarryingValue,Assets,Liabilities,StockholdersEquity,AssetsCurrent,LiabilitiesCurrent,LongTermDebtNoncurrent,NetCashProvidedByUsedInOperatingActivities,,NetCashProvidedByUsedInInvestingActivities,NetCashProvidedByUsedInFinancingActivities
NVDA,2027,Q2,2026-01-26,2026-07-26,2026-08-26,10-Q,ytd,0001045810-26-000075,177837000000,44538000000,133299000000,117270000000.0,118010000000,13375000000.0,2654000000.0,4.85,22443000000,320272000000,91288000000.0,228984000000,197412000000,43019000000,32366000000.0,74421000000.0,,-35124000000.0,-27459000000.0,,Revenues,CostOfRevenue,GrossProfit,OperatingIncomeLoss,NetIncomeLoss,ResearchAndDevelopmentExpense,SellingGeneralAndAdministrativeExpense,EarningsPerShareDiluted,CashAndCashEquivalentsAtCarryingValue,Assets,Liabilities,StockholdersEquity,AssetsCurrent,LiabilitiesCurrent,LongTermDebtNoncurrent,NetCashProvidedByUsedInOperatingActivities,,NetCashProvidedByUsedInInvestingActivities,NetCashProvidedByUsedInFinancingActivities
NVDA,2027,Q2,2026-04-27,2026-07-26,2026-08-26,10-Q,quarterly,0001045810-26-000075,96221000000,24079000000,72142000000,63734000000.0,59688000000,7054000000.0,1354000000.0,2.46,22443000000,320272000000,91288000000.0,228984000000,197412000000,43019000000,32366000000.0,,,,,,Revenues,CostOfRevenue,GrossProfit,OperatingIncomeLoss,NetIncomeLoss,ResearchAndDevelopmentExpense,SellingGeneralAndAdministrativeExpense,EarningsPerShareDiluted,CashAndCashEquivalentsAtCarryingValue,Assets,Liabilities,StockholdersEquity,AssetsCurrent,LiabilitiesCurrent,LongTermDebtNoncurrent,,,,
