feature_position,feature_name,paired_original_feature,substitution,source_fields,Volume_dependency,definition,implementation_authority,implementation_sha256,feature_group,representation
0,simple_return,simple_return,False,close,False,close.pct_change(fill_method=None),market_representation.representation,944dd7857caff776848acb77a547b5d8773a8d8117989acb0bacb98f4b37cc17,market,relative_fundamentals
1,log_return,log_return,False,close,False,np.log(close / close.shift(1)),market_representation.representation,944dd7857caff776848acb77a547b5d8773a8d8117989acb0bacb98f4b37cc17,market,relative_fundamentals
2,intraday_return,intraday_return,False,close|open,False,close / result['open'] - 1,market_representation.representation,944dd7857caff776848acb77a547b5d8773a8d8117989acb0bacb98f4b37cc17,market,relative_fundamentals
3,daily_range,daily_range,False,close|high|low,False,(result['high'] - result['low']) / close,market_representation.representation,944dd7857caff776848acb77a547b5d8773a8d8117989acb0bacb98f4b37cc17,market,relative_fundamentals
4,close_to_sma_5,sma_5,True,close,False,daily.close / daily[f'sma_{k}'] - 1,market_representation.representation,944dd7857caff776848acb77a547b5d8773a8d8117989acb0bacb98f4b37cc17,market,relative_fundamentals
5,close_to_sma_20,sma_20,True,close,False,daily.close / daily[f'sma_{k}'] - 1,market_representation.representation,944dd7857caff776848acb77a547b5d8773a8d8117989acb0bacb98f4b37cc17,market,relative_fundamentals
6,close_to_sma_60,sma_60,True,close,False,daily.close / daily[f'sma_{k}'] - 1,market_representation.representation,944dd7857caff776848acb77a547b5d8773a8d8117989acb0bacb98f4b37cc17,market,relative_fundamentals
7,rolling_volatility_20,rolling_volatility_20,False,close,False,"result['simple_return'].rolling(window, min_periods=window, center=False).std(ddof=1)",market_representation.representation,944dd7857caff776848acb77a547b5d8773a8d8117989acb0bacb98f4b37cc17,market,relative_fundamentals
8,rolling_volatility_60,rolling_volatility_60,False,close,False,"result['simple_return'].rolling(window, min_periods=window, center=False).std(ddof=1)",market_representation.representation,944dd7857caff776848acb77a547b5d8773a8d8117989acb0bacb98f4b37cc17,market,relative_fundamentals
9,q_gross_margin,,,SEC.filing_date|SEC.gross_profit|SEC.period_identity|SEC.revenue|date,False,row[numerator] / row.revenue; attached by whole-observation q/fy/bs PIT selection,research_features.build_feature_matrix,aff68e01b3cefd6b19b2abf4e7a772b65273645ca7ff3ab767ee75fa5a643117,quarterly,relative_fundamentals
10,q_operating_margin,,,SEC.filing_date|SEC.operating_income|SEC.period_identity|SEC.revenue|date,False,row[numerator] / row.revenue; attached by whole-observation q/fy/bs PIT selection,research_features.build_feature_matrix,aff68e01b3cefd6b19b2abf4e7a772b65273645ca7ff3ab767ee75fa5a643117,quarterly,relative_fundamentals
11,q_net_margin,,,SEC.filing_date|SEC.net_income|SEC.period_identity|SEC.revenue|date,False,row[numerator] / row.revenue; attached by whole-observation q/fy/bs PIT selection,research_features.build_feature_matrix,aff68e01b3cefd6b19b2abf4e7a772b65273645ca7ff3ab767ee75fa5a643117,quarterly,relative_fundamentals
12,q_rd_to_revenue,,,SEC.filing_date|SEC.period_identity|SEC.research_and_development|SEC.revenue|date,False,row[numerator] / row.revenue; attached by whole-observation q/fy/bs PIT selection,research_features.build_feature_matrix,aff68e01b3cefd6b19b2abf4e7a772b65273645ca7ff3ab767ee75fa5a643117,quarterly,relative_fundamentals
13,q_sga_to_revenue,,,SEC.filing_date|SEC.period_identity|SEC.revenue|SEC.selling_general_administrative|date,False,row[numerator] / row.revenue; attached by whole-observation q/fy/bs PIT selection,research_features.build_feature_matrix,aff68e01b3cefd6b19b2abf4e7a772b65273645ca7ff3ab767ee75fa5a643117,quarterly,relative_fundamentals
14,q_ocf_margin,,,SEC.filing_date|SEC.operating_cash_flow|SEC.period_identity|SEC.revenue|date,False,row[numerator] / row.revenue; attached by whole-observation q/fy/bs PIT selection,research_features.build_feature_matrix,aff68e01b3cefd6b19b2abf4e7a772b65273645ca7ff3ab767ee75fa5a643117,quarterly,relative_fundamentals
15,q_fcf_margin,,,SEC.filing_date|SEC.free_cash_flow|SEC.period_identity|SEC.revenue|date,False,row[numerator] / row.revenue; attached by whole-observation q/fy/bs PIT selection,research_features.build_feature_matrix,aff68e01b3cefd6b19b2abf4e7a772b65273645ca7ff3ab767ee75fa5a643117,quarterly,relative_fundamentals
16,fy_gross_margin,,,SEC.filing_date|SEC.gross_profit|SEC.period_identity|SEC.revenue|date,False,row[numerator] / row.revenue; attached by whole-observation q/fy/bs PIT selection,research_features.build_feature_matrix,aff68e01b3cefd6b19b2abf4e7a772b65273645ca7ff3ab767ee75fa5a643117,annual,relative_fundamentals
17,fy_operating_margin,,,SEC.filing_date|SEC.operating_income|SEC.period_identity|SEC.revenue|date,False,row[numerator] / row.revenue; attached by whole-observation q/fy/bs PIT selection,research_features.build_feature_matrix,aff68e01b3cefd6b19b2abf4e7a772b65273645ca7ff3ab767ee75fa5a643117,annual,relative_fundamentals
18,fy_net_margin,,,SEC.filing_date|SEC.net_income|SEC.period_identity|SEC.revenue|date,False,row[numerator] / row.revenue; attached by whole-observation q/fy/bs PIT selection,research_features.build_feature_matrix,aff68e01b3cefd6b19b2abf4e7a772b65273645ca7ff3ab767ee75fa5a643117,annual,relative_fundamentals
19,fy_rd_to_revenue,,,SEC.filing_date|SEC.period_identity|SEC.research_and_development|SEC.revenue|date,False,row[numerator] / row.revenue; attached by whole-observation q/fy/bs PIT selection,research_features.build_feature_matrix,aff68e01b3cefd6b19b2abf4e7a772b65273645ca7ff3ab767ee75fa5a643117,annual,relative_fundamentals
20,fy_sga_to_revenue,,,SEC.filing_date|SEC.period_identity|SEC.revenue|SEC.selling_general_administrative|date,False,row[numerator] / row.revenue; attached by whole-observation q/fy/bs PIT selection,research_features.build_feature_matrix,aff68e01b3cefd6b19b2abf4e7a772b65273645ca7ff3ab767ee75fa5a643117,annual,relative_fundamentals
21,fy_ocf_margin,,,SEC.filing_date|SEC.operating_cash_flow|SEC.period_identity|SEC.revenue|date,False,row[numerator] / row.revenue; attached by whole-observation q/fy/bs PIT selection,research_features.build_feature_matrix,aff68e01b3cefd6b19b2abf4e7a772b65273645ca7ff3ab767ee75fa5a643117,annual,relative_fundamentals
22,fy_fcf_margin,,,SEC.filing_date|SEC.free_cash_flow|SEC.period_identity|SEC.revenue|date,False,row[numerator] / row.revenue; attached by whole-observation q/fy/bs PIT selection,research_features.build_feature_matrix,aff68e01b3cefd6b19b2abf4e7a772b65273645ca7ff3ab767ee75fa5a643117,annual,relative_fundamentals
23,current_ratio,,,SEC.current_assets|SEC.current_liabilities|SEC.filing_date|SEC.period_identity|date,False,row[numerator] / row[denominator]; attached by whole-observation q/fy/bs PIT selection,research_features.build_feature_matrix,aff68e01b3cefd6b19b2abf4e7a772b65273645ca7ff3ab767ee75fa5a643117,balance_sheet,relative_fundamentals
24,cash_to_assets,,,SEC.cash_and_cash_equivalents|SEC.filing_date|SEC.period_identity|SEC.total_assets|date,False,row[numerator] / row[denominator]; attached by whole-observation q/fy/bs PIT selection,research_features.build_feature_matrix,aff68e01b3cefd6b19b2abf4e7a772b65273645ca7ff3ab767ee75fa5a643117,balance_sheet,relative_fundamentals
25,liabilities_to_assets,,,SEC.filing_date|SEC.period_identity|SEC.total_assets|SEC.total_liabilities|date,False,row[numerator] / row[denominator]; attached by whole-observation q/fy/bs PIT selection,research_features.build_feature_matrix,aff68e01b3cefd6b19b2abf4e7a772b65273645ca7ff3ab767ee75fa5a643117,balance_sheet,relative_fundamentals
26,debt_to_assets,,,SEC.filing_date|SEC.long_term_debt|SEC.period_identity|SEC.total_assets|date,False,row[numerator] / row[denominator]; attached by whole-observation q/fy/bs PIT selection,research_features.build_feature_matrix,aff68e01b3cefd6b19b2abf4e7a772b65273645ca7ff3ab767ee75fa5a643117,balance_sheet,relative_fundamentals
27,q_revenue_growth_yoy,,,SEC.filing_date|SEC.period_identity|SEC.revenue|date,False,row[field] / reference[field] - 1; same basis/FY-1; reference filed <= current filing; attached by whole-observation q/fy/bs PIT selection,research_features.build_feature_matrix,aff68e01b3cefd6b19b2abf4e7a772b65273645ca7ff3ab767ee75fa5a643117,quarterly,relative_fundamentals
28,q_gross_profit_growth_yoy,,,SEC.filing_date|SEC.gross_profit|SEC.period_identity|date,False,row[field] / reference[field] - 1; same basis/FY-1; reference filed <= current filing; attached by whole-observation q/fy/bs PIT selection,research_features.build_feature_matrix,aff68e01b3cefd6b19b2abf4e7a772b65273645ca7ff3ab767ee75fa5a643117,quarterly,relative_fundamentals
29,q_operating_income_growth_yoy,,,SEC.filing_date|SEC.operating_income|SEC.period_identity|date,False,row[field] / reference[field] - 1; same basis/FY-1; reference filed <= current filing; attached by whole-observation q/fy/bs PIT selection,research_features.build_feature_matrix,aff68e01b3cefd6b19b2abf4e7a772b65273645ca7ff3ab767ee75fa5a643117,quarterly,relative_fundamentals
30,q_net_income_growth_yoy,,,SEC.filing_date|SEC.net_income|SEC.period_identity|date,False,row[field] / reference[field] - 1; same basis/FY-1; reference filed <= current filing; attached by whole-observation q/fy/bs PIT selection,research_features.build_feature_matrix,aff68e01b3cefd6b19b2abf4e7a772b65273645ca7ff3ab767ee75fa5a643117,quarterly,relative_fundamentals
31,q_rd_growth_yoy,,,SEC.filing_date|SEC.period_identity|SEC.research_and_development|date,False,row[field] / reference[field] - 1; same basis/FY-1; reference filed <= current filing; attached by whole-observation q/fy/bs PIT selection,research_features.build_feature_matrix,aff68e01b3cefd6b19b2abf4e7a772b65273645ca7ff3ab767ee75fa5a643117,quarterly,relative_fundamentals
32,q_operating_cash_flow_growth_yoy,,,SEC.filing_date|SEC.operating_cash_flow|SEC.period_identity|date,False,row[field] / reference[field] - 1; same basis/FY-1; reference filed <= current filing; attached by whole-observation q/fy/bs PIT selection,research_features.build_feature_matrix,aff68e01b3cefd6b19b2abf4e7a772b65273645ca7ff3ab767ee75fa5a643117,quarterly,relative_fundamentals
33,fy_revenue_growth_yoy,,,SEC.filing_date|SEC.period_identity|SEC.revenue|date,False,row[field] / reference[field] - 1; same basis/FY-1; reference filed <= current filing; attached by whole-observation q/fy/bs PIT selection,research_features.build_feature_matrix,aff68e01b3cefd6b19b2abf4e7a772b65273645ca7ff3ab767ee75fa5a643117,annual,relative_fundamentals
34,fy_gross_profit_growth_yoy,,,SEC.filing_date|SEC.gross_profit|SEC.period_identity|date,False,row[field] / reference[field] - 1; same basis/FY-1; reference filed <= current filing; attached by whole-observation q/fy/bs PIT selection,research_features.build_feature_matrix,aff68e01b3cefd6b19b2abf4e7a772b65273645ca7ff3ab767ee75fa5a643117,annual,relative_fundamentals
35,fy_operating_income_growth_yoy,,,SEC.filing_date|SEC.operating_income|SEC.period_identity|date,False,row[field] / reference[field] - 1; same basis/FY-1; reference filed <= current filing; attached by whole-observation q/fy/bs PIT selection,research_features.build_feature_matrix,aff68e01b3cefd6b19b2abf4e7a772b65273645ca7ff3ab767ee75fa5a643117,annual,relative_fundamentals
36,fy_net_income_growth_yoy,,,SEC.filing_date|SEC.net_income|SEC.period_identity|date,False,row[field] / reference[field] - 1; same basis/FY-1; reference filed <= current filing; attached by whole-observation q/fy/bs PIT selection,research_features.build_feature_matrix,aff68e01b3cefd6b19b2abf4e7a772b65273645ca7ff3ab767ee75fa5a643117,annual,relative_fundamentals
37,fy_rd_growth_yoy,,,SEC.filing_date|SEC.period_identity|SEC.research_and_development|date,False,row[field] / reference[field] - 1; same basis/FY-1; reference filed <= current filing; attached by whole-observation q/fy/bs PIT selection,research_features.build_feature_matrix,aff68e01b3cefd6b19b2abf4e7a772b65273645ca7ff3ab767ee75fa5a643117,annual,relative_fundamentals
38,fy_operating_cash_flow_growth_yoy,,,SEC.filing_date|SEC.operating_cash_flow|SEC.period_identity|date,False,row[field] / reference[field] - 1; same basis/FY-1; reference filed <= current filing; attached by whole-observation q/fy/bs PIT selection,research_features.build_feature_matrix,aff68e01b3cefd6b19b2abf4e7a772b65273645ca7ff3ab767ee75fa5a643117,annual,relative_fundamentals
