calendar_year,model,rows,pooled_yearly_MAE,paired_delta_vs_control,delta_vs_zero,delta_vs_historical_mean,descriptive_only
2021,zero_return,252,0.047951685053850994,,0.0,0.0006437772029890404,True
2021,historical_mean,252,0.047307907850861954,,-0.0006437772029890404,0.0,True
2021,relative_ols,252,0.04897520787911642,,0.0010235228252654244,0.0016673000282544648,True
2021,relative_ridge_alpha1,252,0.04871567198305807,,0.0007639869292070736,0.001407764132196114,True
2021,relative_fundamentals_ols,252,0.07802670987795256,0.02905150199883614,0.030075024824101564,0.030718802027090604,True
2021,relative_fundamentals_ridge_alpha1,252,0.07192279626759886,0.02320712428454079,0.023971111213747863,0.024614888416736903,True
2022,zero_return,251,0.0670360454283385,,0.0,-0.0018236711309163184,True
2022,historical_mean,251,0.06885971655925482,,0.0018236711309163184,0.0,True
2022,relative_ols,251,0.07378273880781085,,0.0067466933794723405,0.004923022248556022,True
2022,relative_ridge_alpha1,251,0.07329679443645343,,0.006260749008114921,0.004437077877198603,True
2022,relative_fundamentals_ols,251,0.12630621277374804,0.05252347396593719,0.05927016734540953,0.057446496214493215,True
2022,relative_fundamentals_ridge_alpha1,251,0.12228557618438084,0.04898878174792741,0.05524953075604233,0.05342585962512601,True
2023,zero_return,250,0.048392308945193384,,0.0,0.0017183855373891152,True
2023,historical_mean,250,0.04667392340780427,,-0.0017183855373891152,0.0,True
2023,relative_ols,250,0.04873732178553514,,0.0003450128403417532,0.0020633983777308684,True
2023,relative_ridge_alpha1,250,0.048513064119886505,,0.00012075517469312125,0.0018391407120822365,True
2023,relative_fundamentals_ols,250,0.16786513296213287,0.11912781117659774,0.11947282401693948,0.1211912095543286,True
2023,relative_fundamentals_ridge_alpha1,250,0.15592758946473873,0.10741452534485221,0.10753528051954533,0.10925366605693446,True
2024,zero_return,252,0.05659291838562641,,0.0,0.002197033217527504,True
2024,historical_mean,252,0.05439588516809891,,-0.002197033217527504,0.0,True
2024,relative_ols,252,0.05401346194284921,,-0.0025794564427772046,-0.0003824232252497006,True
2024,relative_ridge_alpha1,252,0.054056056621617145,,-0.002536861764009267,-0.00033982854648176297,True
2024,relative_fundamentals_ols,252,0.2355547699208472,0.181541307977998,0.1789618515352208,0.1811588847527483,True
2024,relative_fundamentals_ridge_alpha1,252,0.1265752089179428,0.07251915229632566,0.06998229053231639,0.0721793237498439,True
2025,zero_return,250,0.04748413711820745,,0.0,0.00032231366759284674,True
2025,historical_mean,250,0.04716182345061461,,-0.00032231366759284674,0.0,True
2025,relative_ols,250,0.047672498443134856,,0.00018836132492740243,0.0005106749925202492,True
2025,relative_ridge_alpha1,250,0.047779125082617696,,0.00029498796441024266,0.0006173016320030894,True
2025,relative_fundamentals_ols,250,0.11426789539301796,0.0665953969498831,0.0667837582748105,0.06710607194240335,True
2025,relative_fundamentals_ridge_alpha1,250,0.05929197452551516,0.011512849442897467,0.01180783740730771,0.012130151074900557,True
2026,zero_return,112,0.040171429055402164,,0.0,-7.475643310009272e-06,True
2026,historical_mean,112,0.04017890469871217,,7.475643310009272e-06,0.0,True
2026,relative_ols,112,0.040134494848477496,,-3.693420692466726e-05,-4.440985023467653e-05,True
2026,relative_ridge_alpha1,112,0.04012890278583243,,-4.252626956973565e-05,-5.0001912879744925e-05,True
2026,relative_fundamentals_ols,112,0.047875399840941836,0.00774090499246434,0.0077039707855396725,0.007696495142229663,True
2026,relative_fundamentals_ridge_alpha1,112,0.04344142529456231,0.003312522508729883,0.0032699962391601473,0.003262520595850138,True
