fold_id,MAE_treatment,MAE_reference,scope,model,reference,paired_delta_MAE,win,loss,tie,fold_count,mean_treatment_MAE,mean_reference_MAE,mean_delta_MAE,median_delta_MAE,wins,losses,ties,win_rate
2021Q1,0.04982656849971134,0.048664474263888334,fold,relative_fundamentals_ols,zero_return,0.0011620942358230094,False,True,False,,,,,,,,,
2021Q2,0.09561301239053373,0.04945000395771636,fold,relative_fundamentals_ols,zero_return,0.04616300843281737,False,True,False,,,,,,,,,
2021Q3,0.09863428173479827,0.035466345471671316,fold,relative_fundamentals_ols,zero_return,0.06316793626312694,False,True,False,,,,,,,,,
2021Q4,0.06698588123642094,0.058282739749221366,fold,relative_fundamentals_ols,zero_return,0.00870314148719957,False,True,False,,,,,,,,,
2022Q1,0.1316123969165584,0.06998100103915225,fold,relative_fundamentals_ols,zero_return,0.06163139587740615,False,True,False,,,,,,,,,
2022Q2,0.17834209808608031,0.07528600948451243,fold,relative_fundamentals_ols,zero_return,0.10305608860156788,False,True,False,,,,,,,,,
2022Q3,0.12149757407256961,0.0592574269361016,fold,relative_fundamentals_ols,zero_return,0.06224014713646801,False,True,False,,,,,,,,,
2022Q4,0.07475930119686823,0.06392091152595639,fold,relative_fundamentals_ols,zero_return,0.010838389670911844,False,True,False,,,,,,,,,
2023Q1,0.08563502698730545,0.06007515159219562,fold,relative_fundamentals_ols,zero_return,0.02555987539510983,False,True,False,,,,,,,,,
2023Q2,0.07055758405842906,0.048950431264801406,fold,relative_fundamentals_ols,zero_return,0.021607152793627654,False,True,False,,,,,,,,,
2023Q3,0.3326249698639485,0.04446387440694714,fold,relative_fundamentals_ols,zero_return,0.28816109545700136,False,True,False,,,,,,,,,
2023Q4,0.17979314689315737,0.04027407954804541,fold,relative_fundamentals_ols,zero_return,0.13951906734511196,False,True,False,,,,,,,,,
2024Q1,0.4906475920707989,0.05969741991812431,fold,relative_fundamentals_ols,zero_return,0.43095017215267456,False,True,False,,,,,,,,,
2024Q2,0.31279457705362895,0.053477906041538376,fold,relative_fundamentals_ols,zero_return,0.25931667101209055,False,True,False,,,,,,,,,
2024Q3,0.10452687263862813,0.07075080452540541,fold,relative_fundamentals_ols,zero_return,0.033776068113222715,False,True,False,,,,,,,,,
2024Q4,0.0474143859450616,0.04254239449889699,fold,relative_fundamentals_ols,zero_return,0.004871991446164611,False,True,False,,,,,,,,,
2025Q1,0.22400509385184333,0.07034902954931731,fold,relative_fundamentals_ols,zero_return,0.15365606430252604,False,True,False,,,,,,,,,
2025Q2,0.16892364817398525,0.0551024319506915,fold,relative_fundamentals_ols,zero_return,0.11382121622329375,False,True,False,,,,,,,,,
2025Q3,0.036309223220129014,0.029311555425808603,fold,relative_fundamentals_ols,zero_return,0.006997667794320411,False,True,False,,,,,,,,,
2025Q4,0.036400183504196174,0.0368406590374719,fold,relative_fundamentals_ols,zero_return,-0.00044047553327572486,True,False,False,,,,,,,,,
2026Q1,0.037108857237281634,0.03379490879502288,fold,relative_fundamentals_ols,zero_return,0.0033139484422587545,False,True,False,,,,,,,,,
2026Q2,0.06075302922963346,0.047798247406051875,fold,relative_fundamentals_ols,zero_return,0.012954781823581583,False,True,False,,,,,,,,,
ALL,,,aggregate,relative_fundamentals_ols,zero_return,,,,,22.0,0.13658024113007125,0.0524426275631154,0.08413761356695586,0.03996953827302004,1.0,21.0,0.0,0.045454545454545456
2021Q1,0.04982656849971134,0.049179676787376586,fold,relative_fundamentals_ols,historical_mean,0.0006468917123347573,False,True,False,,,,,,,,,
2021Q2,0.09561301239053373,0.04462363646347567,fold,relative_fundamentals_ols,historical_mean,0.05098937592705806,False,True,False,,,,,,,,,
2021Q3,0.09863428173479827,0.03965851902769299,fold,relative_fundamentals_ols,historical_mean,0.05897576270710528,False,True,False,,,,,,,,,
2021Q4,0.06698588123642094,0.055815596553373766,fold,relative_fundamentals_ols,historical_mean,0.01117028468304717,False,True,False,,,,,,,,,
2022Q1,0.1316123969165584,0.07266216645024537,fold,relative_fundamentals_ols,historical_mean,0.058950230466313036,False,True,False,,,,,,,,,
2022Q2,0.17834209808608031,0.08001471969112942,fold,relative_fundamentals_ols,historical_mean,0.0983273783949509,False,True,False,,,,,,,,,
2022Q3,0.12149757407256961,0.060883907259717956,fold,relative_fundamentals_ols,historical_mean,0.06061366681285166,False,True,False,,,,,,,,,
2022Q4,0.07475930119686823,0.06224209287279011,fold,relative_fundamentals_ols,historical_mean,0.01251720832407812,False,True,False,,,,,,,,,
2023Q1,0.08563502698730545,0.055542297050347474,fold,relative_fundamentals_ols,historical_mean,0.030092729936957975,False,True,False,,,,,,,,,
2023Q2,0.07055758405842906,0.04608861806195329,fold,relative_fundamentals_ols,historical_mean,0.024468965996475772,False,True,False,,,,,,,,,
2023Q3,0.3326249698639485,0.045252958477706134,fold,relative_fundamentals_ols,historical_mean,0.28737201138624235,False,True,False,,,,,,,,,
2023Q4,0.17979314689315737,0.03994329731576087,fold,relative_fundamentals_ols,historical_mean,0.1398498495773965,False,True,False,,,,,,,,,
2024Q1,0.4906475920707989,0.05391728523232719,fold,relative_fundamentals_ols,historical_mean,0.4367303068384717,False,True,False,,,,,,,,,
2024Q2,0.31279457705362895,0.049492208135412,fold,relative_fundamentals_ols,historical_mean,0.26330236891821696,False,True,False,,,,,,,,,
2024Q3,0.10452687263862813,0.07162253918418207,fold,relative_fundamentals_ols,historical_mean,0.03290433345444606,False,True,False,,,,,,,,,
2024Q4,0.0474143859450616,0.042452453794849326,fold,relative_fundamentals_ols,historical_mean,0.004961932150212275,False,True,False,,,,,,,,,
2025Q1,0.22400509385184333,0.07335287459646044,fold,relative_fundamentals_ols,historical_mean,0.1506522192553829,False,True,False,,,,,,,,,
2025Q2,0.16892364817398525,0.04907664347134992,fold,relative_fundamentals_ols,historical_mean,0.11984700470263533,False,True,False,,,,,,,,,
2025Q3,0.036309223220129014,0.02785156192519876,fold,relative_fundamentals_ols,historical_mean,0.008457661294930252,False,True,False,,,,,,,,,
2025Q4,0.036400183504196174,0.04006299263171266,fold,relative_fundamentals_ols,historical_mean,-0.0036628091275164865,True,False,False,,,,,,,,,
2026Q1,0.037108857237281634,0.035403756485140866,fold,relative_fundamentals_ols,historical_mean,0.0017051007521407674,False,True,False,,,,,,,,,
2026Q2,0.06075302922963346,0.04589035648357195,fold,relative_fundamentals_ols,historical_mean,0.014862672746061512,False,True,False,,,,,,,,,
ALL,,,aggregate,relative_fundamentals_ols,historical_mean,,,,,22.0,0.13658024113007125,0.05186500717962612,0.08471523395044513,0.04194685469075206,1.0,21.0,0.0,0.045454545454545456
2021Q1,0.049003430654719,0.048664474263888334,fold,relative_fundamentals_ridge_alpha1,zero_return,0.0003389563908306678,False,True,False,,,,,,,,,
2021Q2,0.09295511181036537,0.04945000395771636,fold,relative_fundamentals_ridge_alpha1,zero_return,0.04350510785264901,False,True,False,,,,,,,,,
2021Q3,0.0820362738276399,0.035466345471671316,fold,relative_fundamentals_ridge_alpha1,zero_return,0.04656992835596858,False,True,False,,,,,,,,,
2021Q4,0.06295065344492315,0.058282739749221366,fold,relative_fundamentals_ridge_alpha1,zero_return,0.004667913695701784,False,True,False,,,,,,,,,
2022Q1,0.12739771185332374,0.06998100103915225,fold,relative_fundamentals_ridge_alpha1,zero_return,0.05741671081417149,False,True,False,,,,,,,,,
2022Q2,0.17308663849984196,0.07528600948451243,fold,relative_fundamentals_ridge_alpha1,zero_return,0.09780062901532953,False,True,False,,,,,,,,,
2022Q3,0.11532858286431014,0.0592574269361016,fold,relative_fundamentals_ridge_alpha1,zero_return,0.056071155928208535,False,True,False,,,,,,,,,
2022Q4,0.07432731106456289,0.06392091152595639,fold,relative_fundamentals_ridge_alpha1,zero_return,0.010406399538606503,False,True,False,,,,,,,,,
2023Q1,0.08009368311813997,0.06007515159219562,fold,relative_fundamentals_ridge_alpha1,zero_return,0.02001853152594435,False,True,False,,,,,,,,,
2023Q2,0.06702582743895424,0.048950431264801406,fold,relative_fundamentals_ridge_alpha1,zero_return,0.01807539617415284,False,True,False,,,,,,,,,
2023Q3,0.3179838442972676,0.04446387440694714,fold,relative_fundamentals_ridge_alpha1,zero_return,0.27351996989032046,False,True,False,,,,,,,,,
2023Q4,0.15599215112566622,0.04027407954804541,fold,relative_fundamentals_ridge_alpha1,zero_return,0.11571807157762082,False,True,False,,,,,,,,,
2024Q1,0.2701245186648656,0.05969741991812431,fold,relative_fundamentals_ridge_alpha1,zero_return,0.2104270987467413,False,True,False,,,,,,,,,
2024Q2,0.10378873821804127,0.053477906041538376,fold,relative_fundamentals_ridge_alpha1,zero_return,0.050310832176502895,False,True,False,,,,,,,,,
2024Q3,0.09459402449674625,0.07075080452540541,fold,relative_fundamentals_ridge_alpha1,zero_return,0.02384321997134084,False,True,False,,,,,,,,,
2024Q4,0.04416638958181917,0.04254239449889699,fold,relative_fundamentals_ridge_alpha1,zero_return,0.0016239950829221791,False,True,False,,,,,,,,,
2025Q1,0.08271685335478453,0.07034902954931731,fold,relative_fundamentals_ridge_alpha1,zero_return,0.01236782380546722,False,True,False,,,,,,,,,
2025Q2,0.08884758316546368,0.0551024319506915,fold,relative_fundamentals_ridge_alpha1,zero_return,0.03374515121477218,False,True,False,,,,,,,,,
2025Q3,0.029455649209302034,0.029311555425808603,fold,relative_fundamentals_ridge_alpha1,zero_return,0.00014409378349343124,False,True,False,,,,,,,,,
2025Q4,0.038535480069338164,0.0368406590374719,fold,relative_fundamentals_ridge_alpha1,zero_return,0.0016948210318662657,False,True,False,,,,,,,,,
2026Q1,0.034907438792434846,0.03379490879502288,fold,relative_fundamentals_ridge_alpha1,zero_return,0.0011125299974119665,False,True,False,,,,,,,,,
2026Q2,0.053648742483381424,0.047798247406051875,fold,relative_fundamentals_ridge_alpha1,zero_return,0.00585049507732955,False,True,False,,,,,,,,,
ALL,,,aggregate,relative_fundamentals_ridge_alpha1,zero_return,,,,,22.0,0.10177121081981322,0.0524426275631154,0.049328583256697825,0.021930875748642595,0.0,22.0,0.0,0.0
2021Q1,0.049003430654719,0.049179676787376586,fold,relative_fundamentals_ridge_alpha1,historical_mean,-0.00017624613265758426,True,False,False,,,,,,,,,
2021Q2,0.09295511181036537,0.04462363646347567,fold,relative_fundamentals_ridge_alpha1,historical_mean,0.048331475346889696,False,True,False,,,,,,,,,
2021Q3,0.0820362738276399,0.03965851902769299,fold,relative_fundamentals_ridge_alpha1,historical_mean,0.042377754799946904,False,True,False,,,,,,,,,
2021Q4,0.06295065344492315,0.055815596553373766,fold,relative_fundamentals_ridge_alpha1,historical_mean,0.007135056891549384,False,True,False,,,,,,,,,
2022Q1,0.12739771185332374,0.07266216645024537,fold,relative_fundamentals_ridge_alpha1,historical_mean,0.05473554540307837,False,True,False,,,,,,,,,
2022Q2,0.17308663849984196,0.08001471969112942,fold,relative_fundamentals_ridge_alpha1,historical_mean,0.09307191880871254,False,True,False,,,,,,,,,
2022Q3,0.11532858286431014,0.060883907259717956,fold,relative_fundamentals_ridge_alpha1,historical_mean,0.05444467560459218,False,True,False,,,,,,,,,
2022Q4,0.07432731106456289,0.06224209287279011,fold,relative_fundamentals_ridge_alpha1,historical_mean,0.01208521819177278,False,True,False,,,,,,,,,
2023Q1,0.08009368311813997,0.055542297050347474,fold,relative_fundamentals_ridge_alpha1,historical_mean,0.024551386067792495,False,True,False,,,,,,,,,
2023Q2,0.06702582743895424,0.04608861806195329,fold,relative_fundamentals_ridge_alpha1,historical_mean,0.020937209377000957,False,True,False,,,,,,,,,
2023Q3,0.3179838442972676,0.045252958477706134,fold,relative_fundamentals_ridge_alpha1,historical_mean,0.2727308858195615,False,True,False,,,,,,,,,
2023Q4,0.15599215112566622,0.03994329731576087,fold,relative_fundamentals_ridge_alpha1,historical_mean,0.11604885380990534,False,True,False,,,,,,,,,
2024Q1,0.2701245186648656,0.05391728523232719,fold,relative_fundamentals_ridge_alpha1,historical_mean,0.2162072334325384,False,True,False,,,,,,,,,
2024Q2,0.10378873821804127,0.049492208135412,fold,relative_fundamentals_ridge_alpha1,historical_mean,0.054296530082629274,False,True,False,,,,,,,,,
2024Q3,0.09459402449674625,0.07162253918418207,fold,relative_fundamentals_ridge_alpha1,historical_mean,0.022971485312564183,False,True,False,,,,,,,,,
2024Q4,0.04416638958181917,0.042452453794849326,fold,relative_fundamentals_ridge_alpha1,historical_mean,0.0017139357869698432,False,True,False,,,,,,,,,
2025Q1,0.08271685335478453,0.07335287459646044,fold,relative_fundamentals_ridge_alpha1,historical_mean,0.009363978758324093,False,True,False,,,,,,,,,
2025Q2,0.08884758316546368,0.04907664347134992,fold,relative_fundamentals_ridge_alpha1,historical_mean,0.03977093969411376,False,True,False,,,,,,,,,
2025Q3,0.029455649209302034,0.02785156192519876,fold,relative_fundamentals_ridge_alpha1,historical_mean,0.0016040872841032727,False,True,False,,,,,,,,,
2025Q4,0.038535480069338164,0.04006299263171266,fold,relative_fundamentals_ridge_alpha1,historical_mean,-0.001527512562374496,True,False,False,,,,,,,,,
2026Q1,0.034907438792434846,0.035403756485140866,fold,relative_fundamentals_ridge_alpha1,historical_mean,-0.0004963176927060206,True,False,False,,,,,,,,,
2026Q2,0.053648742483381424,0.04589035648357195,fold,relative_fundamentals_ridge_alpha1,historical_mean,0.007758385999809478,False,True,False,,,,,,,,,
ALL,,,aggregate,relative_fundamentals_ridge_alpha1,historical_mean,,,,,22.0,0.10177121081981322,0.05186500717962612,0.0499062036401871,0.02376143569017834,3.0,19.0,0.0,0.13636363636363635
