fold_id,model,target,validation_first_session,validation_last_session,train_rows,validation_rows,MAE,bias,prediction_mean,prediction_std,prediction_min,prediction_max,max_abs_prediction,fraction_abs_prediction_gt_0_10,fraction_abs_prediction_gt_0_20
2021Q1,zero_return,forward_return_5d,2021-01-04,2021-03-31,248,61,0.048664474263888334,-0.004170378750862849,0.0,0.0,0.0,0.0,0.0,0.0,0.0
2021Q1,historical_mean,forward_return_5d,2021-01-04,2021-03-31,248,61,0.049179676787376586,0.01180390702414001,0.015974285775002855,3.498239536532706e-18,0.01597428577500286,0.01597428577500286,0.01597428577500286,0.0,0.0
2021Q1,relative_ols,forward_return_5d,2021-01-04,2021-03-31,248,61,0.04875095002643389,0.016396273187919645,0.020566651938782498,0.021289353938615703,-0.028027458659275112,0.0757573362326068,0.0757573362326068,0.0,0.0
2021Q1,relative_ridge_alpha1,forward_return_5d,2021-01-04,2021-03-31,248,61,0.0480376274304339,0.015356885940791543,0.01952726469165439,0.020046580361484236,-0.023938683840822518,0.07346878507570587,0.07346878507570587,0.0,0.0
2021Q2,zero_return,forward_return_5d,2021-04-01,2021-06-30,309,63,0.04945000395771636,-0.02959015340266463,0.0,0.0,0.0,0.0,0.0,0.0,0.0
2021Q2,historical_mean,forward_return_5d,2021-04-01,2021-06-30,309,63,0.04462363646347567,-0.0171469356175992,0.012443217785065424,3.497314443422115e-18,0.012443217785065427,0.012443217785065427,0.012443217785065427,0.0,0.0
2021Q2,relative_ols,forward_return_5d,2021-04-01,2021-06-30,309,63,0.056105096209785585,-0.03029067159309504,-0.0007005181904304089,0.02018064816571345,-0.03260346409010276,0.049882899679931154,0.049882899679931154,0.0,0.0
2021Q2,relative_ridge_alpha1,forward_return_5d,2021-04-01,2021-06-30,309,63,0.05558450615984855,-0.02971272513084851,-0.0001225717281838794,0.019102350577363106,-0.029939415448095537,0.045772523894711,0.045772523894711,0.0,0.0
2021Q3,zero_return,forward_return_5d,2021-07-01,2021-09-30,372,64,0.035466345471671316,-0.0009061207472707573,0.0,0.0,0.0,0.0,0.0,0.0,0.0
2021Q3,historical_mean,forward_return_5d,2021-07-01,2021-09-30,372,64,0.03965851902769299,0.015131972927847471,0.01603809367511823,0.0,0.01603809367511823,0.01603809367511823,0.01603809367511823,0.0,0.0
2021Q3,relative_ols,forward_return_5d,2021-07-01,2021-09-30,372,64,0.03445827380409981,0.006842629155608053,0.007748749902878811,0.010302368542231741,-0.011609135680999461,0.03262096459998015,0.03262096459998015,0.0,0.0
2021Q3,relative_ridge_alpha1,forward_return_5d,2021-07-01,2021-09-30,372,64,0.03497526158480231,0.0068537644333741205,0.007759885180644878,0.009224864503093903,-0.0082542358032658,0.029498928973838007,0.029498928973838007,0.0,0.0
2021Q4,zero_return,forward_return_5d,2021-10-01,2021-12-31,436,64,0.058282739749221366,-0.02256657101421828,0.0,0.0,0.0,0.0,0.0,0.0,0.0
2021Q4,historical_mean,forward_return_5d,2021-10-01,2021-12-31,436,64,0.055815596553373766,-0.008106354070944014,0.014460216943274264,1.7484369184381568e-18,0.014460216943274266,0.014460216943274266,0.014460216943274266,0.0,0.0
2021Q4,relative_ols,forward_return_5d,2021-10-01,2021-12-31,436,64,0.05668740389446861,-0.018333035488684413,0.00423353552553386,0.017740650820313827,-0.033553057980978566,0.03886043169116923,0.03886043169116923,0.0,0.0
2021Q4,relative_ridge_alpha1,forward_return_5d,2021-10-01,2021-12-31,436,64,0.05634083495275559,-0.01903449694282656,0.003532074071391712,0.016675565904236026,-0.03182407815369574,0.03639106582588978,0.03639106582588978,0.0,0.0
2022Q1,zero_return,forward_return_5d,2022-01-03,2022-03-31,500,62,0.06998100103915225,0.0034605457874247233,0.0,0.0,0.0,0.0,0.0,0.0,0.0
2022Q1,historical_mean,forward_return_5d,2022-01-03,2022-03-31,500,62,0.07266216645024537,0.019270719979502898,0.015810174192078173,0.0,0.015810174192078173,0.015810174192078173,0.015810174192078173,0.0,0.0
2022Q1,relative_ols,forward_return_5d,2022-01-03,2022-03-31,500,62,0.0847745296323606,0.05932163448634335,0.05586108869891862,0.017122939813584235,0.017682057446448234,0.10311695167224448,0.10311695167224448,0.016129032258064516,0.0
2022Q1,relative_ridge_alpha1,forward_return_5d,2022-01-03,2022-03-31,500,62,0.0830254367126595,0.056366614450549184,0.052906068663124466,0.015225000284315246,0.016920133863956417,0.09282867409078249,0.09282867409078249,0.0,0.0
2022Q2,zero_return,forward_return_5d,2022-04-01,2022-06-30,562,62,0.07528600948451243,0.033487666105005136,0.0,0.0,0.0,0.0,0.0,0.0,0.0
2022Q2,historical_mean,forward_return_5d,2022-04-01,2022-06-30,562,62,0.08001471969112942,0.04739175536184213,0.013904089256836998,5.2466541567336835e-18,0.013904089256837003,0.013904089256837003,0.013904089256837003,0.0,0.0
2022Q2,relative_ols,forward_return_5d,2022-04-01,2022-06-30,562,62,0.09070870011758854,0.07021946942099401,0.0367318033159889,0.009551812665442838,0.011829143508814173,0.06220341613760357,0.06220341613760357,0.0,0.0
2022Q2,relative_ridge_alpha1,forward_return_5d,2022-04-01,2022-06-30,562,62,0.09018087479914762,0.06956527645253524,0.03607761034753012,0.00870841104603906,0.014413654248841834,0.055069415580982606,0.055069415580982606,0.0,0.0
2022Q3,zero_return,forward_return_5d,2022-07-01,2022-09-30,624,64,0.0592574269361016,0.004605073640568894,0.0,0.0,0.0,0.0,0.0,0.0,0.0
2022Q3,historical_mean,forward_return_5d,2022-07-01,2022-09-30,624,64,0.060883907259717956,0.013509315550243928,0.00890424190967503,0.0,0.00890424190967503,0.00890424190967503,0.00890424190967503,0.0,0.0
2022Q3,relative_ols,forward_return_5d,2022-07-01,2022-09-30,624,64,0.061130399135379015,0.015472660797691733,0.010867587157122837,0.0040973462938052084,0.0042432963420209364,0.022618743557950988,0.022618743557950988,0.0,0.0
2022Q3,relative_ridge_alpha1,forward_return_5d,2022-07-01,2022-09-30,624,64,0.06096285571510633,0.015428544252157544,0.01082347061158865,0.003643268573798184,0.004392033215289231,0.019270107505229214,0.019270107505229214,0.0,0.0
2022Q4,zero_return,forward_return_5d,2022-10-03,2022-12-30,688,63,0.06392091152595639,-0.013494623646961263,0.0,0.0,0.0,0.0,0.0,0.0,0.0
2022Q4,historical_mean,forward_return_5d,2022-10-03,2022-12-30,688,63,0.06224209287279011,-0.006443585303662853,0.007051038343298411,1.7486572217110576e-18,0.007051038343298413,0.007051038343298413,0.007051038343298413,0.0,0.0
2022Q4,relative_ols,forward_return_5d,2022-10-03,2022-12-30,688,63,0.059161296057133585,-0.00446203992649377,0.00903258372046749,0.011052249148373466,-0.008248520666125204,0.031860525582553874,0.031860525582553874,0.0,0.0
2022Q4,relative_ridge_alpha1,forward_return_5d,2022-10-03,2022-12-30,688,63,0.059636211492872515,-0.00460071130333271,0.008893912343628551,0.010497347352363318,-0.009074918689926607,0.028976695417398387,0.028976695417398387,0.0,0.0
2023Q1,zero_return,forward_return_5d,2023-01-03,2023-03-31,751,62,0.06007515159219562,-0.0520558793814925,0.0,0.0,0.0,0.0,0.0,0.0,0.0
2023Q1,historical_mean,forward_return_5d,2023-01-03,2023-03-31,751,62,0.055542297050347474,-0.0443327800454477,0.007723099336044796,8.74442359455614e-19,0.007723099336044795,0.007723099336044795,0.007723099336044795,0.0,0.0
2023Q1,relative_ols,forward_return_5d,2023-01-03,2023-03-31,751,62,0.06025997775503606,-0.0527837620511147,-0.0007278826696221979,0.01067826977262426,-0.03825016119052421,0.020817115839700237,0.03825016119052421,0.0,0.0
2023Q1,relative_ridge_alpha1,forward_return_5d,2023-01-03,2023-03-31,751,62,0.060164091713708893,-0.05294587819028665,-0.0008899988087941393,0.009751532158194038,-0.023892287135666112,0.019758768726454972,0.023892287135666112,0.0,0.0
2023Q2,zero_return,forward_return_5d,2023-04-03,2023-06-30,813,62,0.048950431264801406,-0.033182179687278025,0.0,0.0,0.0,0.0,0.0,0.0,0.0
2023Q2,historical_mean,forward_return_5d,2023-04-03,2023-06-30,813,62,0.04608861806195329,-0.0220519975053609,0.011130182181917123,5.2466541567336835e-18,0.011130182181917128,0.011130182181917128,0.011130182181917128,0.0,0.0
2023Q2,relative_ols,forward_return_5d,2023-04-03,2023-06-30,813,62,0.047197376233060584,-0.027117879061201864,0.006064300626076167,0.010320786563798767,-0.06263046694494696,0.01862124199973203,0.06263046694494696,0.0,0.0
2023Q2,relative_ridge_alpha1,forward_return_5d,2023-04-03,2023-06-30,813,62,0.04627842620527755,-0.02635778567242561,0.006824394014852421,0.005555623820694241,-0.006052191934383342,0.01883845691039058,0.01883845691039058,0.0,0.0
2023Q3,zero_return,forward_return_5d,2023-07-03,2023-09-29,875,63,0.04446387440694714,-0.0026170530890127905,0.0,0.0,0.0,0.0,0.0,0.0,0.0
2023Q3,historical_mean,forward_return_5d,2023-07-03,2023-09-29,875,63,0.045252958477706134,0.010031706877863483,0.012648759966876272,6.99462888684423e-18,0.012648759966876266,0.012648759966876266,0.012648759966876266,0.0,0.0
2023Q3,relative_ols,forward_return_5d,2023-07-03,2023-09-29,875,63,0.04590424099159095,0.007178759805428573,0.00979581289444136,0.005958891426916818,-0.0009970296869159755,0.026328639857725246,0.026328639857725246,0.0,0.0
2023Q3,relative_ridge_alpha1,forward_return_5d,2023-07-03,2023-09-29,875,63,0.045954509133892575,0.007187737849413808,0.009804790938426601,0.0054763252213789766,-0.0004628264433366395,0.023161009899167032,0.023161009899167032,0.0,0.0
2023Q4,zero_return,forward_return_5d,2023-10-02,2023-12-29,938,63,0.04027407954804541,-0.00828322797863408,0.0,0.0,0.0,0.0,0.0,0.0,0.0
2023Q4,historical_mean,forward_return_5d,2023-10-02,2023-12-29,938,63,0.03994329731576087,0.003600901827357794,0.011884129805991867,3.497314443422115e-18,0.01188412980599187,0.01188412980599187,0.01188412980599187,0.0,0.0
2023Q4,relative_ols,forward_return_5d,2023-10-02,2023-12-29,938,63,0.04174614788335815,0.005863732796159318,0.014146960774793398,0.004815544720521923,0.004991432409376721,0.02629031022995886,0.02629031022995886,0.0,0.0
2023Q4,relative_ridge_alpha1,forward_return_5d,2023-10-02,2023-12-29,938,63,0.04180469592951166,0.005980755475654629,0.01426398345428871,0.004725756572252453,0.005249381996920071,0.025501411726896024,0.025501411726896024,0.0,0.0
2024Q1,zero_return,forward_return_5d,2024-01-02,2024-03-28,1001,61,0.05969741991812431,-0.044267358670630835,0.0,0.0,0.0,0.0,0.0,0.0,0.0
2024Q1,historical_mean,forward_return_5d,2024-01-02,2024-03-28,1001,61,0.05391728523232719,-0.03237765233240905,0.011889706338221777,3.498239536532706e-18,0.01188970633822178,0.01188970633822178,0.01188970633822178,0.0,0.0
2024Q1,relative_ols,forward_return_5d,2024-01-02,2024-03-28,1001,61,0.053288723371214104,-0.03404985212440231,0.010217506546228513,0.005885611269876326,-0.011799425406910907,0.028545835435920545,0.028545835435920545,0.0,0.0
2024Q1,relative_ridge_alpha1,forward_return_5d,2024-01-02,2024-03-28,1001,61,0.053508058129365176,-0.03424689489739539,0.010020463773235445,0.005237018511206679,-0.0009481616921761353,0.025586579803438435,0.025586579803438435,0.0,0.0
2024Q2,zero_return,forward_return_5d,2024-04-01,2024-06-28,1062,63,0.053477906041538376,-0.025006087315852445,0.0,0.0,0.0,0.0,0.0,0.0,0.0
2024Q2,historical_mean,forward_return_5d,2024-04-01,2024-06-28,1062,63,0.049492208135412,-0.011088756797819557,0.013917330518032886,1.7486572217110576e-18,0.013917330518032884,0.013917330518032884,0.013917330518032884,0.0,0.0
2024Q2,relative_ols,forward_return_5d,2024-04-01,2024-06-28,1062,63,0.04816949581211159,-0.010897279137042536,0.014108808178809908,0.00567254305276839,0.004401458361612525,0.030637391233700587,0.030637391233700587,0.0,0.0
2024Q2,relative_ridge_alpha1,forward_return_5d,2024-04-01,2024-06-28,1062,63,0.048098304174861536,-0.010996543562627628,0.014009543753224817,0.005450089653353372,0.004445805332734842,0.02816841558358439,0.02816841558358439,0.0,0.0
2024Q3,zero_return,forward_return_5d,2024-07-01,2024-09-30,1125,64,0.07075080452540541,0.0001887903875225968,0.0,0.0,0.0,0.0,0.0,0.0,0.0
2024Q3,historical_mean,forward_return_5d,2024-07-01,2024-09-30,1125,64,0.07162253918418207,0.014460035209838986,0.014271244822316386,1.7484369184381568e-18,0.014271244822316387,0.014271244822316387,0.014271244822316387,0.0,0.0
2024Q3,relative_ols,forward_return_5d,2024-07-01,2024-09-30,1125,64,0.0726305806488854,0.011948377974479575,0.011759587586956978,0.008471920814278248,-0.00461491562749157,0.03403752897451788,0.03403752897451788,0.0,0.0
2024Q3,relative_ridge_alpha1,forward_return_5d,2024-07-01,2024-09-30,1125,64,0.07264388802063443,0.011796922213918475,0.011608131826395876,0.008118672764283415,-0.000618410703798004,0.03297987629776029,0.03297987629776029,0.0,0.0
2024Q4,zero_return,forward_return_5d,2024-10-01,2024-12-31,1189,64,0.04254239449889699,-0.00986477821516986,0.0,0.0,0.0,0.0,0.0,0.0,0.0
2024Q4,historical_mean,forward_return_5d,2024-10-01,2024-12-31,1189,64,0.042452453794849326,0.0037024027285672122,0.013567180943737074,1.7484369184381568e-18,0.013567180943737076,0.013567180943737076,0.013567180943737076,0.0,0.0
2024Q4,relative_ols,forward_return_5d,2024-10-01,2024-12-31,1189,64,0.041839763847847544,0.003966587662606292,0.013831365877776152,0.0039240069297115975,0.0071757062598736005,0.024811616799306158,0.024811616799306158,0.0,0.0
2024Q4,relative_ridge_alpha1,forward_return_5d,2024-10-01,2024-12-31,1189,64,0.04185519885030256,0.00395797736901682,0.01382275558418668,0.0034416528361799655,0.007667636481762039,0.022953192091645234,0.022953192091645234,0.0,0.0
2025Q1,zero_return,forward_return_5d,2025-01-02,2025-03-31,1253,60,0.07034902954931731,0.023508208888420933,0.0,0.0,0.0,0.0,0.0,0.0,0.0
2025Q1,historical_mean,forward_return_5d,2025-01-02,2025-03-31,1253,60,0.07335287459646044,0.03673088600129096,0.013222677112870026,3.4987255043806474e-18,0.013222677112870023,0.013222677112870023,0.013222677112870023,0.0,0.0
2025Q1,relative_ols,forward_return_5d,2025-01-02,2025-03-31,1253,60,0.07547793727898536,0.03867646958010041,0.015168260691679489,0.007044420262650846,-0.013578957943867613,0.03207900215809274,0.03207900215809274,0.0,0.0
2025Q1,relative_ridge_alpha1,forward_return_5d,2025-01-02,2025-03-31,1253,60,0.07578649734491569,0.03877195643808402,0.015263747549663082,0.005866077751226853,0.00392772377762848,0.032907649630214295,0.032907649630214295,0.0,0.0
2025Q2,zero_return,forward_return_5d,2025-04-01,2025-06-30,1313,62,0.0551024319506915,-0.03717259688943807,0.0,0.0,0.0,0.0,0.0,0.0,0.0
2025Q2,historical_mean,forward_return_5d,2025-04-01,2025-06-30,1313,62,0.04907664347134992,-0.025203975076980224,0.011968621812457846,1.748884718911228e-18,0.011968621812457848,0.011968621812457848,0.011968621812457848,0.0,0.0
2025Q2,relative_ols,forward_return_5d,2025-04-01,2025-06-30,1313,62,0.04845314141344878,-0.026416754501525787,0.010755842387912289,0.0063515829849993734,-0.02612886896005769,0.027550613873457263,0.027550613873457263,0.0,0.0
2025Q2,relative_ridge_alpha1,forward_return_5d,2025-04-01,2025-06-30,1313,62,0.048678624329895025,-0.025999881185671096,0.011172715703766985,0.004453707942889106,-0.010379872384627387,0.021923765976389332,0.021923765976389332,0.0,0.0
2025Q3,zero_return,forward_return_5d,2025-07-01,2025-09-30,1375,64,0.029311555425808603,-0.012773967643329413,0.0,0.0,0.0,0.0,0.0,0.0,0.0
2025Q3,historical_mean,forward_return_5d,2025-07-01,2025-09-30,1375,64,0.02785156192519876,4.051475408942823e-06,0.012778019118738356,1.7484369184381568e-18,0.012778019118738358,0.012778019118738358,0.012778019118738358,0.0,0.0
2025Q3,relative_ols,forward_return_5d,2025-07-01,2025-09-30,1375,64,0.027132336018352937,-0.0008741955039685721,0.011899772139360842,0.002392028899776937,0.007449929736576757,0.017117710091049676,0.017117710091049676,0.0,0.0
2025Q3,relative_ridge_alpha1,forward_return_5d,2025-07-01,2025-09-30,1375,64,0.02710958969071544,-0.0006579870490118654,0.012115980594317547,0.002246104811724853,0.007991765189881738,0.017033084745737465,0.017033084745737465,0.0,0.0
2025Q4,zero_return,forward_return_5d,2025-10-01,2025-12-31,1439,64,0.0368406590374719,0.0018583846720614718,0.0,0.0,0.0,0.0,0.0,0.0,0.0
2025Q4,historical_mean,forward_return_5d,2025-10-01,2025-12-31,1439,64,0.04006299263171266,0.014558353905409388,0.012699969233347914,0.0,0.012699969233347914,0.012699969233347914,0.012699969233347914,0.0,0.0
2025Q4,relative_ols,forward_return_5d,2025-10-01,2025-12-31,1439,64,0.041388814081815314,0.015404132189616669,0.013545747517555195,0.0035097973166633286,0.006649746500796688,0.022513195737744206,0.022513195737744206,0.0,0.0
2025Q4,relative_ridge_alpha1,forward_return_5d,2025-10-01,2025-12-31,1439,64,0.04132035908281567,0.015421398322849719,0.013563013650788248,0.00326313387828477,0.00756719832190272,0.02172989980180004,0.02172989980180004,0.0,0.0
2026Q1,zero_return,forward_return_5d,2026-01-02,2026-03-31,1503,61,0.03379490879502288,0.0048274742401907805,0.0,0.0,0.0,0.0,0.0,0.0,0.0
2026Q1,historical_mean,forward_return_5d,2026-01-02,2026-03-31,1503,61,0.035403756485140866,0.017058920209038566,0.0122314459688478,5.247359304799059e-18,0.012231445968847794,0.012231445968847794,0.012231445968847794,0.0,0.0
2026Q1,relative_ols,forward_return_5d,2026-01-02,2026-03-31,1503,61,0.03499840637843981,0.01773834159929354,0.01291086735910275,0.002822632040902154,0.004731714242301439,0.020337377986027343,0.020337377986027343,0.0,0.0
2026Q1,relative_ridge_alpha1,forward_return_5d,2026-01-02,2026-03-31,1503,61,0.03499204518543132,0.017846903550905856,0.013019429310715076,0.0027572853155594214,0.005783953014941156,0.019573430481561155,0.019573430481561155,0.0,0.0
2026Q2,zero_return,forward_return_5d,2026-04-01,2026-06-12,1564,51,0.047798247406051875,-0.015457503071627255,0.0,0.0,0.0,0.0,0.0,0.0,0.0
2026Q2,historical_mean,forward_return_5d,2026-04-01,2026-06-12,1564,51,0.04589035648357195,-0.004039624194455536,0.011417878877171724,0.0,0.011417878877171724,0.011417878877171724,0.011417878877171724,0.0,0.0
2026Q2,relative_ols,forward_return_5d,2026-04-01,2026-06-12,1564,51,0.04627765948911082,-0.005120513984931762,0.010336989086695492,0.0035532167113486155,0.0009303512854429482,0.020044810973524306,0.020044810973524306,0.0,0.0
2026Q2,relative_ridge_alpha1,forward_return_5d,2026-04-01,2026-06-12,1564,51,0.04627298736670436,-0.005124925062046708,0.010332578009580548,0.0034451255780643337,0.0019250662096023906,0.020158876933978206,0.020158876933978206,0.0,0.0
2021Q1,relative_fundamentals_ols,forward_return_5d,2021-01-04,2021-03-31,248,61,0.04982656849971134,-0.0001810161553274366,0.003989362595535413,0.04006015094450678,-0.07581492666401274,0.0869673086322676,0.0869673086322676,0.0,0.0
2021Q1,relative_fundamentals_ridge_alpha1,forward_return_5d,2021-01-04,2021-03-31,248,61,0.049003430654719,-0.0013881448937596722,0.0027822338571031765,0.038046431422535824,-0.07039466721791687,0.08591955525381033,0.08591955525381033,0.0,0.0
2021Q2,relative_fundamentals_ols,forward_return_5d,2021-04-01,2021-06-30,309,63,0.09561301239053373,-0.09170911000266348,-0.062118956599998845,0.03289884210813781,-0.12086289007956665,0.010609202823855303,0.12086289007956665,0.1746031746031746,0.0
2021Q2,relative_fundamentals_ridge_alpha1,forward_return_5d,2021-04-01,2021-06-30,309,63,0.09295511181036537,-0.08856988964888678,-0.05897973624622215,0.03146087827465577,-0.11601270460271433,0.007363809642701856,0.11601270460271433,0.12698412698412698,0.0
2021Q3,relative_fundamentals_ols,forward_return_5d,2021-07-01,2021-09-30,372,64,0.09863428173479827,0.09599396262234303,0.0969000833696138,0.05078500249519068,0.010265438075838322,0.18995470608358994,0.18995470608358994,0.46875,0.0
2021Q3,relative_fundamentals_ridge_alpha1,forward_return_5d,2021-07-01,2021-09-30,372,64,0.0820362738276399,0.07601361955153395,0.0769197402988047,0.04257948641082276,0.005287412243426163,0.1568607006558001,0.1568607006558001,0.4375,0.0
2021Q4,relative_fundamentals_ols,forward_return_5d,2021-10-01,2021-12-31,436,64,0.06698588123642094,-0.04664807667262762,-0.024081505658409344,0.04695270650138126,-0.12790211390624057,0.04566421568316824,0.12790211390624057,0.046875,0.0
2021Q4,relative_fundamentals_ridge_alpha1,forward_return_5d,2021-10-01,2021-12-31,436,64,0.06295065344492315,-0.04106186039017379,-0.018495289375955508,0.04141374319076843,-0.10912529525829692,0.04638802302843863,0.10912529525829692,0.015625,0.0
2022Q1,relative_fundamentals_ols,forward_return_5d,2022-01-03,2022-03-31,500,62,0.1316123969165584,0.12359904408148212,0.1201384982940574,0.029184478622672944,0.042058397001939675,0.18667140463654816,0.18667140463654816,0.7096774193548387,0.0
2022Q1,relative_fundamentals_ridge_alpha1,forward_return_5d,2022-01-03,2022-03-31,500,62,0.12739771185332374,0.11879699635262303,0.11533645056519833,0.026655231595065436,0.04213968158835342,0.17199963714779987,0.17199963714779987,0.7258064516129032,0.0
2022Q2,relative_fundamentals_ols,forward_return_5d,2022-04-01,2022-06-30,562,62,0.17834209808608031,0.17182238454430793,0.1383347184393028,0.07121827286908781,0.032584597539044705,0.2412459694127543,0.2412459694127543,0.5806451612903226,0.3548387096774194
2022Q2,relative_fundamentals_ridge_alpha1,forward_return_5d,2022-04-01,2022-06-30,562,62,0.17308663849984196,0.1655079617873684,0.13202029568236331,0.06795771170908639,0.030460693146507095,0.22831162628979212,0.22831162628979212,0.5483870967741935,0.3548387096774194
2022Q3,relative_fundamentals_ols,forward_return_5d,2022-07-01,2022-09-30,624,64,0.12149757407256961,0.004674825739922081,6.975209935318472e-05,0.11882330308405813,-0.11778055659024098,0.18621576621745006,0.18621576621745006,0.46875,0.0
2022Q3,relative_fundamentals_ridge_alpha1,forward_return_5d,2022-07-01,2022-09-30,624,64,0.11532858286431014,0.0003267348166568797,-0.004278338823912016,0.11020541095957448,-0.11555503807039794,0.1668915418526647,0.1668915418526647,0.4375,0.0
2022Q4,relative_fundamentals_ols,forward_return_5d,2022-10-03,2022-12-30,688,63,0.07475930119686823,-0.04969753147769624,-0.03620290783073498,0.02892044188226404,-0.09188174848577586,0.02419033650097084,0.09188174848577586,0.0,0.0
2022Q4,relative_fundamentals_ridge_alpha1,forward_return_5d,2022-10-03,2022-12-30,688,63,0.07432731106456289,-0.04906317235786757,-0.035568548710906304,0.02714636240241173,-0.07575023507779026,0.018647270632564484,0.07575023507779026,0.0,0.0
2023Q1,relative_fundamentals_ols,forward_return_5d,2023-01-03,2023-03-31,751,62,0.08563502698730545,-0.08235385860031894,-0.03029797921882644,0.036204179726047274,-0.08618264945933117,0.02136386946850114,0.08618264945933117,0.0,0.0
2023Q1,relative_fundamentals_ridge_alpha1,forward_return_5d,2023-01-03,2023-03-31,751,62,0.08009368311813997,-0.0769785559235051,-0.02492267654201261,0.029962957128536825,-0.06954967472198954,0.024093405587588917,0.06954967472198954,0.0,0.0
2023Q2,relative_fundamentals_ols,forward_return_5d,2023-04-03,2023-06-30,813,62,0.07055758405842906,0.03789754574296373,0.07107972543024176,0.033147525493771694,-0.056686022377132876,0.13917169627016188,0.13917169627016188,0.22580645161290322,0.0
2023Q2,relative_fundamentals_ridge_alpha1,forward_return_5d,2023-04-03,2023-06-30,813,62,0.06702582743895424,0.03703730087057263,0.07021948055785067,0.025002600831674947,0.024334654257729627,0.12781267784667036,0.12781267784667036,0.16129032258064516,0.0
2023Q3,relative_fundamentals_ols,forward_return_5d,2023-07-03,2023-09-29,875,63,0.3326249698639485,-0.2893078044016798,-0.2866907513126671,0.4291066481514875,-0.8600831158760835,0.07812157937114321,0.8600831158760835,0.36507936507936506,0.36507936507936506
2023Q3,relative_fundamentals_ridge_alpha1,forward_return_5d,2023-07-03,2023-09-29,875,63,0.3179838442972676,-0.27271524470718367,-0.27009819161817084,0.41031506583625993,-0.8184420258052895,0.07418632335790784,0.8184420258052895,0.36507936507936506,0.36507936507936506
2023Q4,relative_fundamentals_ols,forward_return_5d,2023-10-02,2023-12-29,938,63,0.17979314689315737,-0.16905209861386625,-0.1607688706352322,0.16330047286153657,-0.36564410403604025,-0.006181602623400659,0.36564410403604025,0.4126984126984127,0.4126984126984127
2023Q4,relative_fundamentals_ridge_alpha1,forward_return_5d,2023-10-02,2023-12-29,938,63,0.15599215112566622,-0.1453985190243247,-0.13711529104569065,0.1342003739930147,-0.30750956059132073,-0.009604081871367399,0.30750956059132073,0.4126984126984127,0.4126984126984127
2024Q1,relative_fundamentals_ols,forward_return_5d,2024-01-02,2024-03-28,1001,61,0.4906475920707989,-0.4892265458293997,-0.4449591871587688,0.49959475236537104,-1.052852005512068,0.01628675981396302,1.052852005512068,0.4262295081967213,0.4262295081967213
2024Q1,relative_fundamentals_ridge_alpha1,forward_return_5d,2024-01-02,2024-03-28,1001,61,0.2701245186648656,-0.2688885534269194,-0.22462119475628858,0.23869803185467844,-0.5175281218298501,0.009940576436703864,0.5175281218298501,0.4262295081967213,0.4262295081967213
2024Q2,relative_fundamentals_ols,forward_return_5d,2024-04-01,2024-06-28,1062,63,0.31279457705362895,0.30378107239884466,0.32878715971469713,0.34763285676591293,0.044053628671586215,0.8533791017978373,0.8533791017978373,0.49206349206349204,0.3333333333333333
2024Q2,relative_fundamentals_ridge_alpha1,forward_return_5d,2024-04-01,2024-06-28,1062,63,0.10378873821804127,0.09335076118972994,0.1183568485055824,0.0626119031514199,0.04210939824410721,0.23518586837746858,0.23518586837746858,0.3492063492063492,0.1746031746031746
2024Q3,relative_fundamentals_ols,forward_return_5d,2024-07-01,2024-09-30,1125,64,0.10452687263862813,-0.002892468789707563,-0.0030812591772301596,0.07881526109660258,-0.12453662517262865,0.10311874740747314,0.12453662517262865,0.25,0.0
2024Q3,relative_fundamentals_ridge_alpha1,forward_return_5d,2024-07-01,2024-09-30,1125,64,0.09459402449674625,0.007958551810566468,0.007769761423043864,0.06003187922893321,-0.089793892057182,0.09403587048412207,0.09403587048412207,0.0,0.0
2024Q4,relative_fundamentals_ols,forward_return_5d,2024-10-01,2024-12-31,1189,64,0.0474143859450616,-0.035562631400136255,-0.025697853184966393,0.025155156825566554,-0.06872458675712978,0.03476652923154234,0.06872458675712978,0.0,0.0
2024Q4,relative_fundamentals_ridge_alpha1,forward_return_5d,2024-10-01,2024-12-31,1189,64,0.04416638958181917,-0.026252034240948574,-0.01638725602577871,0.009637873100368339,-0.033468242361671535,0.011743420565397095,0.033468242361671535,0.0,0.0
2025Q1,relative_fundamentals_ols,forward_return_5d,2025-01-02,2025-03-31,1253,60,0.22400509385184333,-0.14667239733168785,-0.1701806062201088,0.24623827786513053,-0.500809990444041,0.05201986503391149,0.500809990444041,0.38333333333333336,0.38333333333333336
2025Q1,relative_fundamentals_ridge_alpha1,forward_return_5d,2025-01-02,2025-03-31,1253,60,0.08271685335478453,-0.0054298653021784445,-0.02893807419059938,0.061925438115059565,-0.12519308257614645,0.03955345363647152,0.12519308257614645,0.2833333333333333,0.0
2025Q2,relative_fundamentals_ols,forward_return_5d,2025-04-01,2025-06-30,1313,62,0.16892364817398525,-0.15545752752496128,-0.11828493063552319,0.13828897061346812,-0.31086732090566394,0.02643719946262623,0.31086732090566394,0.3548387096774194,0.3548387096774194
2025Q2,relative_fundamentals_ridge_alpha1,forward_return_5d,2025-04-01,2025-06-30,1313,62,0.08884758316546368,-0.0754958048283935,-0.03832320793895544,0.03333074892087393,-0.08729113180836218,0.014629116851984878,0.08729113180836218,0.0,0.0
2025Q3,relative_fundamentals_ols,forward_return_5d,2025-07-01,2025-09-30,1375,64,0.036309223220129014,-0.020200174894187833,-0.007426207250858423,0.019173408134951612,-0.04162516308282838,0.019474859699958807,0.04162516308282838,0.0,0.0
2025Q3,relative_fundamentals_ridge_alpha1,forward_return_5d,2025-07-01,2025-09-30,1375,64,0.029455649209302034,-0.01505405880705579,-0.002280091163726375,0.004893399525702531,-0.011140628156335482,0.00918032084461526,0.011140628156335482,0.0,0.0
2025Q4,relative_fundamentals_ols,forward_return_5d,2025-10-01,2025-12-31,1439,64,0.036400183504196174,-0.00916846310236863,-0.011026847774430101,0.006157128212076085,-0.02183820481386812,0.004907367223875325,0.02183820481386812,0.0,0.0
2025Q4,relative_fundamentals_ridge_alpha1,forward_return_5d,2025-10-01,2025-12-31,1439,64,0.038535480069338164,0.005205974875744004,0.0033475902036825328,0.006278639275990311,-0.008016950998942935,0.019845618110885633,0.019845618110885633,0.0,0.0
2026Q1,relative_fundamentals_ols,forward_return_5d,2026-01-02,2026-03-31,1503,61,0.037108857237281634,0.019497622473170686,0.01467014823297991,0.02065970902307383,-0.008701239523602699,0.04920399563009527,0.04920399563009527,0.0,0.0
2026Q1,relative_fundamentals_ridge_alpha1,forward_return_5d,2026-01-02,2026-03-31,1503,61,0.034907438792434846,-0.006101185893994884,-0.01092866013418566,0.014071267738410125,-0.03436496666461835,0.010811901783691158,0.03436496666461835,0.0,0.0
2026Q2,relative_fundamentals_ols,forward_return_5d,2026-04-01,2026-06-12,1564,51,0.06075302922963346,-0.05401826801722791,-0.03856076494560066,0.02636145870219707,-0.09057064949311062,-0.008728523329773764,0.09057064949311062,0.0,0.0
2026Q2,relative_fundamentals_ridge_alpha1,forward_return_5d,2026-04-01,2026-06-12,1564,51,0.053648742483381424,-0.04266540379964939,-0.027207900728022132,0.008385541380197235,-0.046063802559532185,-0.011855760195344157,0.046063802559532185,0.0,0.0
