fold_id,model,training_only_stats_violations,prediction_reconstruction_violations,scaler_sample_count,effective_train_rows,fit_membership_violations,forbidden_feature_violations,fit_target
2021Q1,relative_ols,0,0,248,248,0,0,forward_return_5d
2021Q1,relative_ridge_alpha1,0,0,248,248,0,0,forward_return_5d
2021Q2,relative_ols,0,0,309,309,0,0,forward_return_5d
2021Q2,relative_ridge_alpha1,0,0,309,309,0,0,forward_return_5d
2021Q3,relative_ols,0,0,372,372,0,0,forward_return_5d
2021Q3,relative_ridge_alpha1,0,0,372,372,0,0,forward_return_5d
2021Q4,relative_ols,0,0,436,436,0,0,forward_return_5d
2021Q4,relative_ridge_alpha1,0,0,436,436,0,0,forward_return_5d
2022Q1,relative_ols,0,0,500,500,0,0,forward_return_5d
2022Q1,relative_ridge_alpha1,0,0,500,500,0,0,forward_return_5d
2022Q2,relative_ols,0,0,562,562,0,0,forward_return_5d
2022Q2,relative_ridge_alpha1,0,0,562,562,0,0,forward_return_5d
2022Q3,relative_ols,0,0,624,624,0,0,forward_return_5d
2022Q3,relative_ridge_alpha1,0,0,624,624,0,0,forward_return_5d
2022Q4,relative_ols,0,0,688,688,0,0,forward_return_5d
2022Q4,relative_ridge_alpha1,0,0,688,688,0,0,forward_return_5d
2023Q1,relative_ols,0,0,751,751,0,0,forward_return_5d
2023Q1,relative_ridge_alpha1,0,0,751,751,0,0,forward_return_5d
2023Q2,relative_ols,0,0,813,813,0,0,forward_return_5d
2023Q2,relative_ridge_alpha1,0,0,813,813,0,0,forward_return_5d
2023Q3,relative_ols,0,0,875,875,0,0,forward_return_5d
2023Q3,relative_ridge_alpha1,0,0,875,875,0,0,forward_return_5d
2023Q4,relative_ols,0,0,938,938,0,0,forward_return_5d
2023Q4,relative_ridge_alpha1,0,0,938,938,0,0,forward_return_5d
2024Q1,relative_ols,0,0,1001,1001,0,0,forward_return_5d
2024Q1,relative_ridge_alpha1,0,0,1001,1001,0,0,forward_return_5d
2024Q2,relative_ols,0,0,1062,1062,0,0,forward_return_5d
2024Q2,relative_ridge_alpha1,0,0,1062,1062,0,0,forward_return_5d
2024Q3,relative_ols,0,0,1125,1125,0,0,forward_return_5d
2024Q3,relative_ridge_alpha1,0,0,1125,1125,0,0,forward_return_5d
2024Q4,relative_ols,0,0,1189,1189,0,0,forward_return_5d
2024Q4,relative_ridge_alpha1,0,0,1189,1189,0,0,forward_return_5d
2025Q1,relative_ols,0,0,1253,1253,0,0,forward_return_5d
2025Q1,relative_ridge_alpha1,0,0,1253,1253,0,0,forward_return_5d
2025Q2,relative_ols,0,0,1313,1313,0,0,forward_return_5d
2025Q2,relative_ridge_alpha1,0,0,1313,1313,0,0,forward_return_5d
2025Q3,relative_ols,0,0,1375,1375,0,0,forward_return_5d
2025Q3,relative_ridge_alpha1,0,0,1375,1375,0,0,forward_return_5d
2025Q4,relative_ols,0,0,1439,1439,0,0,forward_return_5d
2025Q4,relative_ridge_alpha1,0,0,1439,1439,0,0,forward_return_5d
2026Q1,relative_ols,0,0,1503,1503,0,0,forward_return_5d
2026Q1,relative_ridge_alpha1,0,0,1503,1503,0,0,forward_return_5d
2026Q2,relative_ols,0,0,1564,1564,0,0,forward_return_5d
2026Q2,relative_ridge_alpha1,0,0,1564,1564,0,0,forward_return_5d
2021Q1,relative_fundamentals_ols,0,0,248,248,0,0,forward_return_5d
2021Q1,relative_fundamentals_ridge_alpha1,0,0,248,248,0,0,forward_return_5d
2021Q2,relative_fundamentals_ols,0,0,309,309,0,0,forward_return_5d
2021Q2,relative_fundamentals_ridge_alpha1,0,0,309,309,0,0,forward_return_5d
2021Q3,relative_fundamentals_ols,0,0,372,372,0,0,forward_return_5d
2021Q3,relative_fundamentals_ridge_alpha1,0,0,372,372,0,0,forward_return_5d
2021Q4,relative_fundamentals_ols,0,0,436,436,0,0,forward_return_5d
2021Q4,relative_fundamentals_ridge_alpha1,0,0,436,436,0,0,forward_return_5d
2022Q1,relative_fundamentals_ols,0,0,500,500,0,0,forward_return_5d
2022Q1,relative_fundamentals_ridge_alpha1,0,0,500,500,0,0,forward_return_5d
2022Q2,relative_fundamentals_ols,0,0,562,562,0,0,forward_return_5d
2022Q2,relative_fundamentals_ridge_alpha1,0,0,562,562,0,0,forward_return_5d
2022Q3,relative_fundamentals_ols,0,0,624,624,0,0,forward_return_5d
2022Q3,relative_fundamentals_ridge_alpha1,0,0,624,624,0,0,forward_return_5d
2022Q4,relative_fundamentals_ols,0,0,688,688,0,0,forward_return_5d
2022Q4,relative_fundamentals_ridge_alpha1,0,0,688,688,0,0,forward_return_5d
2023Q1,relative_fundamentals_ols,0,0,751,751,0,0,forward_return_5d
2023Q1,relative_fundamentals_ridge_alpha1,0,0,751,751,0,0,forward_return_5d
2023Q2,relative_fundamentals_ols,0,0,813,813,0,0,forward_return_5d
2023Q2,relative_fundamentals_ridge_alpha1,0,0,813,813,0,0,forward_return_5d
2023Q3,relative_fundamentals_ols,0,0,875,875,0,0,forward_return_5d
2023Q3,relative_fundamentals_ridge_alpha1,0,0,875,875,0,0,forward_return_5d
2023Q4,relative_fundamentals_ols,0,0,938,938,0,0,forward_return_5d
2023Q4,relative_fundamentals_ridge_alpha1,0,0,938,938,0,0,forward_return_5d
2024Q1,relative_fundamentals_ols,0,0,1001,1001,0,0,forward_return_5d
2024Q1,relative_fundamentals_ridge_alpha1,0,0,1001,1001,0,0,forward_return_5d
2024Q2,relative_fundamentals_ols,0,0,1062,1062,0,0,forward_return_5d
2024Q2,relative_fundamentals_ridge_alpha1,0,0,1062,1062,0,0,forward_return_5d
2024Q3,relative_fundamentals_ols,0,0,1125,1125,0,0,forward_return_5d
2024Q3,relative_fundamentals_ridge_alpha1,0,0,1125,1125,0,0,forward_return_5d
2024Q4,relative_fundamentals_ols,0,0,1189,1189,0,0,forward_return_5d
2024Q4,relative_fundamentals_ridge_alpha1,0,0,1189,1189,0,0,forward_return_5d
2025Q1,relative_fundamentals_ols,0,0,1253,1253,0,0,forward_return_5d
2025Q1,relative_fundamentals_ridge_alpha1,0,0,1253,1253,0,0,forward_return_5d
2025Q2,relative_fundamentals_ols,0,0,1313,1313,0,0,forward_return_5d
2025Q2,relative_fundamentals_ridge_alpha1,0,0,1313,1313,0,0,forward_return_5d
2025Q3,relative_fundamentals_ols,0,0,1375,1375,0,0,forward_return_5d
2025Q3,relative_fundamentals_ridge_alpha1,0,0,1375,1375,0,0,forward_return_5d
2025Q4,relative_fundamentals_ols,0,0,1439,1439,0,0,forward_return_5d
2025Q4,relative_fundamentals_ridge_alpha1,0,0,1439,1439,0,0,forward_return_5d
2026Q1,relative_fundamentals_ols,0,0,1503,1503,0,0,forward_return_5d
2026Q1,relative_fundamentals_ridge_alpha1,0,0,1503,1503,0,0,forward_return_5d
2026Q2,relative_fundamentals_ols,0,0,1564,1564,0,0,forward_return_5d
2026Q2,relative_fundamentals_ridge_alpha1,0,0,1564,1564,0,0,forward_return_5d
