arm,model,fold,feature_name,used,drop_reason,coefficient,intercept,sign,absolute_coefficient,common_all_three_folds,positive_fold_count,negative_fold_count,zero_fold_count,sign_consistent_all_folds
treatment,ols,cv_1,simple_return,True,used,0.1363076854086181,-0.0011279772152137787,1.0,0.1363076854086181,True,3.0,0.0,0.0,True
treatment,ols,cv_2,simple_return,True,used,0.20577066633160243,-0.005046129608109136,1.0,0.20577066633160243,True,3.0,0.0,0.0,True
treatment,ols,cv_3,simple_return,True,used,0.10989443296811123,0.0019168501321404968,1.0,0.10989443296811123,True,3.0,0.0,0.0,True
treatment,ols,cv_1,log_return,True,used,-0.12635512500112356,-0.0011279772152137787,-1.0,0.12635512500112356,True,0.0,3.0,0.0,True
treatment,ols,cv_2,log_return,True,used,-0.20027440220861892,-0.005046129608109136,-1.0,0.20027440220861892,True,0.0,3.0,0.0,True
treatment,ols,cv_3,log_return,True,used,-0.10564894762033454,0.0019168501321404968,-1.0,0.10564894762033454,True,0.0,3.0,0.0,True
treatment,ols,cv_1,intraday_return,True,used,-0.005307593792117878,-0.0011279772152137787,-1.0,0.005307593792117878,True,0.0,3.0,0.0,True
treatment,ols,cv_2,intraday_return,True,used,-0.00096109479598179,-0.005046129608109136,-1.0,0.00096109479598179,True,0.0,3.0,0.0,True
treatment,ols,cv_3,intraday_return,True,used,-2.6740014265322354e-05,0.0019168501321404968,-1.0,2.6740014265322354e-05,True,0.0,3.0,0.0,True
treatment,ols,cv_1,daily_range,True,used,-0.005678266638371565,-0.0011279772152137787,-1.0,0.005678266638371565,True,0.0,3.0,0.0,True
treatment,ols,cv_2,daily_range,True,used,-0.0046883940130000995,-0.005046129608109136,-1.0,0.0046883940130000995,True,0.0,3.0,0.0,True
treatment,ols,cv_3,daily_range,True,used,-0.0071529414125367455,0.0019168501321404968,-1.0,0.0071529414125367455,True,0.0,3.0,0.0,True
treatment,ols,cv_1,close_to_sma_5,True,used,-0.006000637914119873,-0.0011279772152137787,-1.0,0.006000637914119873,True,0.0,3.0,0.0,True
treatment,ols,cv_2,close_to_sma_5,True,used,-0.005325683724231589,-0.005046129608109136,-1.0,0.005325683724231589,True,0.0,3.0,0.0,True
treatment,ols,cv_3,close_to_sma_5,True,used,-0.007945860770462707,0.0019168501321404968,-1.0,0.007945860770462707,True,0.0,3.0,0.0,True
treatment,ols,cv_1,close_to_sma_20,True,used,-0.020820028291941434,-0.0011279772152137787,-1.0,0.020820028291941434,True,0.0,3.0,0.0,True
treatment,ols,cv_2,close_to_sma_20,True,used,-0.018220276225177974,-0.005046129608109136,-1.0,0.018220276225177974,True,0.0,3.0,0.0,True
treatment,ols,cv_3,close_to_sma_20,True,used,-0.011435140706479434,0.0019168501321404968,-1.0,0.011435140706479434,True,0.0,3.0,0.0,True
treatment,ols,cv_1,close_to_sma_60,False,low_training_coverage,,,,,False,,,,
treatment,ols,cv_2,close_to_sma_60,True,used,0.00032953494769191044,-0.005046129608109136,1.0,0.00032953494769191044,False,,,,
treatment,ols,cv_3,close_to_sma_60,True,used,-0.003773080383143293,0.0019168501321404968,-1.0,0.003773080383143293,False,,,,
treatment,ols,cv_1,rolling_volatility_20,True,used,-0.009741533194001752,-0.0011279772152137787,-1.0,0.009741533194001752,True,0.0,3.0,0.0,True
treatment,ols,cv_2,rolling_volatility_20,True,used,-0.005322339858401968,-0.005046129608109136,-1.0,0.005322339858401968,True,0.0,3.0,0.0,True
treatment,ols,cv_3,rolling_volatility_20,True,used,-0.0029782626792253593,0.0019168501321404968,-1.0,0.0029782626792253593,True,0.0,3.0,0.0,True
treatment,ols,cv_1,rolling_volatility_60,False,low_training_coverage,,,,,False,,,,
treatment,ols,cv_2,rolling_volatility_60,True,used,0.003270388551580618,-0.005046129608109136,1.0,0.003270388551580618,False,,,,
treatment,ols,cv_3,rolling_volatility_60,True,used,0.016429664356127652,0.0019168501321404968,1.0,0.016429664356127652,False,,,,
treatment,ridge,cv_1,simple_return,True,used,0.006253521745035625,-0.0011279772152137776,1.0,0.006253521745035625,True,3.0,0.0,0.0,True
treatment,ridge,cv_2,simple_return,True,used,0.005328913042548105,-0.005046129608109135,1.0,0.005328913042548105,True,3.0,0.0,0.0,True
treatment,ridge,cv_3,simple_return,True,used,0.00365179238519481,0.0019168501321404994,1.0,0.00365179238519481,True,3.0,0.0,0.0,True
treatment,ridge,cv_1,log_return,True,used,0.0033624512078739574,-0.0011279772152137776,1.0,0.0033624512078739574,True,3.0,0.0,0.0,True
treatment,ridge,cv_2,log_return,True,used,9.256642712925263e-05,-0.005046129608109135,1.0,9.256642712925263e-05,True,3.0,0.0,0.0,True
treatment,ridge,cv_3,log_return,True,used,0.0005265035903021739,0.0019168501321404994,1.0,0.0005265035903021739,True,3.0,0.0,0.0,True
treatment,ridge,cv_1,intraday_return,True,used,-0.004846717316652237,-0.0011279772152137776,-1.0,0.004846717316652237,True,1.0,2.0,0.0,False
treatment,ridge,cv_2,intraday_return,True,used,-0.0007601578794637053,-0.005046129608109135,-1.0,0.0007601578794637053,True,1.0,2.0,0.0,False
treatment,ridge,cv_3,intraday_return,True,used,8.128239475436815e-05,0.0019168501321404994,1.0,8.128239475436815e-05,True,1.0,2.0,0.0,False
treatment,ridge,cv_1,daily_range,True,used,-0.004374876535456358,-0.0011279772152137776,-1.0,0.004374876535456358,True,0.0,3.0,0.0,True
treatment,ridge,cv_2,daily_range,True,used,-0.0027398396530554127,-0.005046129608109135,-1.0,0.0027398396530554127,True,0.0,3.0,0.0,True
treatment,ridge,cv_3,daily_range,True,used,-0.005989414935479774,0.0019168501321404994,-1.0,0.005989414935479774,True,0.0,3.0,0.0,True
treatment,ridge,cv_1,close_to_sma_5,True,used,-0.0060778041216095645,-0.0011279772152137776,-1.0,0.0060778041216095645,True,0.0,3.0,0.0,True
treatment,ridge,cv_2,close_to_sma_5,True,used,-0.00510613377697102,-0.005046129608109135,-1.0,0.00510613377697102,True,0.0,3.0,0.0,True
treatment,ridge,cv_3,close_to_sma_5,True,used,-0.007929021744335232,0.0019168501321404994,-1.0,0.007929021744335232,True,0.0,3.0,0.0,True
treatment,ridge,cv_1,close_to_sma_20,True,used,-0.02032868916259991,-0.0011279772152137776,-1.0,0.02032868916259991,True,0.0,3.0,0.0,True
treatment,ridge,cv_2,close_to_sma_20,True,used,-0.017401750415338927,-0.005046129608109135,-1.0,0.017401750415338927,True,0.0,3.0,0.0,True
treatment,ridge,cv_3,close_to_sma_20,True,used,-0.010884458197768811,0.0019168501321404994,-1.0,0.010884458197768811,True,0.0,3.0,0.0,True
treatment,ridge,cv_1,close_to_sma_60,False,low_training_coverage,,,,,False,,,,
treatment,ridge,cv_2,close_to_sma_60,True,used,-0.0006223127527726488,-0.005046129608109135,-1.0,0.0006223127527726488,False,,,,
treatment,ridge,cv_3,close_to_sma_60,True,used,-0.004244962007048668,0.0019168501321404994,-1.0,0.004244962007048668,False,,,,
treatment,ridge,cv_1,rolling_volatility_20,True,used,-0.009591114099638205,-0.0011279772152137776,-1.0,0.009591114099638205,True,0.0,3.0,0.0,True
treatment,ridge,cv_2,rolling_volatility_20,True,used,-0.005064104385225484,-0.005046129608109135,-1.0,0.005064104385225484,True,0.0,3.0,0.0,True
treatment,ridge,cv_3,rolling_volatility_20,True,used,-0.00292490043881797,0.0019168501321404994,-1.0,0.00292490043881797,True,0.0,3.0,0.0,True
treatment,ridge,cv_1,rolling_volatility_60,False,low_training_coverage,,,,,False,,,,
treatment,ridge,cv_2,rolling_volatility_60,True,used,0.003128691155893166,-0.005046129608109135,1.0,0.003128691155893166,False,,,,
treatment,ridge,cv_3,rolling_volatility_60,True,used,0.016356663014475706,0.0019168501321404994,1.0,0.016356663014475706,False,,,,
