date,fold,entry_date,exit_date,next_validation_date,overlaps_next_window
2026-02-26,cv_1,2026-02-27,2026-03-05,2026-02-27,True
2026-02-27,cv_1,2026-03-02,2026-03-06,2026-03-02,True
2026-03-02,cv_1,2026-03-03,2026-03-09,2026-03-03,True
2026-03-03,cv_1,2026-03-04,2026-03-10,2026-03-04,True
2026-03-04,cv_1,2026-03-05,2026-03-11,2026-03-05,True
2026-03-05,cv_1,2026-03-06,2026-03-12,2026-03-06,True
2026-03-06,cv_1,2026-03-09,2026-03-13,2026-03-09,True
2026-03-09,cv_1,2026-03-10,2026-03-16,2026-03-10,True
2026-03-10,cv_1,2026-03-11,2026-03-17,2026-03-11,True
2026-03-11,cv_1,2026-03-12,2026-03-18,2026-03-12,True
2026-03-12,cv_1,2026-03-13,2026-03-19,2026-03-13,True
2026-03-13,cv_1,2026-03-16,2026-03-20,2026-03-16,True
2026-03-16,cv_1,2026-03-17,2026-03-23,2026-03-17,True
2026-03-17,cv_1,2026-03-18,2026-03-24,2026-03-18,True
2026-03-18,cv_1,2026-03-19,2026-03-25,2026-03-19,True
2026-03-19,cv_1,2026-03-20,2026-03-26,2026-03-20,True
2026-03-20,cv_1,2026-03-23,2026-03-27,2026-03-23,True
2026-03-23,cv_1,2026-03-24,2026-03-30,2026-03-24,True
2026-03-24,cv_1,2026-03-25,2026-03-31,2026-03-25,True
2026-03-25,cv_1,2026-03-26,2026-04-01,2026-03-26,True
2026-03-26,cv_1,2026-03-27,2026-04-02,2026-03-27,True
2026-03-27,cv_1,2026-03-30,2026-04-06,2026-03-30,True
2026-03-30,cv_1,2026-03-31,2026-04-07,2026-03-31,True
2026-03-31,cv_1,2026-04-01,2026-04-08,2026-04-01,True
2026-04-01,cv_1,2026-04-02,2026-04-09,,
2026-04-02,cv_2,2026-04-06,2026-04-10,2026-04-06,True
2026-04-06,cv_2,2026-04-07,2026-04-13,2026-04-07,True
2026-04-07,cv_2,2026-04-08,2026-04-14,2026-04-08,True
2026-04-08,cv_2,2026-04-09,2026-04-15,2026-04-09,True
2026-04-09,cv_2,2026-04-10,2026-04-16,2026-04-10,True
2026-04-10,cv_2,2026-04-13,2026-04-17,2026-04-13,True
2026-04-13,cv_2,2026-04-14,2026-04-20,2026-04-14,True
2026-04-14,cv_2,2026-04-15,2026-04-21,2026-04-15,True
2026-04-15,cv_2,2026-04-16,2026-04-22,2026-04-16,True
2026-04-16,cv_2,2026-04-17,2026-04-23,2026-04-17,True
2026-04-17,cv_2,2026-04-20,2026-04-24,2026-04-20,True
2026-04-20,cv_2,2026-04-21,2026-04-27,2026-04-21,True
2026-04-21,cv_2,2026-04-22,2026-04-28,2026-04-22,True
2026-04-22,cv_2,2026-04-23,2026-04-29,2026-04-23,True
2026-04-23,cv_2,2026-04-24,2026-04-30,2026-04-24,True
2026-04-24,cv_2,2026-04-27,2026-05-01,2026-04-27,True
2026-04-27,cv_2,2026-04-28,2026-05-04,2026-04-28,True
2026-04-28,cv_2,2026-04-29,2026-05-05,2026-04-29,True
2026-04-29,cv_2,2026-04-30,2026-05-06,2026-04-30,True
2026-04-30,cv_2,2026-05-01,2026-05-07,2026-05-01,True
2026-05-01,cv_2,2026-05-04,2026-05-08,2026-05-04,True
2026-05-04,cv_2,2026-05-05,2026-05-11,2026-05-05,True
2026-05-05,cv_2,2026-05-06,2026-05-12,2026-05-06,True
2026-05-06,cv_2,2026-05-07,2026-05-13,2026-05-07,True
2026-05-07,cv_2,2026-05-08,2026-05-14,,
2026-05-08,cv_3,2026-05-11,2026-05-15,2026-05-11,True
2026-05-11,cv_3,2026-05-12,2026-05-18,2026-05-12,True
2026-05-12,cv_3,2026-05-13,2026-05-19,2026-05-13,True
2026-05-13,cv_3,2026-05-14,2026-05-20,2026-05-14,True
2026-05-14,cv_3,2026-05-15,2026-05-21,2026-05-15,True
2026-05-15,cv_3,2026-05-18,2026-05-22,2026-05-18,True
2026-05-18,cv_3,2026-05-19,2026-05-26,2026-05-19,True
2026-05-19,cv_3,2026-05-20,2026-05-27,2026-05-20,True
2026-05-20,cv_3,2026-05-21,2026-05-28,2026-05-21,True
2026-05-21,cv_3,2026-05-22,2026-05-29,2026-05-22,True
2026-05-22,cv_3,2026-05-26,2026-06-01,2026-05-26,True
2026-05-26,cv_3,2026-05-27,2026-06-02,2026-05-27,True
2026-05-27,cv_3,2026-05-28,2026-06-03,2026-05-28,True
2026-05-28,cv_3,2026-05-29,2026-06-04,2026-05-29,True
2026-05-29,cv_3,2026-06-01,2026-06-05,2026-06-01,True
2026-06-01,cv_3,2026-06-02,2026-06-08,2026-06-02,True
2026-06-02,cv_3,2026-06-03,2026-06-09,2026-06-03,True
2026-06-03,cv_3,2026-06-04,2026-06-10,2026-06-04,True
2026-06-04,cv_3,2026-06-05,2026-06-11,2026-06-05,True
2026-06-05,cv_3,2026-06-08,2026-06-12,2026-06-08,True
2026-06-08,cv_3,2026-06-09,2026-06-15,2026-06-09,True
2026-06-09,cv_3,2026-06-10,2026-06-16,2026-06-10,True
2026-06-10,cv_3,2026-06-11,2026-06-17,2026-06-11,True
2026-06-11,cv_3,2026-06-12,2026-06-18,2026-06-12,True
2026-06-12,cv_3,2026-06-15,2026-06-22,,
