source,original_path,relative_path,sha256,size_bytes,mtime_ns,ctime_ns,timestamp_evidence_role,content_read,exclusion
repository_local,/home/zbw21/projects/nasdaq-research/README.md,README.md,8f08522403221019d3ce59b7e558a8830403ced832f490f932e388ede16c5bc0,47313,1791186213450238682,1791186213450238682,WEAK_AUXILIARY_ONLY,True,
repository_local,/home/zbw21/projects/nasdaq-research/requirements.txt,requirements.txt,d4ae84d434346c1541c39296f30c9c491507b7e4cce3822747b14b1a2a3831e3,277,1791124239011536584,1791124239011536584,WEAK_AUXILIARY_ONLY,True,
repository_local,/home/zbw21/projects/nasdaq-research/config/README.md,config/README.md,21836177f9353d69138109d631bcbc5145c77d3e8efabaff5867bc744f567c88,170,1790832226309004518,1790832226309004518,WEAK_AUXILIARY_ONLY,True,
repository_local,/home/zbw21/projects/nasdaq-research/data/README.md,data/README.md,f7695bbefa1c9020d64849141a6a12f430fef1c31349980b4df612f3867932ca,319,1790832226393004507,1790832226393004507,WEAK_AUXILIARY_ONLY,True,
repository_local,/home/zbw21/projects/nasdaq-research/data/fundamentals/processed/NVDA_fundamentals.csv,data/fundamentals/processed/NVDA_fundamentals.csv,033854a3bb8f369a1cc2c81de5055745158245f04cf591e44a1829f0aa3e3cd8,72091,1790837054536341017,1790837054536341017,WEAK_AUXILIARY_ONLY,True,
repository_local,/home/zbw21/projects/nasdaq-research/data/fundamentals/processed/NVDA_validation.json,data/fundamentals/processed/NVDA_validation.json,3d49ab130a153cf991132ec775c3dc331f6e7364366ec4556f9a6c5aec668416,1817,1790837054538843978,1790837054538843978,WEAK_AUXILIARY_ONLY,True,
repository_local,/home/zbw21/projects/nasdaq-research/data/fundamentals/raw/NVDA_companyfacts.json,data/fundamentals/raw/NVDA_companyfacts.json,19ef503a5770f5660964b3c3aea6937579d9b359da344afe6a9adf59c63d26ff,4092966,1790837054516855082,1790837054516855082,WEAK_AUXILIARY_ONLY,True,
repository_local,/home/zbw21/projects/nasdaq-research/data/processed/AAPL.csv,data/processed/AAPL.csv,da76d570169a58ce8621c8b7e2386001659f8d39ac09713bc1de5e71fb6f1edf,65060,1790835976620476574,1790835976620476574,WEAK_AUXILIARY_ONLY,True,
repository_local,/home/zbw21/projects/nasdaq-research/data/processed/AMZN.csv,data/processed/AMZN.csv,96790435a635d36177bb1fea7f3aeaf44407dbef0af0896be74328062aece206,65276,1790835976640214832,1790835976640214832,WEAK_AUXILIARY_ONLY,True,
repository_local,/home/zbw21/projects/nasdaq-research/data/processed/GOOGL.csv,data/processed/GOOGL.csv,750a59b041d94809fefbbb89d71e11aba5b2e55227e1ff63f2186ad7e73c2468,64843,1790835976648476571,1790835976648476571,WEAK_AUXILIARY_ONLY,True,
repository_local,/home/zbw21/projects/nasdaq-research/data/processed/MSFT.csv,data/processed/MSFT.csv,c871821716df58c625804014f99fe27405b6f5f3a0320faa654f1b18adeb6a16,64599,1790835976631189676,1790835976631189676,WEAK_AUXILIARY_ONLY,True,
repository_local,/home/zbw21/projects/nasdaq-research/data/processed/NVDA.csv,data/processed/NVDA.csv,e1c8cd51e259778c60363c47db38af0adb6a7237b171dd19f1cf38b1f6778810,65451,1790835976612476575,1790835976612476575,WEAK_AUXILIARY_ONLY,True,
repository_local,/home/zbw21/projects/nasdaq-research/data/raw/AAPL.csv,data/raw/AAPL.csv,99e5d720b8d23e606d34ea9a6144ef73e3555f66067a9a756392cb3534743b4d,22560,1790833877345927788,1790833877345927788,WEAK_AUXILIARY_ONLY,True,
repository_local,/home/zbw21/projects/nasdaq-research/data/raw/AMZN.csv,data/raw/AMZN.csv,7c5e283786a4c8ad9ba1efd153517a48418aa1f8bd5664642564c13f333ab218,22838,1790833877517533153,1790833877517533153,WEAK_AUXILIARY_ONLY,True,
repository_local,/home/zbw21/projects/nasdaq-research/data/raw/GOOGL.csv,data/raw/GOOGL.csv,1b1f21e8a447eae56fc94ad1883915853d8c764a8e8681be5df24d5d543a6b7f,22541,1790833877598077684,1790833877598077684,WEAK_AUXILIARY_ONLY,True,
repository_local,/home/zbw21/projects/nasdaq-research/data/raw/MSFT.csv,data/raw/MSFT.csv,89b4a7aba862b17247360b982e4be3fc271755bcb671aa5d7f44c5c3cb9b52c9,22366,1790833877441246223,1790833877441246223,WEAK_AUXILIARY_ONLY,True,
repository_local,/home/zbw21/projects/nasdaq-research/data/raw/NVDA.csv,data/raw/NVDA.csv,066133d6cbaa0496cd6e7cfe8626542e269d7da013862b2bbeaced2db4fbd920,23067,1790833877232729999,1790833877232729999,WEAK_AUXILIARY_ONLY,True,
repository_local,/home/zbw21/projects/nasdaq-research/data/research/NVDA_feature_validation.json,data/research/NVDA_feature_validation.json,d02064ac5104922ae76a2a9ea8534c32f4dc0359487d1b49d7c978987106aa1e,30768,1790919401166331220,1790919401166331220,WEAK_AUXILIARY_ONLY,True,
repository_local,/home/zbw21/projects/nasdaq-research/data/research/NVDA_features.csv,data/research/NVDA_features.csv,f73cb2a9d9d4d3fb1e859942141abfb2f895d98a437f7fd518e30e6e94048853,549599,1790919401165620874,1790919401165620874,WEAK_AUXILIARY_ONLY,True,
repository_local,/home/zbw21/projects/nasdaq-research/data/research/NVDA_fundamental_features.csv,data/research/NVDA_fundamental_features.csv,19c418174ed25a1053e9d61e4ecc39c69f4adbae7cae01f18fe8ea74ede0abf9,79083,1790919401164372322,1790919401164372322,WEAK_AUXILIARY_ONLY,True,
repository_local,/home/zbw21/projects/nasdaq-research/data/research/NVDA_labeled.csv,data/research/NVDA_labeled.csv,e6a438a1b832e97eab30b0de4f656e881618fc87348debc8c5b7978410cace2b,593168,1791118038727260028,1791118038727260028,WEAK_AUXILIARY_ONLY,True,
repository_local,/home/zbw21/projects/nasdaq-research/data/research/NVDA_research.csv,data/research/NVDA_research.csv,0e4de534498c92686cbc3529ac184047459ad5ab51b8622bf60ae19782bc2804,231621,1790911405894125673,1790911405894125673,WEAK_AUXILIARY_ONLY,True,
repository_local,/home/zbw21/projects/nasdaq-research/data/research/NVDA_validation.json,data/research/NVDA_validation.json,5e4fe383da5bd2d88c96e4e47db8e3a114647bf33b80778888ad7aa4ffdcbd2d,680,1790911405898436008,1790911405898436008,WEAK_AUXILIARY_ONLY,True,
repository_local,/home/zbw21/projects/nasdaq-research/data/research/diagnostics/NVDA_feature_diagnostics.json,data/research/diagnostics/NVDA_feature_diagnostics.json,,21474,1791115991398927850,1791115991398927850,WEAK_AUXILIARY_ONLY,False,PERFORMANCE_PAYLOAD_NOT_READ
repository_local,/home/zbw21/projects/nasdaq-research/data/research/diagnostics/correlation_pairs.csv,data/research/diagnostics/correlation_pairs.csv,,84786,1791115991396269902,1791115991396269902,WEAK_AUXILIARY_ONLY,False,PERFORMANCE_PAYLOAD_NOT_READ
repository_local,/home/zbw21/projects/nasdaq-research/data/research/diagnostics/correlation_pairwise_counts.csv,data/research/diagnostics/correlation_pairwise_counts.csv,,7065,1791115991394848214,1791115991394848214,WEAK_AUXILIARY_ONLY,False,PERFORMANCE_PAYLOAD_NOT_READ
repository_local,/home/zbw21/projects/nasdaq-research/data/research/diagnostics/feature_correlations.csv,data/research/diagnostics/feature_correlations.csv,,24625,1791115991394479306,1791115991394479306,WEAK_AUXILIARY_ONLY,False,PERFORMANCE_PAYLOAD_NOT_READ
repository_local,/home/zbw21/projects/nasdaq-research/data/research/diagnostics/feature_distributions.csv,data/research/diagnostics/feature_distributions.csv,,35011,1791115991393373519,1791115991393373519,WEAK_AUXILIARY_ONLY,False,PERFORMANCE_PAYLOAD_NOT_READ
repository_local,/home/zbw21/projects/nasdaq-research/data/research/diagnostics/feature_inventory.csv,data/research/diagnostics/feature_inventory.csv,,18128,1791115991391085243,1791115991391085243,WEAK_AUXILIARY_ONLY,False,PERFORMANCE_PAYLOAD_NOT_READ
repository_local,/home/zbw21/projects/nasdaq-research/data/research/diagnostics/feature_missingness.csv,data/research/diagnostics/feature_missingness.csv,,4372,1791115991391648032,1791115991391648032,WEAK_AUXILIARY_ONLY,False,PERFORMANCE_PAYLOAD_NOT_READ
repository_local,/home/zbw21/projects/nasdaq-research/data/research/diagnostics/feature_quality.csv,data/research/diagnostics/feature_quality.csv,,20609,1791115991392224903,1791115991392224903,WEAK_AUXILIARY_ONLY,False,PERFORMANCE_PAYLOAD_NOT_READ
repository_local,/home/zbw21/projects/nasdaq-research/data/research/diagnostics/fundamental_states.csv,data/research/diagnostics/fundamental_states.csv,,1368,1791115991398341715,1791115991398341715,WEAK_AUXILIARY_ONLY,False,PERFORMANCE_PAYLOAD_NOT_READ
repository_local,/home/zbw21/projects/nasdaq-research/data/research/diagnostics/high_correlation_pairs.csv,data/research/diagnostics/high_correlation_pairs.csv,,9804,1791115991396932411,1791115991396932411,WEAK_AUXILIARY_ONLY,False,PERFORMANCE_PAYLOAD_NOT_READ
repository_local,/home/zbw21/projects/nasdaq-research/data/research/diagnostics/snapshot_correlations.csv,data/research/diagnostics/snapshot_correlations.csv,,37685,1791115991398003078,1791115991398003078,WEAK_AUXILIARY_ONLY,False,PERFORMANCE_PAYLOAD_NOT_READ
repository_local,/home/zbw21/projects/nasdaq-research/data/research/diagnostics/temporal_diagnostics.csv,data/research/diagnostics/temporal_diagnostics.csv,,4924,1791115991397404749,1791115991397404749,WEAK_AUXILIARY_ONLY,False,PERFORMANCE_PAYLOAD_NOT_READ
repository_local,/home/zbw21/projects/nasdaq-research/data/research/modeling/NVDA_baseline_coefficients.csv,data/research/modeling/NVDA_baseline_coefficients.csv,,18713,1791126694188931846,1791126694188977292,WEAK_AUXILIARY_ONLY,False,PERFORMANCE_PAYLOAD_NOT_READ
repository_local,/home/zbw21/projects/nasdaq-research/data/research/modeling/NVDA_baseline_cv_metrics.csv,data/research/modeling/NVDA_baseline_cv_metrics.csv,,2282,1791126694188772803,1791126694188772803,WEAK_AUXILIARY_ONLY,False,PERFORMANCE_PAYLOAD_NOT_READ
repository_local,/home/zbw21/projects/nasdaq-research/data/research/modeling/NVDA_baseline_cv_summary.csv,data/research/modeling/NVDA_baseline_cv_summary.csv,,2181,1791126694188814667,1791126694188814667,WEAK_AUXILIARY_ONLY,False,PERFORMANCE_PAYLOAD_NOT_READ
repository_local,/home/zbw21/projects/nasdaq-research/data/research/modeling/NVDA_baseline_feature_usage.csv,data/research/modeling/NVDA_baseline_feature_usage.csv,,40136,1791126694188850433,1791126694188850433,WEAK_AUXILIARY_ONLY,False,PERFORMANCE_PAYLOAD_NOT_READ
repository_local,/home/zbw21/projects/nasdaq-research/data/research/modeling/NVDA_baseline_oof_predictions.csv,data/research/modeling/NVDA_baseline_oof_predictions.csv,,11505,1791126694188604379,1791126694188701028,WEAK_AUXILIARY_ONLY,False,PERFORMANCE_PAYLOAD_NOT_READ
repository_local,/home/zbw21/projects/nasdaq-research/data/research/modeling/NVDA_baseline_protocol.json,data/research/modeling/NVDA_baseline_protocol.json,,4910,1791126694189116797,1791126694189116797,WEAK_AUXILIARY_ONLY,False,PERFORMANCE_PAYLOAD_NOT_READ
repository_local,/home/zbw21/projects/nasdaq-research/data/research/modeling/NVDA_baseline_validation.json,data/research/modeling/NVDA_baseline_validation.json,,114048,1791126694193451758,1791126694195228693,WEAK_AUXILIARY_ONLY,False,PERFORMANCE_PAYLOAD_NOT_READ
repository_local,/home/zbw21/projects/nasdaq-research/data/research/modeling/stability/NVDA_stability_coefficient_summary.csv,data/research/modeling/stability/NVDA_stability_coefficient_summary.csv,,20191,1791129918931893814,1791129918931917294,WEAK_AUXILIARY_ONLY,False,PERFORMANCE_PAYLOAD_NOT_READ
repository_local,/home/zbw21/projects/nasdaq-research/data/research/modeling/stability/NVDA_stability_conditioning.csv,data/research/modeling/stability/NVDA_stability_conditioning.csv,,1169,1791129918931949103,1791129918931959407,WEAK_AUXILIARY_ONLY,False,PERFORMANCE_PAYLOAD_NOT_READ
repository_local,/home/zbw21/projects/nasdaq-research/data/research/modeling/stability/NVDA_stability_contributions.csv,data/research/modeling/stability/NVDA_stability_contributions.csv,,950754,1791129918930779548,1791129918930826335,WEAK_AUXILIARY_ONLY,False,PERFORMANCE_PAYLOAD_NOT_READ
repository_local,/home/zbw21/projects/nasdaq-research/data/research/modeling/stability/NVDA_stability_feature_shift.csv,data/research/modeling/stability/NVDA_stability_feature_shift.csv,,45895,1791129918922373570,1791129918922373570,WEAK_AUXILIARY_ONLY,False,PERFORMANCE_PAYLOAD_NOT_READ
repository_local,/home/zbw21/projects/nasdaq-research/data/research/modeling/stability/NVDA_stability_influence.csv,data/research/modeling/stability/NVDA_stability_influence.csv,,139602,1791129918931995084,1791129918932486448,WEAK_AUXILIARY_ONLY,False,PERFORMANCE_PAYLOAD_NOT_READ
repository_local,/home/zbw21/projects/nasdaq-research/data/research/modeling/stability/NVDA_stability_prediction_summary.csv,data/research/modeling/stability/NVDA_stability_prediction_summary.csv,,5534,1791129918922321616,1791129918922340704,WEAK_AUXILIARY_ONLY,False,PERFORMANCE_PAYLOAD_NOT_READ
repository_local,/home/zbw21/projects/nasdaq-research/data/research/modeling/stability/NVDA_stability_row_errors.csv,data/research/modeling/stability/NVDA_stability_row_errors.csv,,64822,1791129918922151148,1791129918922250510,WEAK_AUXILIARY_ONLY,False,PERFORMANCE_PAYLOAD_NOT_READ
repository_local,/home/zbw21/projects/nasdaq-research/data/research/modeling/stability/NVDA_stability_state_context.csv,data/research/modeling/stability/NVDA_stability_state_context.csv,,51049,1791129918932584357,1791129918932619319,WEAK_AUXILIARY_ONLY,False,PERFORMANCE_PAYLOAD_NOT_READ
repository_local,/home/zbw21/projects/nasdaq-research/data/research/modeling/stability/NVDA_stability_summary.json,data/research/modeling/stability/NVDA_stability_summary.json,,146887,1791129918934752035,1791129918934886438,WEAK_AUXILIARY_ONLY,False,PERFORMANCE_PAYLOAD_NOT_READ
repository_local,/home/zbw21/projects/nasdaq-research/data/research/modeling/stability/NVDA_stability_validation.json,data/research/modeling/stability/NVDA_stability_validation.json,,106953,1791129918941251417,1791129918941251417,WEAK_AUXILIARY_ONLY,False,PERFORMANCE_PAYLOAD_NOT_READ
repository_local,/home/zbw21/projects/nasdaq-research/data/research/modeling/stability/NVDA_stability_zscores.csv,data/research/modeling/stability/NVDA_stability_zscores.csv,,518421,1791129918922460982,1791129918926826336,WEAK_AUXILIARY_ONLY,False,PERFORMANCE_PAYLOAD_NOT_READ
repository_local,/home/zbw21/projects/nasdaq-research/data/research/modeling/stage11_market_representation/NVDA_stage11_ablation_summary.csv,data/research/modeling/stage11_market_representation/NVDA_stage11_ablation_summary.csv,,1336,1791186315142365692,1791186315142376444,WEAK_AUXILIARY_ONLY,False,PERFORMANCE_PAYLOAD_NOT_READ
repository_local,/home/zbw21/projects/nasdaq-research/data/research/modeling/stage11_market_representation/NVDA_stage11_benchmark_metrics.csv,data/research/modeling/stage11_market_representation/NVDA_stage11_benchmark_metrics.csv,,651,1791186315142402080,1791186315142410317,WEAK_AUXILIARY_ONLY,False,PERFORMANCE_PAYLOAD_NOT_READ
repository_local,/home/zbw21/projects/nasdaq-research/data/research/modeling/stage11_market_representation/NVDA_stage11_coefficient_summary.csv,data/research/modeling/stage11_market_representation/NVDA_stage11_coefficient_summary.csv,,1035,1791186315142077051,1791186315142086036,WEAK_AUXILIARY_ONLY,False,PERFORMANCE_PAYLOAD_NOT_READ
repository_local,/home/zbw21/projects/nasdaq-research/data/research/modeling/stage11_market_representation/NVDA_stage11_coefficients.csv,data/research/modeling/stage11_market_representation/NVDA_stage11_coefficients.csv,,7780,1791186315142036080,1791186315142048520,WEAK_AUXILIARY_ONLY,False,PERFORMANCE_PAYLOAD_NOT_READ
repository_local,/home/zbw21/projects/nasdaq-research/data/research/modeling/stage11_market_representation/NVDA_stage11_contributions.csv,data/research/modeling/stage11_market_representation/NVDA_stage11_contributions.csv,,398379,1791186315142136326,1791186315142308614,WEAK_AUXILIARY_ONLY,False,PERFORMANCE_PAYLOAD_NOT_READ
repository_local,/home/zbw21/projects/nasdaq-research/data/research/modeling/stage11_market_representation/NVDA_stage11_feature_manifest.csv,data/research/modeling/stage11_market_representation/NVDA_stage11_feature_manifest.csv,,16248,1791186315140815531,1791186315140881805,WEAK_AUXILIARY_ONLY,False,PERFORMANCE_PAYLOAD_NOT_READ
repository_local,/home/zbw21/projects/nasdaq-research/data/research/modeling/stage11_market_representation/NVDA_stage11_feature_shift.csv,data/research/modeling/stage11_market_representation/NVDA_stage11_feature_shift.csv,,17028,1791186315141057248,1791186315141071286,WEAK_AUXILIARY_ONLY,False,PERFORMANCE_PAYLOAD_NOT_READ
repository_local,/home/zbw21/projects/nasdaq-research/data/research/modeling/stage11_market_representation/NVDA_stage11_fold_metrics.csv,data/research/modeling/stage11_market_representation/NVDA_stage11_fold_metrics.csv,,1659,1791186315141018373,1791186315141028891,WEAK_AUXILIARY_ONLY,False,PERFORMANCE_PAYLOAD_NOT_READ
repository_local,/home/zbw21/projects/nasdaq-research/data/research/modeling/stage11_market_representation/NVDA_stage11_oof_predictions.csv,data/research/modeling/stage11_market_representation/NVDA_stage11_oof_predictions.csv,,35374,1791186315140960325,1791186315140960325,WEAK_AUXILIARY_ONLY,False,PERFORMANCE_PAYLOAD_NOT_READ
repository_local,/home/zbw21/projects/nasdaq-research/data/research/modeling/stage11_market_representation/NVDA_stage11_prediction_summary.csv,data/research/modeling/stage11_market_representation/NVDA_stage11_prediction_summary.csv,,2663,1791186315141985494,1791186315141985494,WEAK_AUXILIARY_ONLY,False,PERFORMANCE_PAYLOAD_NOT_READ
repository_local,/home/zbw21/projects/nasdaq-research/data/research/modeling/stage11_market_representation/NVDA_stage11_protocol.json,data/research/modeling/stage11_market_representation/NVDA_stage11_protocol.json,,11382,1791185727335136869,1791185727335312026,WEAK_AUXILIARY_ONLY,False,PERFORMANCE_PAYLOAD_NOT_READ
repository_local,/home/zbw21/projects/nasdaq-research/data/research/modeling/stage11_market_representation/NVDA_stage11_stability_summary.csv,data/research/modeling/stage11_market_representation/NVDA_stage11_stability_summary.csv,,7481,1791186315142436589,1791186315142451774,WEAK_AUXILIARY_ONLY,False,PERFORMANCE_PAYLOAD_NOT_READ
repository_local,/home/zbw21/projects/nasdaq-research/data/research/modeling/stage11_market_representation/NVDA_stage11_summary.json,data/research/modeling/stage11_market_representation/NVDA_stage11_summary.json,,38756,1791186315142944886,1791186315142965717,WEAK_AUXILIARY_ONLY,False,PERFORMANCE_PAYLOAD_NOT_READ
repository_local,/home/zbw21/projects/nasdaq-research/data/research/modeling/stage11_market_representation/NVDA_stage11_upstream_sha256.json,data/research/modeling/stage11_market_representation/NVDA_stage11_upstream_sha256.json,,12868,1791185727335423328,1791185727335423328,WEAK_AUXILIARY_ONLY,False,PERFORMANCE_PAYLOAD_NOT_READ
repository_local,/home/zbw21/projects/nasdaq-research/data/research/modeling/stage11_market_representation/NVDA_stage11_validation.json,data/research/modeling/stage11_market_representation/NVDA_stage11_validation.json,,119588,1791186315155721217,1791186315155871271,WEAK_AUXILIARY_ONLY,False,PERFORMANCE_PAYLOAD_NOT_READ
repository_local,/home/zbw21/projects/nasdaq-research/data/research/modeling/stage11_market_representation/NVDA_stage11_zscores.csv,data/research/modeling/stage11_market_representation/NVDA_stage11_zscores.csv,,472483,1791186315141253937,1791186315141899505,WEAK_AUXILIARY_ONLY,False,PERFORMANCE_PAYLOAD_NOT_READ
repository_local,/home/zbw21/projects/nasdaq-research/data/research/modeling/stage12_signal_diagnostics/NVDA_stage12_baseline_advantage_summary.csv,data/research/modeling/stage12_signal_diagnostics/NVDA_stage12_baseline_advantage_summary.csv,,2847,1791189650194201907,1791189650194234932,WEAK_AUXILIARY_ONLY,False,PERFORMANCE_PAYLOAD_NOT_READ
repository_local,/home/zbw21/projects/nasdaq-research/data/research/modeling/stage12_signal_diagnostics/NVDA_stage12_coefficient_similarity.csv,data/research/modeling/stage12_signal_diagnostics/NVDA_stage12_coefficient_similarity.csv,,1341,1791189650194482357,1791189650194482357,WEAK_AUXILIARY_ONLY,False,PERFORMANCE_PAYLOAD_NOT_READ
repository_local,/home/zbw21/projects/nasdaq-research/data/research/modeling/stage12_signal_diagnostics/NVDA_stage12_coefficient_stability.csv,data/research/modeling/stage12_signal_diagnostics/NVDA_stage12_coefficient_stability.csv,,7307,1791189650194392376,1791189650194412081,WEAK_AUXILIARY_ONLY,False,PERFORMANCE_PAYLOAD_NOT_READ
repository_local,/home/zbw21/projects/nasdaq-research/data/research/modeling/stage12_signal_diagnostics/NVDA_stage12_extrapolation_context.csv,data/research/modeling/stage12_signal_diagnostics/NVDA_stage12_extrapolation_context.csv,,1326,1791189650194801546,1791189650194801546,WEAK_AUXILIARY_ONLY,False,PERFORMANCE_PAYLOAD_NOT_READ
repository_local,/home/zbw21/projects/nasdaq-research/data/research/modeling/stage12_signal_diagnostics/NVDA_stage12_feature_target_associations.csv,data/research/modeling/stage12_signal_diagnostics/NVDA_stage12_feature_target_associations.csv,,4976,1791189650194533205,1791189650194533205,WEAK_AUXILIARY_ONLY,False,PERFORMANCE_PAYLOAD_NOT_READ
repository_local,/home/zbw21/projects/nasdaq-research/data/research/modeling/stage12_signal_diagnostics/NVDA_stage12_feature_target_stability.csv,data/research/modeling/stage12_signal_diagnostics/NVDA_stage12_feature_target_stability.csv,,742,1791189650194578290,1791189650194578290,WEAK_AUXILIARY_ONLY,False,PERFORMANCE_PAYLOAD_NOT_READ
repository_local,/home/zbw21/projects/nasdaq-research/data/research/modeling/stage12_signal_diagnostics/NVDA_stage12_fold_diagnostics.csv,data/research/modeling/stage12_signal_diagnostics/NVDA_stage12_fold_diagnostics.csv,,5073,1791189650194756539,1791189650194768437,WEAK_AUXILIARY_ONLY,False,PERFORMANCE_PAYLOAD_NOT_READ
repository_local,/home/zbw21/projects/nasdaq-research/data/research/modeling/stage12_signal_diagnostics/NVDA_stage12_prediction_calibration.csv,data/research/modeling/stage12_signal_diagnostics/NVDA_stage12_prediction_calibration.csv,,2765,1791189650194284280,1791189650194300694,WEAK_AUXILIARY_ONLY,False,PERFORMANCE_PAYLOAD_NOT_READ
repository_local,/home/zbw21/projects/nasdaq-research/data/research/modeling/stage12_signal_diagnostics/NVDA_stage12_prediction_dispersion.csv,data/research/modeling/stage12_signal_diagnostics/NVDA_stage12_prediction_dispersion.csv,,4026,1791189650194330830,1791189650194330830,WEAK_AUXILIARY_ONLY,False,PERFORMANCE_PAYLOAD_NOT_READ
repository_local,/home/zbw21/projects/nasdaq-research/data/research/modeling/stage12_signal_diagnostics/NVDA_stage12_protocol.json,data/research/modeling/stage12_signal_diagnostics/NVDA_stage12_protocol.json,,18819,1791188906712792518,1791188906712792518,WEAK_AUXILIARY_ONLY,False,PERFORMANCE_PAYLOAD_NOT_READ
repository_local,/home/zbw21/projects/nasdaq-research/data/research/modeling/stage12_signal_diagnostics/NVDA_stage12_row_baseline_comparison.csv,data/research/modeling/stage12_signal_diagnostics/NVDA_stage12_row_baseline_comparison.csv,,80669,1791189650193578573,1791189650193807269,WEAK_AUXILIARY_ONLY,False,PERFORMANCE_PAYLOAD_NOT_READ
repository_local,/home/zbw21/projects/nasdaq-research/data/research/modeling/stage12_signal_diagnostics/NVDA_stage12_summary.json,data/research/modeling/stage12_signal_diagnostics/NVDA_stage12_summary.json,,31973,1791189650195224433,1791189650195245506,WEAK_AUXILIARY_ONLY,False,PERFORMANCE_PAYLOAD_NOT_READ
repository_local,/home/zbw21/projects/nasdaq-research/data/research/modeling/stage12_signal_diagnostics/NVDA_stage12_target_dependence.csv,data/research/modeling/stage12_signal_diagnostics/NVDA_stage12_target_dependence.csv,,796,1791189650194721472,1791189650194721472,WEAK_AUXILIARY_ONLY,False,PERFORMANCE_PAYLOAD_NOT_READ
repository_local,/home/zbw21/projects/nasdaq-research/data/research/modeling/stage12_signal_diagnostics/NVDA_stage12_target_overlap.csv,data/research/modeling/stage12_signal_diagnostics/NVDA_stage12_target_overlap.csv,,304,1791189650194676002,1791189650194676002,WEAK_AUXILIARY_ONLY,False,PERFORMANCE_PAYLOAD_NOT_READ
repository_local,/home/zbw21/projects/nasdaq-research/data/research/modeling/stage12_signal_diagnostics/NVDA_stage12_target_windows.csv,data/research/modeling/stage12_signal_diagnostics/NVDA_stage12_target_windows.csv,,4081,1791189650194613075,1791189650194613075,WEAK_AUXILIARY_ONLY,False,PERFORMANCE_PAYLOAD_NOT_READ
repository_local,/home/zbw21/projects/nasdaq-research/data/research/modeling/stage12_signal_diagnostics/NVDA_stage12_upstream_sha256.json,data/research/modeling/stage12_signal_diagnostics/NVDA_stage12_upstream_sha256.json,,21682,1791188906712987997,1791188906712987997,WEAK_AUXILIARY_ONLY,False,PERFORMANCE_PAYLOAD_NOT_READ
repository_local,/home/zbw21/projects/nasdaq-research/data/research/modeling/stage12_signal_diagnostics/NVDA_stage12_validation.json,data/research/modeling/stage12_signal_diagnostics/NVDA_stage12_validation.json,,55593,1791189650206742539,1791189650206833859,WEAK_AUXILIARY_ONLY,False,PERFORMANCE_PAYLOAD_NOT_READ
repository_local,/home/zbw21/projects/nasdaq-research/data/research/splits/NVDA_cv_folds.csv,data/research/splits/NVDA_cv_folds.csv,62c6d18e652a3bbb7c78fe9841e7f73ae16ef09016dfc5d91e9d67ca8699ef02,1556,1791122463373560901,1791122463373560901,WEAK_AUXILIARY_ONLY,True,
repository_local,/home/zbw21/projects/nasdaq-research/data/research/splits/NVDA_evaluation_protocol.json,data/research/splits/NVDA_evaluation_protocol.json,479108452108a1cd811cd73981d186de4185a76da77b50f843b86c7261192d04,6191,1791122463373672740,1791122463373672740,WEAK_AUXILIARY_ONLY,True,
repository_local,/home/zbw21/projects/nasdaq-research/data/research/splits/NVDA_final_training_pool.csv,data/research/splits/NVDA_final_training_pool.csv,fac122687541b58da3620543f5277bb3981cb84a61c58c664509ccfbc8d9e944,761,1791122463373586758,1791122463373586758,WEAK_AUXILIARY_ONLY,True,
repository_local,/home/zbw21/projects/nasdaq-research/data/research/splits/NVDA_split_manifest.csv,data/research/splits/NVDA_split_manifest.csv,28568dd154031d4f0386dfeda826b2cf36a89c872bea7a9c0246266619c6dd4e,475313,1791122463372420922,1791122463372420922,WEAK_AUXILIARY_ONLY,True,
repository_local,/home/zbw21/projects/nasdaq-research/data/research/splits/NVDA_split_summary.csv,data/research/splits/NVDA_split_summary.csv,5130c37ef0a4a21db3a10bd4b1adb612fce7b3d28352f6a2945866e43d360771,818,1791122463373605064,1791122463373605064,WEAK_AUXILIARY_ONLY,True,
repository_local,/home/zbw21/projects/nasdaq-research/data/research/splits/NVDA_split_validation.json,data/research/splits/NVDA_split_validation.json,30da95567c7ae6feea1cdc348df986d4ef0b27363014f35ea99177d243561279,23647,1791122463378951862,1791122463378951862,WEAK_AUXILIARY_ONLY,True,
repository_local,/home/zbw21/projects/nasdaq-research/data/research/targets/NVDA_target_validation.json,data/research/targets/NVDA_target_validation.json,099ba75d4a13708e559b14a128063c0fe0aedde2536dd5c8c59212e8738022e9,20203,1791118039404924642,1791118039404924642,WEAK_AUXILIARY_ONLY,True,
repository_local,/home/zbw21/projects/nasdaq-research/data/research/targets/NVDA_targets.csv,data/research/targets/NVDA_targets.csv,552a6191cf6bf454eaf02ea7315726c99529e1d64f15955fe90789fa8c734c12,47597,1791118038726997001,1791118038726997001,WEAK_AUXILIARY_ONLY,True,
repository_local,/home/zbw21/projects/nasdaq-research/data/research/targets/target_summary.csv,data/research/targets/target_summary.csv,b85ce7bfa947004b1304f530528a1b59104aed445592e16ce102523a9364310e,903,1791118038730245686,1791118038730245686,WEAK_AUXILIARY_ONLY,True,
repository_local,/home/zbw21/projects/nasdaq-research/docs/stage11_execution_report.md,docs/stage11_execution_report.md,3ccdc9ae19645fa4ac6e8d4f923e72e6222459c6993a7156ffb8f9e4838c33f9,19842,1791186821035693051,1791186821035787878,WEAK_AUXILIARY_ONLY,True,
repository_local,/home/zbw21/projects/nasdaq-research/docs/stage12_execution_report.md,docs/stage12_execution_report.md,4417093aa08a6bf4c3c656b1b93acc23d10bd8402f7744a50384a397a7a8b99b,25218,1791190286832363651,1791190286832448127,WEAK_AUXILIARY_ONLY,True,
repository_local,/home/zbw21/projects/nasdaq-research/src/nasdaq_research/__init__.py,src/nasdaq_research/__init__.py,406d2cdf4540ca62f43d7c735f080254faf44a0bd41bc53d4c94d3f771bcf65d,94,1790832226801280086,1790832226801280086,WEAK_AUXILIARY_ONLY,True,
repository_local,/home/zbw21/projects/nasdaq-research/src/nasdaq_research/alignment.py,src/nasdaq_research/alignment.py,9073c1823f4ad4b8ab5347fc100559db2f3e050fcd5c9745a4a0ada20de6d48a,9419,1790918503401239659,1790918503401239659,WEAK_AUXILIARY_ONLY,True,
repository_local,/home/zbw21/projects/nasdaq-research/src/nasdaq_research/comparative.py,src/nasdaq_research/comparative.py,83a6509b3db7a6b5d61a367b2d30b62b45c7f13f66581754c2a0188f14529480,4650,1790918720689212291,1790918720689212291,WEAK_AUXILIARY_ONLY,True,
repository_local,/home/zbw21/projects/nasdaq-research/src/nasdaq_research/config.py,src/nasdaq_research/config.py,cb5a9fc2b7820bdd2a6171742831ac25e8579f041f32078a8a9413a20eea4c13,400,1790836872064363238,1790836872064363238,WEAK_AUXILIARY_ONLY,True,
repository_local,/home/zbw21/projects/nasdaq-research/src/nasdaq_research/data.py,src/nasdaq_research/data.py,adaa407fa48c84de4f2afca8086ee89987ab18f2571eb398034294d515652c0b,6840,1791210201954186542,1791210201954186542,WEAK_AUXILIARY_ONLY,True,
repository_local,/home/zbw21/projects/nasdaq-research/src/nasdaq_research/dates.py,src/nasdaq_research/dates.py,49ad5879b6f2ecd409b896101b9fcca9890c80ee70cfda0c00fc481a2b68f283,2755,1790918843053197093,1790918843053197093,WEAK_AUXILIARY_ONLY,True,
repository_local,/home/zbw21/projects/nasdaq-research/src/nasdaq_research/diagnostics.py,src/nasdaq_research/diagnostics.py,47de12d44fcc4ec0a46feca13b3af4f74acd95d299bd46b275b511c7679ab45b,41515,1791115979509519346,1791115979509519346,WEAK_AUXILIARY_ONLY,True,
repository_local,/home/zbw21/projects/nasdaq-research/src/nasdaq_research/diagnostics_figures.py,src/nasdaq_research/diagnostics_figures.py,6c6bfcc887ed5c7cfe635975a81ffeb72f44b730dda1ab22017f8e80dbf3527b,5108,1791115794213543016,1791115794213543016,WEAK_AUXILIARY_ONLY,True,
repository_local,/home/zbw21/projects/nasdaq-research/src/nasdaq_research/download.py,src/nasdaq_research/download.py,9ce569b59a6e6af257cdd48dbaf069bb62f2ad054f09aa7336427556bc0b9b21,613,1790833448376851386,1790833448376851386,WEAK_AUXILIARY_ONLY,True,
repository_local,/home/zbw21/projects/nasdaq-research/src/nasdaq_research/features.py,src/nasdaq_research/features.py,f5ed8367e7f2360291d259d1bc4fac1eadb263522102272655c7e02cc9793f8a,5999,1790835902052483081,1790835902052483081,WEAK_AUXILIARY_ONLY,True,
repository_local,/home/zbw21/projects/nasdaq-research/src/nasdaq_research/fundamental_mapping.py,src/nasdaq_research/fundamental_mapping.py,45de00065a7de41822ef3f3cb61efb38e7138678e38f0615bf7ac67dc5cd737c,1993,1790836872064141615,1790836872064141615,WEAK_AUXILIARY_ONLY,True,
repository_local,/home/zbw21/projects/nasdaq-research/src/nasdaq_research/fundamentals.py,src/nasdaq_research/fundamentals.py,8c1c0c4469f451d582d5bceab8a8c3b5d2d716bcf8a04f98c9f2e9fd1ba4d1c8,13456,1790837032960344564,1790837032960344564,WEAK_AUXILIARY_ONLY,True,
repository_local,/home/zbw21/projects/nasdaq-research/src/nasdaq_research/historical_expansion.py,src/nasdaq_research/historical_expansion.py,0cbb109b635ffc3b2b3e840cc8580f112ef3cb12eaa54d67a626fe9b16ed4c38,54621,1791210091906188772,1791210091906188772,WEAK_AUXILIARY_ONLY,True,
repository_local,/home/zbw21/projects/nasdaq-research/src/nasdaq_research/market_representation.py,src/nasdaq_research/market_representation.py,944dd7857caff776848acb77a547b5d8773a8d8117989acb0bacb98f4b37cc17,53077,1791186213390238690,1791186213390238690,WEAK_AUXILIARY_ONLY,True,
repository_local,/home/zbw21/projects/nasdaq-research/src/nasdaq_research/model_stability.py,src/nasdaq_research/model_stability.py,8cb0e087066a9951c34b2d34b56873c573c1a0678a13ad443c2d996b6567f9fc,70340,1791129510218879446,1791129510218879446,WEAK_AUXILIARY_ONLY,True,
repository_local,/home/zbw21/projects/nasdaq-research/src/nasdaq_research/modeling.py,src/nasdaq_research/modeling.py,9b3e95468c327dda7676e329d94bbef8d69de195d9accf7e25caf5b01cc792d1,47320,1791125616427363376,1791125616427363376,WEAK_AUXILIARY_ONLY,True,
repository_local,/home/zbw21/projects/nasdaq-research/src/nasdaq_research/process.py,src/nasdaq_research/process.py,d99d0181e423d902bf0f36fc5371097d9bdd567e37397eac3fd4f8469d31316d,588,1790835902054682383,1790835902054682383,WEAK_AUXILIARY_ONLY,True,
repository_local,/home/zbw21/projects/nasdaq-research/src/nasdaq_research/provenance.py,src/nasdaq_research/provenance.py,36f20e33256c73ae8b03d4c8edcbd38377e2e9d98a22de06e95c442512b9ce59,4174,1790919220765152834,1790919220765152834,WEAK_AUXILIARY_ONLY,True,
repository_local,/home/zbw21/projects/nasdaq-research/src/nasdaq_research/research.py,src/nasdaq_research/research.py,0edcb0a8774ea35fd1033c496f9faff1b255d4b7ca671d86bfc1af56d9125427,167,1790832227045004417,1790832227045004417,WEAK_AUXILIARY_ONLY,True,
repository_local,/home/zbw21/projects/nasdaq-research/src/nasdaq_research/research_features.py,src/nasdaq_research/research_features.py,aff68e01b3cefd6b19b2abf4e7a772b65273645ca7ff3ab767ee75fa5a643117,30508,1790919113617165956,1790919113617165956,WEAK_AUXILIARY_ONLY,True,
repository_local,/home/zbw21/projects/nasdaq-research/src/nasdaq_research/signal_diagnostics.py,src/nasdaq_research/signal_diagnostics.py,292c281849cf645470a447629e37e84d726e5d84d2e17acac2ee71a00086af3d,54692,1791189484025830082,1791189484025830082,WEAK_AUXILIARY_ONLY,True,
repository_local,/home/zbw21/projects/nasdaq-research/src/nasdaq_research/source_reconciliation.py,src/nasdaq_research/source_reconciliation.py,7929c7db69e19a319b3be6a3161a551ca577a89778dcacc7fc793b176ffd2844,57075,1791213149749814664,1791213149749814664,WEAK_AUXILIARY_ONLY,True,
repository_local,/home/zbw21/projects/nasdaq-research/src/nasdaq_research/splits.py,src/nasdaq_research/splits.py,16da063dcf723479e7fe65cb8a2dfa153154eeca8c2191b1149363220301c777,51767,1791121961791821100,1791121961791821100,WEAK_AUXILIARY_ONLY,True,
repository_local,/home/zbw21/projects/nasdaq-research/src/nasdaq_research/target_figures.py,src/nasdaq_research/target_figures.py,b22d532aeaf539cd6422684a7bc441c98e2ec55d1f4e8a197eaf7493024a23a9,2988,1791117432689338688,1791117432689338688,WEAK_AUXILIARY_ONLY,True,
repository_local,/home/zbw21/projects/nasdaq-research/src/nasdaq_research/targets.py,src/nasdaq_research/targets.py,6b28fa5a0a0f1e3fb473650d7cdbecbbf290d09c52cd58f256ba983768ddfafd,27788,1791118004617268838,1791118004617268838,WEAK_AUXILIARY_ONLY,True,
repository_local,/home/zbw21/projects/nasdaq-research/tests/test_alignment.py,tests/test_alignment.py,10c5abe71b64f773b250c7fce8cc03bd43189a0b548a57420007092bdf9e5645,6726,1790911362079299628,1790911362079299628,WEAK_AUXILIARY_ONLY,True,
repository_local,/home/zbw21/projects/nasdaq-research/tests/test_data.py,tests/test_data.py,b02716ccbaadfad7f8e44fd8a8fa07bff7c87fc54a7ad97d65ae44640338b50b,2304,1790833448536851363,1790833448536851363,WEAK_AUXILIARY_ONLY,True,
repository_local,/home/zbw21/projects/nasdaq-research/tests/test_diagnostics.py,tests/test_diagnostics.py,ff3c850bc464ec283b3ab5b908ae9a405f71443e6fe5c694322bd6c5878c16f7,20895,1791115794185543019,1791115794185543019,WEAK_AUXILIARY_ONLY,True,
repository_local,/home/zbw21/projects/nasdaq-research/tests/test_features.py,tests/test_features.py,e974544476c3c74996851e48caa3db911bec9c60b4383b6ee923185d594ab945,6561,1790835958023385821,1790835958023385821,WEAK_AUXILIARY_ONLY,True,
repository_local,/home/zbw21/projects/nasdaq-research/tests/test_fundamentals.py,tests/test_fundamentals.py,5066a3aab20fafa670fd8226e8fbb17416ac56679244b9beb64e85a427bf4ead,8884,1790836971054627304,1790836971054627304,WEAK_AUXILIARY_ONLY,True,
repository_local,/home/zbw21/projects/nasdaq-research/tests/test_historical_expansion.py,tests/test_historical_expansion.py,410d7e6e6cfde5eaf00b9fa59637ac039e4a945c41bc351391e43fce13152df1,16164,1791210050714193967,1791210050714193967,WEAK_AUXILIARY_ONLY,True,
repository_local,/home/zbw21/projects/nasdaq-research/tests/test_market_representation.py,tests/test_market_representation.py,ad889134c29334b9cfbf92e1a080c2ed0e5978eeb3f81538a203eb36b7d0a4a7,24954,1791186213418238686,1791186213418238686,WEAK_AUXILIARY_ONLY,True,
repository_local,/home/zbw21/projects/nasdaq-research/tests/test_model_stability.py,tests/test_model_stability.py,4767f7cc3797c31a44ce7979d7b03899cc8fafaf548665f9e597390a9b6e7049,28484,1791129510258879442,1791129510258879442,WEAK_AUXILIARY_ONLY,True,
repository_local,/home/zbw21/projects/nasdaq-research/tests/test_modeling.py,tests/test_modeling.py,036e464ddb43171a91cc3788b55ef4c0efbe4d8d318aecf7f1f8caab76fa1ed5,31958,1791126282087266456,1791126282087266456,WEAK_AUXILIARY_ONLY,True,
repository_local,/home/zbw21/projects/nasdaq-research/tests/test_package.py,tests/test_package.py,bd0775ac4382f2d6a2e52daf28f2dde09b58b67d5a927ddcff07ae82e6edaf29,375,1790833448456851375,1790833448456851375,WEAK_AUXILIARY_ONLY,True,
repository_local,/home/zbw21/projects/nasdaq-research/tests/test_research_features.py,tests/test_research_features.py,836ba9cbbc77b1068e18bcb309ed500c2df69c83b2a28e7dd5d99849c63f5e57,19978,1790918238165274475,1790918238165274475,WEAK_AUXILIARY_ONLY,True,
repository_local,/home/zbw21/projects/nasdaq-research/tests/test_signal_diagnostics.py,tests/test_signal_diagnostics.py,a2a84ff5e0b7a16cd81bbaf4f23992ed126d179e0b58dedbd8fe6ed37ca5f508,29012,1791189484057830077,1791189484057830077,WEAK_AUXILIARY_ONLY,True,
repository_local,/home/zbw21/projects/nasdaq-research/tests/test_source_reconciliation.py,tests/test_source_reconciliation.py,f37c83fb83d607621fa88191ed258e1fd1772b14d9f4903eb56549a98e40182d,14815,1791212743797859383,1791212743797859383,WEAK_AUXILIARY_ONLY,True,
repository_local,/home/zbw21/projects/nasdaq-research/tests/test_splits.py,tests/test_splits.py,db2e67ff5c3df5a261dc5ebdee5a87cda77f2d81f6298c78449bb773a70f4bcc,37705,1791122249487777632,1791122249487777632,WEAK_AUXILIARY_ONLY,True,
repository_local,/home/zbw21/projects/nasdaq-research/tests/test_stage61.py,tests/test_stage61.py,89ca822b77f0cb3f3fce45f353a16b6394e8430411a985ad3b2b1d4c8982d4a9,26546,1790919220793152830,1790919220793152830,WEAK_AUXILIARY_ONLY,True,
repository_local,/home/zbw21/projects/nasdaq-research/tests/test_targets.py,tests/test_targets.py,dd259b8f76d3e01edd4e74337f1aa32e780040361476c52c202fba031270841e,25353,1791117938665275456,1791117938665275456,WEAK_AUXILIARY_ONLY,True,
