commit_sha,parent_shas,commit_time,subject
9d5a10609ccaefa664f9aac38c1b5dcb56607aaa,,2026-10-01T01:00:18-04:00,Agent host session e65eccd7-4e77-411d-b55a-e9d4cbc5d8dc - baseline checkpoint
ebfb0097e4f03cb571a8411da1095f409a065bc9,9d5a10609ccaefa664f9aac38c1b5dcb56607aaa,2026-10-01T01:02:56-04:00,Agent host session e65eccd7-4e77-411d-b55a-e9d4cbc5d8dc - turn 1 start
0c7671892f9a82b4433d5e38cd2a82bda6b0e1e5,ebfb0097e4f03cb571a8411da1095f409a065bc9,2026-10-01T01:02:56-04:00,Agent host session e65eccd7-4e77-411d-b55a-e9d4cbc5d8dc - turn 1
db059e541b2da7686e1e00a3e1d5188b963c2a4b,,2026-10-01T01:15:59-04:00,Agent host session fcf74717-a20b-48f7-aab5-8fb4de4d4610 - baseline checkpoint
6266df6462f77a97145ade1c2200e3804625c568,db059e541b2da7686e1e00a3e1d5188b963c2a4b,2026-10-01T01:16:13-04:00,Agent host session fcf74717-a20b-48f7-aab5-8fb4de4d4610 - turn 1 start
b96ec89e5827d092a574be409221579f1195320e,6266df6462f77a97145ade1c2200e3804625c568,2026-10-01T01:16:13-04:00,Agent host session fcf74717-a20b-48f7-aab5-8fb4de4d4610 - turn 1
c6dc85df6fff3ec1c869963089de786eeac72a28,,2026-10-01T01:19:25-04:00,Agent host session a8f24819-8a5b-42c0-ad36-fcd45758fe11 - baseline checkpoint
85d65fdbb01851f9f1ef464c78f50313e74519ab,c6dc85df6fff3ec1c869963089de786eeac72a28,2026-10-01T01:19:42-04:00,Agent host session a8f24819-8a5b-42c0-ad36-fcd45758fe11 - turn 1 start
0e0849337808a05da8c9ff24e1825c92c2c5a523,85d65fdbb01851f9f1ef464c78f50313e74519ab,2026-10-01T01:19:42-04:00,Agent host session a8f24819-8a5b-42c0-ad36-fcd45758fe11 - turn 1
9544113e6d1b6d581a185fc2a390ee7afedd98f3,0e0849337808a05da8c9ff24e1825c92c2c5a523,2026-10-01T01:21:31-04:00,Agent host session a8f24819-8a5b-42c0-ad36-fcd45758fe11 - turn 2 start
8940b717543fa6156da875240b0a588558a50f1c,9544113e6d1b6d581a185fc2a390ee7afedd98f3,2026-10-01T01:21:31-04:00,Agent host session a8f24819-8a5b-42c0-ad36-fcd45758fe11 - turn 2
959f067f5eb023a05e54b6c83d7c61de324c6798,8940b717543fa6156da875240b0a588558a50f1c,2026-10-01T01:24:18-04:00,Agent host session a8f24819-8a5b-42c0-ad36-fcd45758fe11 - turn 3 start
4de35de6cf800a928500ce9e250e78f103902847,959f067f5eb023a05e54b6c83d7c61de324c6798,2026-10-01T01:24:18-04:00,Agent host session a8f24819-8a5b-42c0-ad36-fcd45758fe11 - turn 3
5ae4a7877b7c87433c6b52832db7e6372c82eac0,4de35de6cf800a928500ce9e250e78f103902847,2026-10-01T01:27:44-04:00,Agent host session a8f24819-8a5b-42c0-ad36-fcd45758fe11 - turn 4 start
0540db790db361d87ad4233681cccf94837950c6,5ae4a7877b7c87433c6b52832db7e6372c82eac0,2026-10-01T01:27:44-04:00,Agent host session a8f24819-8a5b-42c0-ad36-fcd45758fe11 - turn 4
b9428c8ab8e76dde9b164dea2d6a454b107ab6f7,,2026-10-01T01:31:20-04:00,Initialize project skeleton
c1437212ccec810de7521d14ed84d9a7a8d43b17,0540db790db361d87ad4233681cccf94837950c6,2026-10-01T01:46:14-04:00,Agent host session a8f24819-8a5b-42c0-ad36-fcd45758fe11 - turn 5 start
72e2f6a7c2d63c82d5ec7552a3036a4a20af2a3c,c1437212ccec810de7521d14ed84d9a7a8d43b17,2026-10-01T01:46:14-04:00,Agent host session a8f24819-8a5b-42c0-ad36-fcd45758fe11 - turn 5
c72e836850c86702a5517cbff033e9f6bac89152,72e2f6a7c2d63c82d5ec7552a3036a4a20af2a3c,2026-10-01T01:50:28-04:00,Agent host session a8f24819-8a5b-42c0-ad36-fcd45758fe11 - turn 6 start
f301fa3023409bb3b97d18bb85b14b0b3df4429e,c72e836850c86702a5517cbff033e9f6bac89152,2026-10-01T01:50:28-04:00,Agent host session a8f24819-8a5b-42c0-ad36-fcd45758fe11 - turn 6
820e27198cb75ca432b25bc09f0a51d6d42489f2,f301fa3023409bb3b97d18bb85b14b0b3df4429e,2026-10-01T01:52:20-04:00,Agent host session a8f24819-8a5b-42c0-ad36-fcd45758fe11 - turn 7 start
0ce0d471192a757603777f954ef9ee707f7983be,820e27198cb75ca432b25bc09f0a51d6d42489f2,2026-10-01T01:52:20-04:00,Agent host session a8f24819-8a5b-42c0-ad36-fcd45758fe11 - turn 7
2e60b80ce08705a32448990a844ea085521864b3,,2026-10-01T02:00:13-04:00,Agent host session d2f1a9a6-f443-4587-b528-a4a06ed35beb - baseline checkpoint
d02f2c6bf53035a22f066e4e96de565e140b40fb,2e60b80ce08705a32448990a844ea085521864b3,2026-10-01T02:00:25-04:00,Agent host session d2f1a9a6-f443-4587-b528-a4a06ed35beb - turn 1 start
5e61e64637a61a8e0ba37c97e3ba10d0f5e4ff0c,d02f2c6bf53035a22f066e4e96de565e140b40fb,2026-10-01T02:00:25-04:00,Agent host session d2f1a9a6-f443-4587-b528-a4a06ed35beb - turn 1
88beb88069f02fdd69b51cf0ded70bd932483d43,,2026-10-01T02:13:11-04:00,Agent host session a7fbfac3-75eb-4371-b62d-0a0d2f4bd340 - baseline checkpoint
65e6f1bbfcffe59d1acd981fa54758237a854ab0,88beb88069f02fdd69b51cf0ded70bd932483d43,2026-10-01T02:13:17-04:00,Agent host session a7fbfac3-75eb-4371-b62d-0a0d2f4bd340 - turn 1 start
de0552f9ff40a833ffa7b3bc95c7d92d353bd097,65e6f1bbfcffe59d1acd981fa54758237a854ab0,2026-10-01T02:13:17-04:00,Agent host session a7fbfac3-75eb-4371-b62d-0a0d2f4bd340 - turn 1
80a3e3c50260188e47f70087dc8585bd63b4a406,b9428c8ab8e76dde9b164dea2d6a454b107ab6f7,2026-10-01T02:20:38-04:00,Add historical market data pipeline
8084b014b63b6c4567aabcac9fedce812d27ce8c,80a3e3c50260188e47f70087dc8585bd63b4a406,2026-10-01T02:48:05-04:00,Complete stages 3 and 4 feature and fundamentals pipelines
c9094bfe99641e3b2fa121d1f6f7c8287748ddc7,8084b014b63b6c4567aabcac9fedce812d27ce8c,2026-10-01T23:26:12-04:00,Complete stage 5 point-in-time data integration
0defce526bf2f59a070b6614fb854040ff3b5afa,c9094bfe99641e3b2fa121d1f6f7c8287748ddc7,2026-10-02T01:41:09-04:00,Complete stage 6 research feature engineering and audit fixes
b12799680465fa0b62e8b8e4d92706ad0798c32b,0defce526bf2f59a070b6614fb854040ff3b5afa,2026-10-04T08:18:41-04:00,Complete stage 7 feature diagnostics and exploratory analysis
8823ec5334373cda2bf8cc234a4bae2980e717ea,b12799680465fa0b62e8b8e4d92706ad0798c32b,2026-10-04T08:51:05-04:00,Complete stage 8 target definition and label engineering
0bbf7e79575748a1e80b59ffcf86314888177280,8823ec5334373cda2bf8cc234a4bae2980e717ea,2026-10-04T10:10:12-04:00,Complete stage 9 leakage-safe temporal splitting and boundary hardening
55250be6c6e0287eb7bd74723a6fcbdf61dd5e72,0bbf7e79575748a1e80b59ffcf86314888177280,2026-10-04T11:21:06-04:00,Complete stage 10 leakage-safe baseline modeling
4b232ac24996a72b31ed97970189f038158db567,55250be6c6e0287eb7bd74723a6fcbdf61dd5e72,2026-10-04T12:16:35-04:00,Complete stage 10.1 baseline model stability diagnostics
dbe66890c9b6b3b6799b62359370ce561be97280,4b232ac24996a72b31ed97970189f038158db567,2026-10-05T04:00:58-04:00,Complete stage 11 market representation ablation
bde8ed98c34c7a3acb4b8911ae629cdbd99e363f,dbe66890c9b6b3b6799b62359370ce561be97280,2026-10-05T05:01:15-04:00,Complete stage 12 post-representation signal diagnostics
d6c4b2ce51dd3a38e4fc4847c8a7c1d1ac870fbd,bde8ed98c34c7a3acb4b8911ae629cdbd99e363f,2026-10-05T11:34:59-04:00,Record stage 13 history expansion and unresolved source reconciliation
