model_name,feature_spec,fold,train_count,validation_count,MAE,RMSE,R2,Pearson,Spearman,directional_accuracy
zero_return,none,cv_1,96,25,0.03203053458199966,0.03742501843830542,-0.0007236611004481919,,,0.0
historical_mean,none,cv_1,96,25,0.03216589184782531,0.037472319654738795,-0.003254874814077491,,,0.44
ols_market,market,cv_1,96,25,0.032432708261423,0.042139523658978384,-0.26873045974467047,0.3394423331575337,0.20461538461538462,0.52
ols_all,all,cv_1,96,25,0.032901728427336206,0.04145366111674537,-0.22776686331783424,0.36172244444644225,0.2069230769230769,0.4
ridge_market,market,cv_1,96,25,0.032343620555613184,0.04194667997587033,-0.25714481292951596,0.33263406763410136,0.19692307692307692,0.44
ridge_all,all,cv_1,96,25,0.032690638968865156,0.04124521035383842,-0.21545019646891528,0.36143008670855803,0.1946153846153846,0.36
zero_return,none,cv_2,121,25,0.059630048113214304,0.06691600717412557,-0.7615773307776006,,,0.0
historical_mean,none,cv_2,121,25,0.06280133545909049,0.07033674690412636,-0.9462840839245001,,,0.24
ols_market,market,cv_2,121,25,0.06502578094689122,0.08779006729880116,-2.032022631765396,0.22454910463833558,-0.02692307692307692,0.6
ols_all,all,cv_2,121,25,0.10049030868823743,0.12268275050241897,-4.921185719318603,0.23829314903062315,0.003076923076923077,0.52
ridge_market,market,cv_2,121,25,0.06583903743161403,0.08843364875470816,-2.0766405755191015,0.22703096061656275,-0.009999999999999998,0.6
ridge_all,all,cv_2,121,25,0.1007289649618706,0.12302522745347415,-4.954290619380947,0.23835157834576373,0.022307692307692306,0.52
zero_return,none,cv_3,146,25,0.03515331875210655,0.040246631114821026,-0.1661121128751546,,,0.0
historical_mean,none,cv_3,146,25,0.03553668877853466,0.041008533748448685,-0.2106809898237123,,,0.4
ols_market,market,cv_3,146,25,0.22955018476741668,0.23955975509909144,-40.315114539678326,0.09820727924166496,0.07846153846153846,0.6
ols_all,all,cv_3,146,25,0.2666628706547057,0.28026802453979827,-55.54944475903429,0.048553551535752616,0.0723076923076923,0.6
ridge_market,market,cv_3,146,25,0.2264520823070423,0.23610928865839043,-39.13353234820003,0.11501784409911271,0.09384615384615384,0.6
ridge_all,all,cv_3,146,25,0.24985490418358058,0.2611355704633697,-48.09229173609302,0.08625325125892798,0.09307692307692307,0.6
