model_name,feature_spec,fold,feature_name,candidate_feature,training_row_count,training_non_null_count,training_coverage,used,drop_reason,training_median,training_mean_after_imputation,training_std_after_imputation,scaler_scale
ols_market,market,cv_1,simple_return,True,96,95,0.9895833333333334,True,used,-0.0011109090129327,0.00028598184748099075,0.022691677285319588,0.022691677285319588
ols_market,market,cv_1,log_return,True,96,95,0.9895833333333334,True,used,-0.0011115265297292,2.9508116299229933e-05,0.022629184996429432,0.022629184996429432
ols_market,market,cv_1,intraday_return,True,96,96,1.0,True,used,-0.0034331215146040997,-0.0031551391481495633,0.01930817729048011,0.01930817729048011
ols_market,market,cv_1,daily_range,True,96,96,1.0,True,used,0.02567096643920575,0.02965174908094993,0.01438011773598153,0.01438011773598153
ols_market,market,cv_1,sma_5,True,96,92,0.9583333333333334,True,used,185.30899963378903,185.93922993342082,5.619094730116829,5.619094730116829
ols_market,market,cv_1,sma_20,True,96,77,0.8020833333333334,True,used,185.5185005187988,185.97273004055023,3.332890459411112,3.332890459411112
ols_market,market,cv_1,sma_60,True,96,37,0.3854166666666667,False,low_training_coverage,,,,
ols_market,market,cv_1,rolling_volatility_20,True,96,76,0.7916666666666666,True,used,0.020491051623451398,0.0220291792560285,0.003998453894873429,0.003998453894873429
ols_market,market,cv_1,rolling_volatility_60,True,96,36,0.375,False,low_training_coverage,,,,
ols_all,all,cv_1,simple_return,True,96,95,0.9895833333333334,True,used,-0.0011109090129327,0.00028598184748099075,0.022691677285319588,0.022691677285319588
ols_all,all,cv_1,log_return,True,96,95,0.9895833333333334,True,used,-0.0011115265297292,2.9508116299229933e-05,0.022629184996429432,0.022629184996429432
ols_all,all,cv_1,intraday_return,True,96,96,1.0,True,used,-0.0034331215146040997,-0.0031551391481495633,0.01930817729048011,0.01930817729048011
ols_all,all,cv_1,daily_range,True,96,96,1.0,True,used,0.02567096643920575,0.02965174908094993,0.01438011773598153,0.01438011773598153
ols_all,all,cv_1,sma_5,True,96,92,0.9583333333333334,True,used,185.30899963378903,185.93922993342082,5.619094730116829,5.619094730116829
ols_all,all,cv_1,sma_20,True,96,77,0.8020833333333334,True,used,185.5185005187988,185.97273004055023,3.332890459411112,3.332890459411112
ols_all,all,cv_1,sma_60,True,96,37,0.3854166666666667,False,low_training_coverage,,,,
ols_all,all,cv_1,rolling_volatility_20,True,96,76,0.7916666666666666,True,used,0.020491051623451398,0.0220291792560285,0.003998453894873429,0.003998453894873429
ols_all,all,cv_1,rolling_volatility_60,True,96,36,0.375,False,low_training_coverage,,,,
ols_all,all,cv_1,q_gross_margin,True,96,96,1.0,True,used,0.7341157071185489,0.730411110993121,0.004782613032735515,0.004782613032735515
ols_all,all,cv_1,q_operating_margin,True,96,96,1.0,True,used,0.6316878925025436,0.6229674384299038,0.011258057798233457,0.011258057798233457
ols_all,all,cv_1,q_net_margin,True,96,96,1.0,True,used,0.5597656387046978,0.5618264399211337,0.002660482930366865,0.002660482930366865
ols_all,all,cv_1,q_rd_to_revenue,True,96,96,1.0,True,used,0.0825351717363084,0.08600942296801478,0.0044852390536464695,0.0044852390536464695
ols_all,all,cv_1,q_sga_to_revenue,True,96,96,1.0,True,used,0.0198926428796968,0.021434249595202303,0.0019902057118514386,0.0019902057118514386
ols_all,all,cv_1,q_ocf_margin,True,96,0,0.0,False,low_training_coverage,,,,
ols_all,all,cv_1,q_fcf_margin,True,96,0,0.0,False,low_training_coverage,,,,
ols_all,all,cv_1,q_revenue_growth_yoy,True,96,96,1.0,True,used,0.6249358645459211,0.5990944026914002,0.03336118380140428,0.03336118380140428
ols_all,all,cv_1,q_gross_profit_growth_yoy,True,96,96,1.0,True,used,0.5999770607126471,0.5623527666930789,0.04857275471686649,0.04857275471686649
ols_all,all,cv_1,q_operating_income_growth_yoy,True,96,96,1.0,True,used,0.6466230737573735,0.6012346898463469,0.05859615166622492,0.05859615166622492
ols_all,all,cv_1,q_net_income_growth_yoy,True,96,96,1.0,True,used,0.6525972344502564,0.6297917605970168,0.029441740145322193,0.029441740145322193
ols_all,all,cv_1,q_rd_growth_yoy,True,96,96,1.0,True,used,0.387905604719764,0.38819343013431845,0.0003715810123949419,0.0003715810123949419
ols_all,all,cv_1,q_operating_cash_flow_growth_yoy,True,96,0,0.0,False,low_training_coverage,,,,
ols_all,all,cv_1,fy_gross_margin,True,96,96,1.0,False,zero_training_variance,0.7498869705816992,0.7498869705816992,0.0,
ols_all,all,cv_1,fy_operating_margin,True,96,96,1.0,False,zero_training_variance,0.6241752683969747,0.6241752683969748,0.0,
ols_all,all,cv_1,fy_net_margin,True,96,96,1.0,False,zero_training_variance,0.5584802715771244,0.5584802715771245,0.0,
ols_all,all,cv_1,fy_rd_to_revenue,True,96,96,1.0,False,zero_training_variance,0.0989601293516326,0.0989601293516326,0.0,
ols_all,all,cv_1,fy_sga_to_revenue,True,96,96,1.0,False,zero_training_variance,0.0267515728330919,0.026751572833091892,0.0,
ols_all,all,cv_1,fy_ocf_margin,True,96,96,1.0,False,zero_training_variance,0.4911147382698453,0.49111473826984514,0.0,
ols_all,all,cv_1,fy_fcf_margin,True,96,0,0.0,False,low_training_coverage,,,,
ols_all,all,cv_1,fy_revenue_growth_yoy,True,96,96,1.0,False,zero_training_variance,1.1420340763599357,1.1420340763599357,0.0,
ols_all,all,cv_1,fy_gross_profit_growth_yoy,True,96,96,1.0,False,zero_training_variance,1.208934335568046,1.2089343355680457,0.0,
ols_all,all,cv_1,fy_operating_income_growth_yoy,True,96,96,1.0,False,zero_training_variance,1.470368797767803,1.4703687977678028,0.0,
ols_all,all,cv_1,fy_net_income_growth_yoy,True,96,96,1.0,False,zero_training_variance,1.4489247311827955,1.4489247311827957,0.0,
ols_all,all,cv_1,fy_rd_growth_yoy,True,96,96,1.0,False,zero_training_variance,0.4886455331412103,0.4886455331412103,0.0,
ols_all,all,cv_1,fy_operating_cash_flow_growth_yoy,True,96,96,1.0,False,zero_training_variance,1.281559273762905,1.2815592737629051,0.0,
ols_all,all,cv_1,current_ratio,True,96,96,1.0,True,used,4.467574304889741,4.372483971474996,0.12276109256687004,0.12276109256687004
ols_all,all,cv_1,cash_to_assets,True,96,96,1.0,True,used,0.0712760940253679,0.07555953119728878,0.005529893610458435,0.005529893610458435
ols_all,all,cv_1,liabilities_to_assets,True,96,96,1.0,True,used,0.2621875542979124,0.2720694027634654,0.01275741151227734,0.01275741151227734
ols_all,all,cv_1,debt_to_assets,True,96,96,1.0,True,used,0.0463424926154839,0.05152161081916654,0.006686212850300874,0.006686212850300874
ridge_market,market,cv_1,simple_return,True,96,95,0.9895833333333334,True,used,-0.0011109090129327,0.00028598184748099075,0.022691677285319588,0.022691677285319588
ridge_market,market,cv_1,log_return,True,96,95,0.9895833333333334,True,used,-0.0011115265297292,2.9508116299229933e-05,0.022629184996429432,0.022629184996429432
ridge_market,market,cv_1,intraday_return,True,96,96,1.0,True,used,-0.0034331215146040997,-0.0031551391481495633,0.01930817729048011,0.01930817729048011
ridge_market,market,cv_1,daily_range,True,96,96,1.0,True,used,0.02567096643920575,0.02965174908094993,0.01438011773598153,0.01438011773598153
ridge_market,market,cv_1,sma_5,True,96,92,0.9583333333333334,True,used,185.30899963378903,185.93922993342082,5.619094730116829,5.619094730116829
ridge_market,market,cv_1,sma_20,True,96,77,0.8020833333333334,True,used,185.5185005187988,185.97273004055023,3.332890459411112,3.332890459411112
ridge_market,market,cv_1,sma_60,True,96,37,0.3854166666666667,False,low_training_coverage,,,,
ridge_market,market,cv_1,rolling_volatility_20,True,96,76,0.7916666666666666,True,used,0.020491051623451398,0.0220291792560285,0.003998453894873429,0.003998453894873429
ridge_market,market,cv_1,rolling_volatility_60,True,96,36,0.375,False,low_training_coverage,,,,
ridge_all,all,cv_1,simple_return,True,96,95,0.9895833333333334,True,used,-0.0011109090129327,0.00028598184748099075,0.022691677285319588,0.022691677285319588
ridge_all,all,cv_1,log_return,True,96,95,0.9895833333333334,True,used,-0.0011115265297292,2.9508116299229933e-05,0.022629184996429432,0.022629184996429432
ridge_all,all,cv_1,intraday_return,True,96,96,1.0,True,used,-0.0034331215146040997,-0.0031551391481495633,0.01930817729048011,0.01930817729048011
ridge_all,all,cv_1,daily_range,True,96,96,1.0,True,used,0.02567096643920575,0.02965174908094993,0.01438011773598153,0.01438011773598153
ridge_all,all,cv_1,sma_5,True,96,92,0.9583333333333334,True,used,185.30899963378903,185.93922993342082,5.619094730116829,5.619094730116829
ridge_all,all,cv_1,sma_20,True,96,77,0.8020833333333334,True,used,185.5185005187988,185.97273004055023,3.332890459411112,3.332890459411112
ridge_all,all,cv_1,sma_60,True,96,37,0.3854166666666667,False,low_training_coverage,,,,
ridge_all,all,cv_1,rolling_volatility_20,True,96,76,0.7916666666666666,True,used,0.020491051623451398,0.0220291792560285,0.003998453894873429,0.003998453894873429
ridge_all,all,cv_1,rolling_volatility_60,True,96,36,0.375,False,low_training_coverage,,,,
ridge_all,all,cv_1,q_gross_margin,True,96,96,1.0,True,used,0.7341157071185489,0.730411110993121,0.004782613032735515,0.004782613032735515
ridge_all,all,cv_1,q_operating_margin,True,96,96,1.0,True,used,0.6316878925025436,0.6229674384299038,0.011258057798233457,0.011258057798233457
ridge_all,all,cv_1,q_net_margin,True,96,96,1.0,True,used,0.5597656387046978,0.5618264399211337,0.002660482930366865,0.002660482930366865
ridge_all,all,cv_1,q_rd_to_revenue,True,96,96,1.0,True,used,0.0825351717363084,0.08600942296801478,0.0044852390536464695,0.0044852390536464695
ridge_all,all,cv_1,q_sga_to_revenue,True,96,96,1.0,True,used,0.0198926428796968,0.021434249595202303,0.0019902057118514386,0.0019902057118514386
ridge_all,all,cv_1,q_ocf_margin,True,96,0,0.0,False,low_training_coverage,,,,
ridge_all,all,cv_1,q_fcf_margin,True,96,0,0.0,False,low_training_coverage,,,,
ridge_all,all,cv_1,q_revenue_growth_yoy,True,96,96,1.0,True,used,0.6249358645459211,0.5990944026914002,0.03336118380140428,0.03336118380140428
ridge_all,all,cv_1,q_gross_profit_growth_yoy,True,96,96,1.0,True,used,0.5999770607126471,0.5623527666930789,0.04857275471686649,0.04857275471686649
ridge_all,all,cv_1,q_operating_income_growth_yoy,True,96,96,1.0,True,used,0.6466230737573735,0.6012346898463469,0.05859615166622492,0.05859615166622492
ridge_all,all,cv_1,q_net_income_growth_yoy,True,96,96,1.0,True,used,0.6525972344502564,0.6297917605970168,0.029441740145322193,0.029441740145322193
ridge_all,all,cv_1,q_rd_growth_yoy,True,96,96,1.0,True,used,0.387905604719764,0.38819343013431845,0.0003715810123949419,0.0003715810123949419
ridge_all,all,cv_1,q_operating_cash_flow_growth_yoy,True,96,0,0.0,False,low_training_coverage,,,,
ridge_all,all,cv_1,fy_gross_margin,True,96,96,1.0,False,zero_training_variance,0.7498869705816992,0.7498869705816992,0.0,
ridge_all,all,cv_1,fy_operating_margin,True,96,96,1.0,False,zero_training_variance,0.6241752683969747,0.6241752683969748,0.0,
ridge_all,all,cv_1,fy_net_margin,True,96,96,1.0,False,zero_training_variance,0.5584802715771244,0.5584802715771245,0.0,
ridge_all,all,cv_1,fy_rd_to_revenue,True,96,96,1.0,False,zero_training_variance,0.0989601293516326,0.0989601293516326,0.0,
ridge_all,all,cv_1,fy_sga_to_revenue,True,96,96,1.0,False,zero_training_variance,0.0267515728330919,0.026751572833091892,0.0,
ridge_all,all,cv_1,fy_ocf_margin,True,96,96,1.0,False,zero_training_variance,0.4911147382698453,0.49111473826984514,0.0,
ridge_all,all,cv_1,fy_fcf_margin,True,96,0,0.0,False,low_training_coverage,,,,
ridge_all,all,cv_1,fy_revenue_growth_yoy,True,96,96,1.0,False,zero_training_variance,1.1420340763599357,1.1420340763599357,0.0,
ridge_all,all,cv_1,fy_gross_profit_growth_yoy,True,96,96,1.0,False,zero_training_variance,1.208934335568046,1.2089343355680457,0.0,
ridge_all,all,cv_1,fy_operating_income_growth_yoy,True,96,96,1.0,False,zero_training_variance,1.470368797767803,1.4703687977678028,0.0,
ridge_all,all,cv_1,fy_net_income_growth_yoy,True,96,96,1.0,False,zero_training_variance,1.4489247311827955,1.4489247311827957,0.0,
ridge_all,all,cv_1,fy_rd_growth_yoy,True,96,96,1.0,False,zero_training_variance,0.4886455331412103,0.4886455331412103,0.0,
ridge_all,all,cv_1,fy_operating_cash_flow_growth_yoy,True,96,96,1.0,False,zero_training_variance,1.281559273762905,1.2815592737629051,0.0,
ridge_all,all,cv_1,current_ratio,True,96,96,1.0,True,used,4.467574304889741,4.372483971474996,0.12276109256687004,0.12276109256687004
ridge_all,all,cv_1,cash_to_assets,True,96,96,1.0,True,used,0.0712760940253679,0.07555953119728878,0.005529893610458435,0.005529893610458435
ridge_all,all,cv_1,liabilities_to_assets,True,96,96,1.0,True,used,0.2621875542979124,0.2720694027634654,0.01275741151227734,0.01275741151227734
ridge_all,all,cv_1,debt_to_assets,True,96,96,1.0,True,used,0.0463424926154839,0.05152161081916654,0.006686212850300874,0.006686212850300874
ols_market,market,cv_2,simple_return,True,121,120,0.9917355371900827,True,used,-0.0006991550194092001,-0.00014261555524804794,0.02236163835533308,0.02236163835533308
ols_market,market,cv_2,log_return,True,121,120,0.9917355371900827,True,used,-0.00069943701438725,-0.0003925142751289122,0.022353008082570094,0.022353008082570094
ols_market,market,cv_2,intraday_return,True,121,121,1.0,True,used,-0.0022345693713182,-0.0025361428019097403,0.019280193989669618,0.019280193989669618
ols_market,market,cv_2,daily_range,True,121,121,1.0,True,used,0.0253485107139185,0.02927140302976908,0.013689166636319576,0.013689166636319576
ols_market,market,cv_2,sma_5,True,121,117,0.9669421487603306,True,used,184.75799865722647,185.42677725799817,5.429258554027886,5.429258554027886
ols_market,market,cv_2,sma_20,True,121,102,0.8429752066115702,True,used,185.5342502593994,185.7887134110632,3.078635145667587,3.078635145667587
ols_market,market,cv_2,sma_60,True,121,62,0.512396694214876,True,used,185.04400037129722,185.13092341672623,0.6059838190727619,0.6059838190727619
ols_market,market,cv_2,rolling_volatility_20,True,121,101,0.8347107438016529,True,used,0.0229866330390899,0.023007241404426712,0.0038104656377400794,0.0038104656377400794
ols_market,market,cv_2,rolling_volatility_60,True,121,61,0.5041322314049587,True,used,0.0218968031999569,0.02192750104465032,0.0006275448623170982,0.0006275448623170982
ols_all,all,cv_2,simple_return,True,121,120,0.9917355371900827,True,used,-0.0006991550194092001,-0.00014261555524804794,0.02236163835533308,0.02236163835533308
ols_all,all,cv_2,log_return,True,121,120,0.9917355371900827,True,used,-0.00069943701438725,-0.0003925142751289122,0.022353008082570094,0.022353008082570094
ols_all,all,cv_2,intraday_return,True,121,121,1.0,True,used,-0.0022345693713182,-0.0025361428019097403,0.019280193989669618,0.019280193989669618
ols_all,all,cv_2,daily_range,True,121,121,1.0,True,used,0.0253485107139185,0.02927140302976908,0.013689166636319576,0.013689166636319576
ols_all,all,cv_2,sma_5,True,121,117,0.9669421487603306,True,used,184.75799865722647,185.42677725799817,5.429258554027886,5.429258554027886
ols_all,all,cv_2,sma_20,True,121,102,0.8429752066115702,True,used,185.5342502593994,185.7887134110632,3.078635145667587,3.078635145667587
ols_all,all,cv_2,sma_60,True,121,62,0.512396694214876,True,used,185.04400037129722,185.13092341672623,0.6059838190727619,0.6059838190727619
ols_all,all,cv_2,rolling_volatility_20,True,121,101,0.8347107438016529,True,used,0.0229866330390899,0.023007241404426712,0.0038104656377400794,0.0038104656377400794
ols_all,all,cv_2,rolling_volatility_60,True,121,61,0.5041322314049587,True,used,0.0218968031999569,0.02192750104465032,0.0006275448623170982,0.0006275448623170982
ols_all,all,cv_2,q_gross_margin,True,121,121,1.0,True,used,0.7341157071185489,0.7311765234157303,0.0045163224693814145,0.0045163224693814145
ols_all,all,cv_2,q_operating_margin,True,121,121,1.0,True,used,0.6316878925025436,0.6247691851391269,0.010631221687336588,0.010631221687336588
ols_all,all,cv_2,q_net_margin,True,121,121,1.0,True,used,0.5597656387046978,0.5614006545458371,0.0025123502059603195,0.0025123502059603195
ols_all,all,cv_2,q_rd_to_revenue,True,121,121,1.0,True,used,0.0825351717363084,0.0852916024655961,0.004235505942019376,0.004235505942019376
ols_all,all,cv_2,q_sga_to_revenue,True,121,121,1.0,True,used,0.0198926428796968,0.02111573581100694,0.001879393275935765,0.001879393275935765
ols_all,all,cv_2,q_ocf_margin,True,121,0,0.0,False,low_training_coverage,,,,
ols_all,all,cv_2,q_fcf_margin,True,121,0,0.0,False,low_training_coverage,,,,
ols_all,all,cv_2,q_revenue_growth_yoy,True,121,121,1.0,True,used,0.6249358645459211,0.604433547702665,0.03150367026898404,0.03150367026898404
ols_all,all,cv_2,q_gross_profit_growth_yoy,True,121,121,1.0,True,used,0.5999770607126471,0.5701263811599319,0.04586827786944388,0.04586827786944388
ols_all,all,cv_2,q_operating_income_growth_yoy,True,121,121,1.0,True,used,0.6466230737573735,0.6106124551172201,0.055333583247918955,0.055333583247918955
ols_all,all,cv_2,q_net_income_growth_yoy,True,121,121,1.0,True,used,0.6525972344502564,0.6345036353600827,0.027802456867381836,0.027802456867381836
ols_all,all,cv_2,q_rd_growth_yoy,True,121,121,1.0,True,used,0.387905604719764,0.38813396207346007,0.00035089179575854173,0.00035089179575854173
ols_all,all,cv_2,q_operating_cash_flow_growth_yoy,True,121,0,0.0,False,low_training_coverage,,,,
ols_all,all,cv_2,fy_gross_margin,True,121,121,1.0,True,used,0.7498869705816992,0.7434066190104217,0.014562778933333997,0.014562778933333997
ols_all,all,cv_2,fy_operating_margin,True,121,121,1.0,True,used,0.6241752683969747,0.6208102383006363,0.0075619646338620375,0.0075619646338620375
ols_all,all,cv_2,fy_net_margin,True,121,121,1.0,True,used,0.5584802715771244,0.5580744978630586,0.0009118630108109709,0.0009118630108109709
ols_all,all,cv_2,fy_rd_to_revenue,True,121,121,1.0,True,used,0.0989601293516326,0.09676157020603392,0.004940647194377787,0.004940647194377787
ols_all,all,cv_2,fy_sga_to_revenue,True,121,121,1.0,True,used,0.0267515728330919,0.02583481050375156,0.0020601671050942483,0.0020601671050942483
ols_all,all,cv_2,fy_ocf_margin,True,121,121,1.0,True,used,0.4911147382698453,0.48856401043810077,0.005732047887252759,0.005732047887252759
ols_all,all,cv_2,fy_fcf_margin,True,121,0,0.0,False,low_training_coverage,,,,
ols_all,all,cv_2,fy_revenue_growth_yoy,True,121,121,1.0,True,used,1.1420340763599357,1.0614888336394421,0.18100292105588106,0.18100292105588106
ols_all,all,cv_2,fy_gross_profit_growth_yoy,True,121,121,1.0,True,used,1.208934335568046,1.1030313545239696,0.2379873505878221,0.2379873505878221
ols_all,all,cv_2,fy_operating_income_growth_yoy,True,121,121,1.0,True,used,1.470368797767803,1.3266324064937782,0.323007365846696,0.323007365846696
ols_all,all,cv_2,fy_net_income_growth_yoy,True,121,121,1.0,True,used,1.4489247311827955,1.3164514831658989,0.2976965993637455,0.2976965993637455
ols_all,all,cv_2,fy_rd_growth_yoy,True,121,121,1.0,True,used,0.4886455331412103,0.4793357775042939,0.020921073767769246,0.020921073767769246
ols_all,all,cv_2,fy_operating_cash_flow_growth_yoy,True,121,121,1.0,True,used,1.281559273762905,1.1693577309543677,0.25214160773960076,0.25214160773960076
ols_all,all,cv_2,current_ratio,True,121,121,1.0,True,used,4.467574304889741,4.299186851530202,0.20745970904266806,0.20745970904266806
ols_all,all,cv_2,cash_to_assets,True,121,121,1.0,True,used,0.0712760940253679,0.07136949763154082,0.010241834313003191,0.010241834313003191
ols_all,all,cv_2,liabilities_to_assets,True,121,121,1.0,True,used,0.2621875542979124,0.26626224906611035,0.016606557862731887,0.016606557862731887
ols_all,all,cv_2,debt_to_assets,True,121,121,1.0,True,used,0.0463424926154839,0.048761297922107795,0.008257353651264203,0.008257353651264203
ridge_market,market,cv_2,simple_return,True,121,120,0.9917355371900827,True,used,-0.0006991550194092001,-0.00014261555524804794,0.02236163835533308,0.02236163835533308
ridge_market,market,cv_2,log_return,True,121,120,0.9917355371900827,True,used,-0.00069943701438725,-0.0003925142751289122,0.022353008082570094,0.022353008082570094
ridge_market,market,cv_2,intraday_return,True,121,121,1.0,True,used,-0.0022345693713182,-0.0025361428019097403,0.019280193989669618,0.019280193989669618
ridge_market,market,cv_2,daily_range,True,121,121,1.0,True,used,0.0253485107139185,0.02927140302976908,0.013689166636319576,0.013689166636319576
ridge_market,market,cv_2,sma_5,True,121,117,0.9669421487603306,True,used,184.75799865722647,185.42677725799817,5.429258554027886,5.429258554027886
ridge_market,market,cv_2,sma_20,True,121,102,0.8429752066115702,True,used,185.5342502593994,185.7887134110632,3.078635145667587,3.078635145667587
ridge_market,market,cv_2,sma_60,True,121,62,0.512396694214876,True,used,185.04400037129722,185.13092341672623,0.6059838190727619,0.6059838190727619
ridge_market,market,cv_2,rolling_volatility_20,True,121,101,0.8347107438016529,True,used,0.0229866330390899,0.023007241404426712,0.0038104656377400794,0.0038104656377400794
ridge_market,market,cv_2,rolling_volatility_60,True,121,61,0.5041322314049587,True,used,0.0218968031999569,0.02192750104465032,0.0006275448623170982,0.0006275448623170982
ridge_all,all,cv_2,simple_return,True,121,120,0.9917355371900827,True,used,-0.0006991550194092001,-0.00014261555524804794,0.02236163835533308,0.02236163835533308
ridge_all,all,cv_2,log_return,True,121,120,0.9917355371900827,True,used,-0.00069943701438725,-0.0003925142751289122,0.022353008082570094,0.022353008082570094
ridge_all,all,cv_2,intraday_return,True,121,121,1.0,True,used,-0.0022345693713182,-0.0025361428019097403,0.019280193989669618,0.019280193989669618
ridge_all,all,cv_2,daily_range,True,121,121,1.0,True,used,0.0253485107139185,0.02927140302976908,0.013689166636319576,0.013689166636319576
ridge_all,all,cv_2,sma_5,True,121,117,0.9669421487603306,True,used,184.75799865722647,185.42677725799817,5.429258554027886,5.429258554027886
ridge_all,all,cv_2,sma_20,True,121,102,0.8429752066115702,True,used,185.5342502593994,185.7887134110632,3.078635145667587,3.078635145667587
ridge_all,all,cv_2,sma_60,True,121,62,0.512396694214876,True,used,185.04400037129722,185.13092341672623,0.6059838190727619,0.6059838190727619
ridge_all,all,cv_2,rolling_volatility_20,True,121,101,0.8347107438016529,True,used,0.0229866330390899,0.023007241404426712,0.0038104656377400794,0.0038104656377400794
ridge_all,all,cv_2,rolling_volatility_60,True,121,61,0.5041322314049587,True,used,0.0218968031999569,0.02192750104465032,0.0006275448623170982,0.0006275448623170982
ridge_all,all,cv_2,q_gross_margin,True,121,121,1.0,True,used,0.7341157071185489,0.7311765234157303,0.0045163224693814145,0.0045163224693814145
ridge_all,all,cv_2,q_operating_margin,True,121,121,1.0,True,used,0.6316878925025436,0.6247691851391269,0.010631221687336588,0.010631221687336588
ridge_all,all,cv_2,q_net_margin,True,121,121,1.0,True,used,0.5597656387046978,0.5614006545458371,0.0025123502059603195,0.0025123502059603195
ridge_all,all,cv_2,q_rd_to_revenue,True,121,121,1.0,True,used,0.0825351717363084,0.0852916024655961,0.004235505942019376,0.004235505942019376
ridge_all,all,cv_2,q_sga_to_revenue,True,121,121,1.0,True,used,0.0198926428796968,0.02111573581100694,0.001879393275935765,0.001879393275935765
ridge_all,all,cv_2,q_ocf_margin,True,121,0,0.0,False,low_training_coverage,,,,
ridge_all,all,cv_2,q_fcf_margin,True,121,0,0.0,False,low_training_coverage,,,,
ridge_all,all,cv_2,q_revenue_growth_yoy,True,121,121,1.0,True,used,0.6249358645459211,0.604433547702665,0.03150367026898404,0.03150367026898404
ridge_all,all,cv_2,q_gross_profit_growth_yoy,True,121,121,1.0,True,used,0.5999770607126471,0.5701263811599319,0.04586827786944388,0.04586827786944388
ridge_all,all,cv_2,q_operating_income_growth_yoy,True,121,121,1.0,True,used,0.6466230737573735,0.6106124551172201,0.055333583247918955,0.055333583247918955
ridge_all,all,cv_2,q_net_income_growth_yoy,True,121,121,1.0,True,used,0.6525972344502564,0.6345036353600827,0.027802456867381836,0.027802456867381836
ridge_all,all,cv_2,q_rd_growth_yoy,True,121,121,1.0,True,used,0.387905604719764,0.38813396207346007,0.00035089179575854173,0.00035089179575854173
ridge_all,all,cv_2,q_operating_cash_flow_growth_yoy,True,121,0,0.0,False,low_training_coverage,,,,
ridge_all,all,cv_2,fy_gross_margin,True,121,121,1.0,True,used,0.7498869705816992,0.7434066190104217,0.014562778933333997,0.014562778933333997
ridge_all,all,cv_2,fy_operating_margin,True,121,121,1.0,True,used,0.6241752683969747,0.6208102383006363,0.0075619646338620375,0.0075619646338620375
ridge_all,all,cv_2,fy_net_margin,True,121,121,1.0,True,used,0.5584802715771244,0.5580744978630586,0.0009118630108109709,0.0009118630108109709
ridge_all,all,cv_2,fy_rd_to_revenue,True,121,121,1.0,True,used,0.0989601293516326,0.09676157020603392,0.004940647194377787,0.004940647194377787
ridge_all,all,cv_2,fy_sga_to_revenue,True,121,121,1.0,True,used,0.0267515728330919,0.02583481050375156,0.0020601671050942483,0.0020601671050942483
ridge_all,all,cv_2,fy_ocf_margin,True,121,121,1.0,True,used,0.4911147382698453,0.48856401043810077,0.005732047887252759,0.005732047887252759
ridge_all,all,cv_2,fy_fcf_margin,True,121,0,0.0,False,low_training_coverage,,,,
ridge_all,all,cv_2,fy_revenue_growth_yoy,True,121,121,1.0,True,used,1.1420340763599357,1.0614888336394421,0.18100292105588106,0.18100292105588106
ridge_all,all,cv_2,fy_gross_profit_growth_yoy,True,121,121,1.0,True,used,1.208934335568046,1.1030313545239696,0.2379873505878221,0.2379873505878221
ridge_all,all,cv_2,fy_operating_income_growth_yoy,True,121,121,1.0,True,used,1.470368797767803,1.3266324064937782,0.323007365846696,0.323007365846696
ridge_all,all,cv_2,fy_net_income_growth_yoy,True,121,121,1.0,True,used,1.4489247311827955,1.3164514831658989,0.2976965993637455,0.2976965993637455
ridge_all,all,cv_2,fy_rd_growth_yoy,True,121,121,1.0,True,used,0.4886455331412103,0.4793357775042939,0.020921073767769246,0.020921073767769246
ridge_all,all,cv_2,fy_operating_cash_flow_growth_yoy,True,121,121,1.0,True,used,1.281559273762905,1.1693577309543677,0.25214160773960076,0.25214160773960076
ridge_all,all,cv_2,current_ratio,True,121,121,1.0,True,used,4.467574304889741,4.299186851530202,0.20745970904266806,0.20745970904266806
ridge_all,all,cv_2,cash_to_assets,True,121,121,1.0,True,used,0.0712760940253679,0.07136949763154082,0.010241834313003191,0.010241834313003191
ridge_all,all,cv_2,liabilities_to_assets,True,121,121,1.0,True,used,0.2621875542979124,0.26626224906611035,0.016606557862731887,0.016606557862731887
ridge_all,all,cv_2,debt_to_assets,True,121,121,1.0,True,used,0.0463424926154839,0.048761297922107795,0.008257353651264203,0.008257353651264203
ols_market,market,cv_3,simple_return,True,146,145,0.9931506849315068,True,used,0.0014093240930164,0.000706292121481235,0.022809900737053933,0.022809900737053933
ols_market,market,cv_3,log_return,True,146,145,0.9931506849315068,True,used,0.0014083319278955,0.0004464532523175449,0.0227831974668494,0.0227831974668494
ols_market,market,cv_3,intraday_return,True,146,146,1.0,True,used,-0.0008035397361736,-0.001141604594464464,0.02004816973347161,0.02004816973347161
ols_market,market,cv_3,daily_range,True,146,146,1.0,True,used,0.0253490793294314,0.029052572215517915,0.013361412142156122,0.013361412142156122
ols_market,market,cv_3,sma_5,True,146,142,0.9726027397260274,True,used,184.77000122070308,185.9811784927159,7.56859585997151,7.56859585997151
ols_market,market,cv_3,sma_20,True,146,127,0.8698630136986302,True,used,185.304500579834,185.16986344219887,3.9328952363792946,3.9328952363792946
ols_market,market,cv_3,sma_60,True,146,87,0.5958904109589042,True,used,184.9241671244304,184.87235775603554,0.8554904160058222,0.8554904160058222
ols_market,market,cv_3,rolling_volatility_20,True,146,126,0.863013698630137,True,used,0.02239842376788835,0.022663117478498758,0.0035648170993197973,0.0035648170993197973
ols_market,market,cv_3,rolling_volatility_60,True,146,86,0.589041095890411,True,used,0.02232033455454245,0.022365952446146534,0.0008176326760699261,0.0008176326760699261
ols_all,all,cv_3,simple_return,True,146,145,0.9931506849315068,True,used,0.0014093240930164,0.000706292121481235,0.022809900737053933,0.022809900737053933
ols_all,all,cv_3,log_return,True,146,145,0.9931506849315068,True,used,0.0014083319278955,0.0004464532523175449,0.0227831974668494,0.0227831974668494
ols_all,all,cv_3,intraday_return,True,146,146,1.0,True,used,-0.0008035397361736,-0.001141604594464464,0.02004816973347161,0.02004816973347161
ols_all,all,cv_3,daily_range,True,146,146,1.0,True,used,0.0253490793294314,0.029052572215517915,0.013361412142156122,0.013361412142156122
ols_all,all,cv_3,sma_5,True,146,142,0.9726027397260274,True,used,184.77000122070308,185.9811784927159,7.56859585997151,7.56859585997151
ols_all,all,cv_3,sma_20,True,146,127,0.8698630136986302,True,used,185.304500579834,185.16986344219887,3.9328952363792946,3.9328952363792946
ols_all,all,cv_3,sma_60,True,146,87,0.5958904109589042,True,used,184.9241671244304,184.87235775603554,0.8554904160058222,0.8554904160058222
ols_all,all,cv_3,rolling_volatility_20,True,146,126,0.863013698630137,True,used,0.02239842376788835,0.022663117478498758,0.0035648170993197973,0.0035648170993197973
ols_all,all,cv_3,rolling_volatility_60,True,146,86,0.589041095890411,True,used,0.02232033455454245,0.022365952446146534,0.0008176326760699261,0.0008176326760699261
ols_all,all,cv_3,q_gross_margin,True,146,146,1.0,True,used,0.7341157071185489,0.7316798082963497,0.0042579870632828256,0.0042579870632828256
ols_all,all,cv_3,q_operating_margin,True,146,146,1.0,True,used,0.6316878925025436,0.6259538953040955,0.010023111661858626,0.010023111661858626
ols_all,all,cv_3,q_net_margin,True,146,146,1.0,True,used,0.5597656387046978,0.5611206860798885,0.002368642794649735,0.002368642794649735
ols_all,all,cv_3,q_rd_to_revenue,True,146,146,1.0,True,used,0.0825351717363084,0.08481961090236192,0.003993233350772271,0.003993233350772271
ols_all,all,cv_3,q_sga_to_revenue,True,146,146,1.0,True,used,0.0198926428796968,0.020906302089892196,0.0017718912478034998,0.0017718912478034998
ols_all,all,cv_3,q_ocf_margin,True,146,0,0.0,False,low_training_coverage,,,,
ols_all,all,cv_3,q_fcf_margin,True,146,0,0.0,False,low_training_coverage,,,,
ols_all,all,cv_3,q_revenue_growth_yoy,True,146,146,1.0,True,used,0.6249358645459211,0.6079442183950032,0.02970164804676466,0.02970164804676466
ols_all,all,cv_3,q_gross_profit_growth_yoy,True,146,146,1.0,True,used,0.5999770607126471,0.5752377988915612,0.043244594491921744,0.043244594491921744
ols_all,all,cv_3,q_operating_income_growth_yoy,True,146,146,1.0,True,used,0.6466230737573735,0.6167786569391642,0.05216848071235996,0.05216848071235996
ols_all,all,cv_3,q_net_income_growth_yoy,True,146,146,1.0,True,used,0.6525972344502564,0.6376018543823728,0.026212145494784633,0.026212145494784633
ols_all,all,cv_3,q_rd_growth_yoy,True,146,146,1.0,True,used,0.387905604719764,0.3880948597868683,0.00033082064823342674,0.00033082064823342674
ols_all,all,cv_3,q_operating_cash_flow_growth_yoy,True,146,0,0.0,False,low_training_coverage,,,,
ols_all,all,cv_3,fy_gross_margin,True,146,146,1.0,True,used,0.7498869705816992,0.7378028903400535,0.018103728605480277,0.018103728605480277
ols_all,all,cv_3,fy_operating_margin,True,146,146,1.0,True,used,0.6241752683969747,0.6179004091933573,0.009400661514013423,0.009400661514013423
ols_all,all,cv_3,fy_net_margin,True,146,146,1.0,True,used,0.5584802715771244,0.5577236147712723,0.0011335831264533643,0.0011335831264533643
ols_all,all,cv_3,fy_rd_to_revenue,True,146,146,1.0,True,used,0.0989601293516326,0.09486041889006244,0.006141968943695674,0.006141968943695674
ols_all,all,cv_3,fy_sga_to_revenue,True,146,146,1.0,True,used,0.0267515728330919,0.02504206225663365,0.0025610981477712743,0.0025610981477712743
ols_all,all,cv_3,fy_ocf_margin,True,146,146,1.0,True,used,0.4911147382698453,0.486358329693185,0.007125799257098463,0.007125799257098463
ols_all,all,cv_3,fy_fcf_margin,True,146,0,0.0,False,low_training_coverage,,,,
ols_all,all,cv_3,fy_revenue_growth_yoy,True,146,146,1.0,True,used,1.1420340763599357,0.991839265876001,0.22501390528522197,0.22501390528522197
ols_all,all,cv_3,fy_gross_profit_growth_yoy,True,146,146,1.0,True,used,1.208934335568046,1.0114542904361983,0.2958541378882857,0.2958541378882857
ols_all,all,cv_3,fy_operating_income_growth_yoy,True,146,146,1.0,True,used,1.470368797767803,1.2023398078749732,0.4015468280902419,0.4015468280902419
ols_all,all,cv_3,fy_net_income_growth_yoy,True,146,146,1.0,True,used,1.4489247311827955,1.201898417671836,0.3700817314008205,0.3700817314008205
ols_all,all,cv_3,fy_rd_growth_yoy,True,146,146,1.0,True,used,0.4886455331412103,0.47128538949634385,0.02600804718390492,0.02600804718390492
ols_all,all,cv_3,fy_operating_cash_flow_growth_yoy,True,146,146,1.0,True,used,1.281559273762905,1.072334136573698,0.313450012361216,0.313450012361216
ols_all,all,cv_3,current_ratio,True,146,146,1.0,True,used,4.2140000824504265,4.231734276346145,0.24018955369203984,0.24018955369203984
ols_all,all,cv_3,cash_to_assets,True,146,146,1.0,True,used,0.0712760940253679,0.06792963286886156,0.012008488212940916,0.012008488212940916
ols_all,all,cv_3,liabilities_to_assets,True,146,146,1.0,True,used,0.2621875542979124,0.2616636764539092,0.01819083272734557,0.01819083272734557
ols_all,all,cv_3,debt_to_assets,True,146,146,1.0,True,used,0.0463424926154839,0.04659609234347322,0.008899384437426501,0.008899384437426501
ridge_market,market,cv_3,simple_return,True,146,145,0.9931506849315068,True,used,0.0014093240930164,0.000706292121481235,0.022809900737053933,0.022809900737053933
ridge_market,market,cv_3,log_return,True,146,145,0.9931506849315068,True,used,0.0014083319278955,0.0004464532523175449,0.0227831974668494,0.0227831974668494
ridge_market,market,cv_3,intraday_return,True,146,146,1.0,True,used,-0.0008035397361736,-0.001141604594464464,0.02004816973347161,0.02004816973347161
ridge_market,market,cv_3,daily_range,True,146,146,1.0,True,used,0.0253490793294314,0.029052572215517915,0.013361412142156122,0.013361412142156122
ridge_market,market,cv_3,sma_5,True,146,142,0.9726027397260274,True,used,184.77000122070308,185.9811784927159,7.56859585997151,7.56859585997151
ridge_market,market,cv_3,sma_20,True,146,127,0.8698630136986302,True,used,185.304500579834,185.16986344219887,3.9328952363792946,3.9328952363792946
ridge_market,market,cv_3,sma_60,True,146,87,0.5958904109589042,True,used,184.9241671244304,184.87235775603554,0.8554904160058222,0.8554904160058222
ridge_market,market,cv_3,rolling_volatility_20,True,146,126,0.863013698630137,True,used,0.02239842376788835,0.022663117478498758,0.0035648170993197973,0.0035648170993197973
ridge_market,market,cv_3,rolling_volatility_60,True,146,86,0.589041095890411,True,used,0.02232033455454245,0.022365952446146534,0.0008176326760699261,0.0008176326760699261
ridge_all,all,cv_3,simple_return,True,146,145,0.9931506849315068,True,used,0.0014093240930164,0.000706292121481235,0.022809900737053933,0.022809900737053933
ridge_all,all,cv_3,log_return,True,146,145,0.9931506849315068,True,used,0.0014083319278955,0.0004464532523175449,0.0227831974668494,0.0227831974668494
ridge_all,all,cv_3,intraday_return,True,146,146,1.0,True,used,-0.0008035397361736,-0.001141604594464464,0.02004816973347161,0.02004816973347161
ridge_all,all,cv_3,daily_range,True,146,146,1.0,True,used,0.0253490793294314,0.029052572215517915,0.013361412142156122,0.013361412142156122
ridge_all,all,cv_3,sma_5,True,146,142,0.9726027397260274,True,used,184.77000122070308,185.9811784927159,7.56859585997151,7.56859585997151
ridge_all,all,cv_3,sma_20,True,146,127,0.8698630136986302,True,used,185.304500579834,185.16986344219887,3.9328952363792946,3.9328952363792946
ridge_all,all,cv_3,sma_60,True,146,87,0.5958904109589042,True,used,184.9241671244304,184.87235775603554,0.8554904160058222,0.8554904160058222
ridge_all,all,cv_3,rolling_volatility_20,True,146,126,0.863013698630137,True,used,0.02239842376788835,0.022663117478498758,0.0035648170993197973,0.0035648170993197973
ridge_all,all,cv_3,rolling_volatility_60,True,146,86,0.589041095890411,True,used,0.02232033455454245,0.022365952446146534,0.0008176326760699261,0.0008176326760699261
ridge_all,all,cv_3,q_gross_margin,True,146,146,1.0,True,used,0.7341157071185489,0.7316798082963497,0.0042579870632828256,0.0042579870632828256
ridge_all,all,cv_3,q_operating_margin,True,146,146,1.0,True,used,0.6316878925025436,0.6259538953040955,0.010023111661858626,0.010023111661858626
ridge_all,all,cv_3,q_net_margin,True,146,146,1.0,True,used,0.5597656387046978,0.5611206860798885,0.002368642794649735,0.002368642794649735
ridge_all,all,cv_3,q_rd_to_revenue,True,146,146,1.0,True,used,0.0825351717363084,0.08481961090236192,0.003993233350772271,0.003993233350772271
ridge_all,all,cv_3,q_sga_to_revenue,True,146,146,1.0,True,used,0.0198926428796968,0.020906302089892196,0.0017718912478034998,0.0017718912478034998
ridge_all,all,cv_3,q_ocf_margin,True,146,0,0.0,False,low_training_coverage,,,,
ridge_all,all,cv_3,q_fcf_margin,True,146,0,0.0,False,low_training_coverage,,,,
ridge_all,all,cv_3,q_revenue_growth_yoy,True,146,146,1.0,True,used,0.6249358645459211,0.6079442183950032,0.02970164804676466,0.02970164804676466
ridge_all,all,cv_3,q_gross_profit_growth_yoy,True,146,146,1.0,True,used,0.5999770607126471,0.5752377988915612,0.043244594491921744,0.043244594491921744
ridge_all,all,cv_3,q_operating_income_growth_yoy,True,146,146,1.0,True,used,0.6466230737573735,0.6167786569391642,0.05216848071235996,0.05216848071235996
ridge_all,all,cv_3,q_net_income_growth_yoy,True,146,146,1.0,True,used,0.6525972344502564,0.6376018543823728,0.026212145494784633,0.026212145494784633
ridge_all,all,cv_3,q_rd_growth_yoy,True,146,146,1.0,True,used,0.387905604719764,0.3880948597868683,0.00033082064823342674,0.00033082064823342674
ridge_all,all,cv_3,q_operating_cash_flow_growth_yoy,True,146,0,0.0,False,low_training_coverage,,,,
ridge_all,all,cv_3,fy_gross_margin,True,146,146,1.0,True,used,0.7498869705816992,0.7378028903400535,0.018103728605480277,0.018103728605480277
ridge_all,all,cv_3,fy_operating_margin,True,146,146,1.0,True,used,0.6241752683969747,0.6179004091933573,0.009400661514013423,0.009400661514013423
ridge_all,all,cv_3,fy_net_margin,True,146,146,1.0,True,used,0.5584802715771244,0.5577236147712723,0.0011335831264533643,0.0011335831264533643
ridge_all,all,cv_3,fy_rd_to_revenue,True,146,146,1.0,True,used,0.0989601293516326,0.09486041889006244,0.006141968943695674,0.006141968943695674
ridge_all,all,cv_3,fy_sga_to_revenue,True,146,146,1.0,True,used,0.0267515728330919,0.02504206225663365,0.0025610981477712743,0.0025610981477712743
ridge_all,all,cv_3,fy_ocf_margin,True,146,146,1.0,True,used,0.4911147382698453,0.486358329693185,0.007125799257098463,0.007125799257098463
ridge_all,all,cv_3,fy_fcf_margin,True,146,0,0.0,False,low_training_coverage,,,,
ridge_all,all,cv_3,fy_revenue_growth_yoy,True,146,146,1.0,True,used,1.1420340763599357,0.991839265876001,0.22501390528522197,0.22501390528522197
ridge_all,all,cv_3,fy_gross_profit_growth_yoy,True,146,146,1.0,True,used,1.208934335568046,1.0114542904361983,0.2958541378882857,0.2958541378882857
ridge_all,all,cv_3,fy_operating_income_growth_yoy,True,146,146,1.0,True,used,1.470368797767803,1.2023398078749732,0.4015468280902419,0.4015468280902419
ridge_all,all,cv_3,fy_net_income_growth_yoy,True,146,146,1.0,True,used,1.4489247311827955,1.201898417671836,0.3700817314008205,0.3700817314008205
ridge_all,all,cv_3,fy_rd_growth_yoy,True,146,146,1.0,True,used,0.4886455331412103,0.47128538949634385,0.02600804718390492,0.02600804718390492
ridge_all,all,cv_3,fy_operating_cash_flow_growth_yoy,True,146,146,1.0,True,used,1.281559273762905,1.072334136573698,0.313450012361216,0.313450012361216
ridge_all,all,cv_3,current_ratio,True,146,146,1.0,True,used,4.2140000824504265,4.231734276346145,0.24018955369203984,0.24018955369203984
ridge_all,all,cv_3,cash_to_assets,True,146,146,1.0,True,used,0.0712760940253679,0.06792963286886156,0.012008488212940916,0.012008488212940916
ridge_all,all,cv_3,liabilities_to_assets,True,146,146,1.0,True,used,0.2621875542979124,0.2616636764539092,0.01819083272734557,0.01819083272734557
ridge_all,all,cv_3,debt_to_assets,True,146,146,1.0,True,used,0.0463424926154839,0.04659609234347322,0.008899384437426501,0.008899384437426501
