feature_name,simple_return,log_return,intraday_return,daily_range,sma_5,sma_20,sma_60,rolling_volatility_20,rolling_volatility_60,q_gross_margin,q_operating_margin,q_net_margin,q_rd_to_revenue,q_sga_to_revenue,q_ocf_margin,q_fcf_margin,fy_gross_margin,fy_operating_margin,fy_net_margin,fy_rd_to_revenue,fy_sga_to_revenue,fy_ocf_margin,fy_fcf_margin,current_ratio,cash_to_assets,liabilities_to_assets,debt_to_assets,q_revenue_growth_yoy,q_gross_profit_growth_yoy,q_operating_income_growth_yoy,q_net_income_growth_yoy,q_rd_growth_yoy,q_operating_cash_flow_growth_yoy,fy_revenue_growth_yoy,fy_gross_profit_growth_yoy,fy_operating_income_growth_yoy,fy_net_income_growth_yoy,fy_rd_growth_yoy,fy_operating_cash_flow_growth_yoy
simple_return,1.0,0.9998263792734259,0.8067775768936901,-0.08243196678872344,-0.05926743982753645,-0.038637006968975054,-0.008231743458491522,-0.02034618470419596,0.03676632045747694,-0.007680717303893501,-0.00044402592547090707,-0.03530089138671458,-0.010221488994121515,-0.0032295733287945054,,,-0.013502243856944637,-0.013502243856945054,-0.01350224385694916,-0.01350224385694503,-0.013502243856944998,-0.013502243856945493,,0.033804759157965096,0.0023761434615686794,0.005218288562979543,0.03622562150800307,0.005426672696393712,-0.02128299495595524,-0.02259933048722301,-0.033080900320233655,-0.009023670178751901,,-0.013502243856944889,-0.013502243856944877,-0.013502243856944892,-0.013502243856944927,-0.013502243856944778,-0.013502243856944846
log_return,0.9998263792734259,1.0,0.8076832087433347,-0.09164729605846784,-0.06013966610620353,-0.03997565933971516,-0.008766990562740863,-0.02380194741197356,0.03450503003631046,-0.008020741860033098,-0.0006471803890136569,-0.03604157690052466,-0.010264086994724059,-0.0030334661378974607,,,-0.012400406070702768,-0.012400406070703186,-0.01240040607070732,-0.012400406070703173,-0.012400406070703142,-0.012400406070703647,,0.03475014165618,0.0027681595186737186,0.004999067594272147,0.03593750115042544,0.00479468708465185,-0.021954528060785985,-0.02326117577187673,-0.03376278615069691,-0.009857754068189287,,-0.012400406070702998,-0.012400406070702981,-0.012400406070703014,-0.012400406070703038,-0.012400406070702898,-0.012400406070702984
intraday_return,0.8067775768936901,0.8076832087433347,1.0,-0.1105777735240734,-0.09234285023957055,-0.07962239384556913,-0.04986456827361739,-0.009318700393459778,0.0009534831118032558,-0.012130434687188545,-0.0038929517103981556,-0.04019436744974816,-0.009574390253816279,0.0018441721311987175,,,-0.059695378258003466,-0.05969537825800368,-0.05969537825800581,-0.05969537825800348,-0.05969537825800346,-0.059695378258003313,,-0.009504362207829166,-0.05821799663636771,-0.06049684922113504,-0.013241851563678896,-0.015747040563197548,-0.0304112073292615,-0.030756209973826214,-0.03696657821388021,-0.029893155543425757,,-0.059695378258003376,-0.059695378258003466,-0.05969537825800341,-0.05969537825800342,-0.05969537825800353,-0.05969537825800348
daily_range,-0.08243196678872344,-0.09164729605846784,-0.1105777735240734,1.0,0.002017556042512326,0.025884512361839616,-0.020229864929491016,0.231138510493847,0.06758078145833363,-0.02146451889980669,-0.03792116202223202,0.051528301855473274,0.05954742168007414,0.047947200357107776,,,-0.0044604749246484636,-0.004460474924651088,-0.004460474924656642,-0.004460474924649214,-0.004460474924649087,-0.004460474924648722,,-0.11780824847009673,-0.055211902879942654,-0.07219055409645755,-0.135367016511352,-0.0650071207318777,0.009561063480951848,0.01376019631547533,0.04581807504201014,-0.029428108898851404,,-0.004460474924648959,-0.004460474924649038,-0.00446047492464903,-0.004460474924648975,-0.004460474924648726,-0.004460474924649013
sma_5,-0.05926743982753645,-0.06013966610620353,-0.09234285023957055,0.002017556042512326,1.0,0.9120336099182231,0.7531792302479337,0.37064395760968394,0.6547505652018786,0.6828140589610113,0.6634101054574285,0.6101871428644671,-0.5985007459945167,-0.6676382109769115,,,-0.5785371003730142,-0.5785371003730319,-0.5785371003730553,-0.5785371003730203,-0.5785371003730198,-0.578537100373021,,-0.3215272795656833,-0.2985960524388721,0.01635077908558665,0.2168920574577696,0.7532406131525475,0.7004886429827982,0.6912911125913241,0.6190837483236752,0.7647705261469128,,-0.5785371003730206,-0.5785371003730201,-0.57853710037302,-0.5785371003730203,-0.5785371003730214,-0.5785371003730203
sma_20,-0.038637006968975054,-0.03997565933971516,-0.07962239384556913,0.025884512361839616,0.9120336099182231,1.0,0.8520105903527261,0.5127172835639179,0.6993210318592918,0.8023575990018519,0.7845056726082795,0.7135781393485179,-0.7109091052366442,-0.7878829236203633,,,-0.5645891365846184,-0.5645891365846062,-0.5645891365846303,-0.5645891365846204,-0.5645891365846213,-0.5645891365846191,,-0.32668644219507104,-0.23704670522371166,0.1533898232115826,0.2849567223948761,0.8628726804834213,0.8133290056589573,0.8030042718743348,0.7216868550260921,0.8815366796580953,,-0.5645891365846208,-0.5645891365846211,-0.564589136584621,-0.5645891365846211,-0.564589136584621,-0.5645891365846213
sma_60,-0.008231743458491522,-0.008766990562740863,-0.04986456827361739,-0.020229864929491016,0.7531792302479337,0.8520105903527261,1.0,0.44290624860280375,0.8473300390011714,0.9473190743692218,0.9579247484634412,0.800545658880252,-0.9349760904164358,-0.9548898513709495,,,-0.4846833754370102,-0.48468337543701384,-0.48468337543693824,-0.4846833754370089,-0.48468337543700823,-0.4846833754370158,,-0.29824913764899,-0.08993782054558021,0.3715321725169107,0.3091502164711113,0.9278231338793391,0.9103638028191888,0.9001876890185257,0.8102924425756384,0.9580712159684028,,-0.4846833754370082,-0.48468337543700807,-0.4846833754370078,-0.4846833754370083,-0.4846833754370115,-0.48468337543700823
rolling_volatility_20,-0.02034618470419596,-0.02380194741197356,-0.009318700393459778,0.231138510493847,0.37064395760968394,0.5127172835639179,0.44290624860280375,1.0,0.44524890558506885,0.31720760485883587,0.28755458623765734,0.35145850347571866,-0.2170924860575964,-0.286842088218086,,,-0.31340038006087695,-0.31340038006088083,-0.31340038006087323,-0.3134003800608783,-0.31340038006087817,-0.3134003800608808,,-0.2281704770847328,-0.1010448951283241,0.12500347230516004,0.14605820052488525,0.37950181433623753,0.3730464462911189,0.36831703573127916,0.34519024494250544,0.41775257201096383,,-0.3134003800608786,-0.31340038006087856,-0.31340038006087817,-0.31340038006087834,-0.31340038006087834,-0.31340038006087817
rolling_volatility_60,0.03676632045747694,0.03450503003631046,0.0009534831118032558,0.06758078145833363,0.6547505652018786,0.6993210318592918,0.8473300390011714,0.44524890558506885,1.0,0.816885395426682,0.8113206062550862,0.7365186916356771,-0.7658095663519329,-0.797809613744008,,,-0.6017281713193049,-0.6017281713193076,-0.6017281713193355,-0.6017281713193016,-0.6017281713193038,-0.6017281713193043,,-0.43752177037122353,-0.3050975108589113,0.11892336968961277,0.12503595440832108,0.7563166051336918,0.8034377414086014,0.7981911072005707,0.7430409441988641,0.8093355299066912,,-0.6017281713193035,-0.6017281713193036,-0.6017281713193023,-0.601728171319303,-0.6017281713193027,-0.6017281713193036
q_gross_margin,-0.007680717303893501,-0.008020741860033098,-0.012130434687188545,-0.02146451889980669,0.6828140589610113,0.8023575990018519,0.9473190743692218,0.31720760485883587,0.816885395426682,1.0,0.9906295030418237,0.8487236349510157,-0.9390735401732604,-0.9815426539543393,,,-0.6940504060592453,-0.6940504060592402,-0.6940504060591953,-0.6940504060592443,-0.6940504060592431,-0.6940504060592405,,-0.47947215391046405,-0.5860821672972888,-0.3169990214478528,-0.05158009019950091,0.918552285495481,0.9539953127244563,0.9503078191355869,0.8786958059636897,0.9215553210537615,,-0.6940504060592433,-0.6940504060592437,-0.6940504060592427,-0.6940504060592436,-0.6940504060592416,-0.6940504060592436
q_operating_margin,-0.00044402592547090707,-0.0006471803890136569,-0.0038929517103981556,-0.03792116202223202,0.6634101054574285,0.7845056726082795,0.9579247484634412,0.28755458623765734,0.8113206062550862,0.9906295030418237,1.0,0.7690098932945466,-0.9770873784101158,-0.9977510256895954,,,-0.6947597617065052,-0.6947597617065008,-0.694759761706459,-0.6947597617065041,-0.6947597617065029,-0.694759761706501,,-0.39260065597024824,-0.5834113040473623,-0.3277680479980905,-1.73221868285226e-05,0.9195403969194159,0.9049653675529284,0.8991938780142829,0.8061009182173015,0.8876446999216414,,-0.6947597617065036,-0.6947597617065038,-0.6947597617065027,-0.6947597617065038,-0.6947597617065022,-0.6947597617065042
q_net_margin,-0.03530089138671458,-0.03604157690052466,-0.04019436744974816,0.051528301855473274,0.6101871428644671,0.7135781393485179,0.800545658880252,0.35145850347571866,0.7365186916356771,0.8487236349510157,0.7690098932945466,1.0,-0.6184519980772568,-0.7326567467640125,,,-0.5646526027242991,-0.564652602724296,-0.564652602724248,-0.5646526027242986,-0.5646526027242964,-0.5646526027242923,,-0.7500399837117696,-0.5207493064307165,-0.26606545545460847,-0.294819498847494,0.7193521687684307,0.9602490197426555,0.966685184769345,0.9979498220124269,0.8589127157855695,,-0.5646526027242973,-0.5646526027242972,-0.5646526027242965,-0.564652602724297,-0.5646526027242952,-0.5646526027242971
q_rd_to_revenue,-0.010221488994121515,-0.010264086994724059,-0.009574390253816279,0.05954742168007414,-0.5985007459945167,-0.7109091052366442,-0.9349760904164358,-0.2170924860575964,-0.7658095663519329,-0.9390735401732604,-0.9770873784101158,-0.6184519980772568,1.0,0.9843656209096228,,,0.6712931815467481,0.6712931815467439,0.6712931815467101,0.6712931815467478,0.6712931815467468,0.6712931815467456,,0.2546838891038395,0.5720337362156886,0.3534425342062671,-0.05649357171357505,-0.8767178913181172,-0.7936956007337352,-0.7855197062994282,-0.6655866016930048,-0.7932444798984535,,0.6712931815467474,0.6712931815467476,0.6712931815467471,0.6712931815467479,0.6712931815467459,0.6712931815467476
q_sga_to_revenue,-0.0032295733287945054,-0.0030334661378974607,0.0018441721311987175,0.047947200357107776,-0.6676382109769115,-0.7878829236203633,-0.9548898513709495,-0.286842088218086,-0.797809613744008,-0.9815426539543393,-0.9977510256895954,-0.7326567467640125,0.9843656209096228,1.0,,,0.6885885070834593,0.6885885070834543,0.6885885070834132,0.6885885070834585,0.6885885070834572,0.688588507083455,,0.33904169685319785,0.5538062890881805,0.2929411055530638,-0.05930977120986926,-0.9319367084724374,-0.8844937499241368,-0.8769410202162561,-0.7714294147535611,-0.8852723487425137,,0.6885885070834578,0.6885885070834578,0.6885885070834571,0.6885885070834581,0.6885885070834561,0.6885885070834576
q_ocf_margin,,,,,,,,,,,,,,,,,,,,,,,,,,,,,,,,,,,,,,,
q_fcf_margin,,,,,,,,,,,,,,,,,,,,,,,,,,,,,,,,,,,,,,,
fy_gross_margin,-0.013502243856944637,-0.012400406070702768,-0.059695378258003466,-0.0044604749246484636,-0.5785371003730142,-0.5645891365846184,-0.4846833754370102,-0.31340038006087695,-0.6017281713193049,-0.6940504060592453,-0.6947597617065052,-0.5646526027242991,0.6712931815467481,0.6885885070834593,,,1.0,0.9999999999999996,0.9999999999999991,0.9999999999999996,0.9999999999999999,0.9999999999999997,,0.6577373260216783,0.8516448434688131,0.5900119860106516,0.19206973546705922,-0.619538136154735,-0.6432133202446184,-0.6411510507326275,-0.5892266795427483,-0.6107986522454308,,0.9999999999999994,1.0,1.0,0.9999999999999994,0.9999999999999991,1.0
fy_operating_margin,-0.013502243856945054,-0.012400406070703186,-0.05969537825800368,-0.004460474924651088,-0.5785371003730319,-0.5645891365846062,-0.48468337543701384,-0.31340038006088083,-0.6017281713193076,-0.6940504060592402,-0.6947597617065008,-0.564652602724296,0.6712931815467439,0.6885885070834543,,,0.9999999999999996,1.0,0.9999999999999993,1.0,0.9999999999999998,1.0,,0.6577373260216817,0.8516448434688171,0.5900119860106584,0.19206973546706707,-0.619538136154728,-0.6432133202446143,-0.6411510507326235,-0.589226679542746,-0.6107986522454243,,0.9999999999999997,0.9999999999999999,1.0,0.9999999999999998,0.9999999999999998,1.0
fy_net_margin,-0.01350224385694916,-0.01240040607070732,-0.05969537825800581,-0.004460474924656642,-0.5785371003730553,-0.5645891365846303,-0.48468337543693824,-0.31340038006087323,-0.6017281713193355,-0.6940504060591953,-0.694759761706459,-0.564652602724248,0.6712931815467101,0.6885885070834132,,,0.9999999999999991,0.9999999999999993,1.0,1.0,1.0,1.0,,0.6577373260216797,0.8516448434688332,0.5900119860106899,0.19206973546709172,-0.6195381361546769,-0.6432133202445645,-0.641151050732574,-0.5892266795426994,-0.6107986522453693,,1.0,1.0,1.0,1.0,1.0,1.0
fy_rd_to_revenue,-0.01350224385694503,-0.012400406070703173,-0.05969537825800348,-0.004460474924649214,-0.5785371003730203,-0.5645891365846204,-0.4846833754370089,-0.3134003800608783,-0.6017281713193016,-0.6940504060592443,-0.6947597617065041,-0.5646526027242986,0.6712931815467478,0.6885885070834585,,,0.9999999999999996,1.0,1.0,1.0,1.0,0.9999999999999993,,0.6577373260216786,0.851644843468814,0.5900119860106523,0.19206973546706133,-0.6195381361547334,-0.6432133202446177,-0.6411510507326272,-0.5892266795427474,-0.6107986522454295,,0.9999999999999994,1.0,0.9999999999999997,1.0,0.9999999999999991,1.0
fy_sga_to_revenue,-0.013502243856944998,-0.012400406070703142,-0.05969537825800346,-0.004460474924649087,-0.5785371003730198,-0.5645891365846213,-0.48468337543700823,-0.31340038006087817,-0.6017281713193038,-0.6940504060592431,-0.6947597617065029,-0.5646526027242964,0.6712931815467468,0.6885885070834572,,,0.9999999999999999,0.9999999999999998,1.0,1.0,1.0,1.0,,0.6577373260216782,0.8516448434688136,0.5900119860106537,0.1920697354670612,-0.6195381361547319,-0.6432133202446161,-0.6411510507326249,-0.5892266795427455,-0.6107986522454277,,0.9999999999999997,0.9999999999999997,1.0,0.9999999999999996,0.9999999999999992,1.0
fy_ocf_margin,-0.013502243856945493,-0.012400406070703647,-0.059695378258003313,-0.004460474924648722,-0.578537100373021,-0.5645891365846191,-0.4846833754370158,-0.3134003800608808,-0.6017281713193043,-0.6940504060592405,-0.694759761706501,-0.5646526027242923,0.6712931815467456,0.688588507083455,,,0.9999999999999997,1.0,1.0,0.9999999999999993,1.0,1.0,,0.6577373260216767,0.8516448434688144,0.5900119860106539,0.19206973546705983,-0.6195381361547303,-0.6432133202446129,-0.6411510507326216,-0.5892266795427422,-0.6107986522454248,,0.9999999999999996,1.0,1.0,0.9999999999999996,0.9999999999999996,1.0
fy_fcf_margin,,,,,,,,,,,,,,,,,,,,,,,,,,,,,,,,,,,,,,,
current_ratio,0.033804759157965096,0.03475014165618,-0.009504362207829166,-0.11780824847009673,-0.3215272795656833,-0.32668644219507104,-0.29824913764899,-0.2281704770847328,-0.43752177037122353,-0.47947215391046405,-0.39260065597024824,-0.7500399837117696,0.2546838891038395,0.33904169685319785,,,0.6577373260216783,0.6577373260216817,0.6577373260216797,0.6577373260216786,0.6577373260216782,0.6577373260216767,,1.0,0.7846736600899559,0.6609047393133404,0.7285730770316463,-0.2282251121739714,-0.6078129030348836,-0.6257046372922523,-0.7388586595205385,-0.4044895117073421,,0.6577373260216774,0.6577373260216781,0.6577373260216779,0.6577373260216777,0.6577373260216772,0.6577373260216789
cash_to_assets,0.0023761434615686794,0.0027681595186737186,-0.05821799663636771,-0.055211902879942654,-0.2985960524388721,-0.23704670522371166,-0.08993782054558021,-0.1010448951283241,-0.3050975108589113,-0.5860821672972888,-0.5834113040473623,-0.5207493064307165,0.5720337362156886,0.5538062890881805,,,0.8516448434688131,0.8516448434688171,0.8516448434688332,0.851644843468814,0.8516448434688136,0.8516448434688144,,0.7846736600899559,1.0,0.9177808553866952,0.6414874788322131,-0.31809750618045723,-0.5182590166096755,-0.5292289093547953,-0.5487394777297548,-0.3417706051760423,,0.8516448434688151,0.8516448434688136,0.851644843468814,0.8516448434688138,0.8516448434688132,0.8516448434688136
liabilities_to_assets,0.005218288562979543,0.004999067594272147,-0.06049684922113504,-0.07219055409645755,0.01635077908558665,0.1533898232115826,0.3715321725169107,0.12500347230516004,0.11892336968961277,-0.3169990214478528,-0.3277680479980905,-0.26606545545460847,0.3534425342062671,0.2929411055530638,,,0.5900119860106516,0.5900119860106584,0.5900119860106899,0.5900119860106523,0.5900119860106537,0.5900119860106539,,0.6609047393133404,0.9177808553866952,1.0,0.8127960724652316,0.025272194043419995,-0.22210711055310722,-0.23900695805655484,-0.2945953829552659,0.010332389624429337,,0.5900119860106526,0.5900119860106525,0.590011986010653,0.5900119860106527,0.5900119860106536,0.5900119860106529
debt_to_assets,0.03622562150800307,0.03593750115042544,-0.013241851563678896,-0.135367016511352,0.2168920574577696,0.2849567223948761,0.3091502164711113,0.14605820052488525,0.12503595440832108,-0.05158009019950091,-1.73221868285226e-05,-0.294819498847494,-0.05649357171357505,-0.05930977120986926,,,0.19206973546705922,0.19206973546706707,0.19206973546709172,0.19206973546706133,0.1920697354670612,0.19206973546705983,,0.7285730770316463,0.6414874788322131,0.8127960724652316,1.0,0.3326181455539763,-0.10347101375892503,-0.1305438755918824,-0.2909481912378138,0.19359830546785836,,0.19206973546706024,0.19206973546706035,0.1920697354670612,0.19206973546706052,0.19206973546706074,0.19206973546706071
q_revenue_growth_yoy,0.005426672696393712,0.00479468708465185,-0.015747040563197548,-0.0650071207318777,0.7532406131525475,0.8628726804834213,0.9278231338793391,0.37950181433623753,0.7563166051336918,0.918552285495481,0.9195403969194159,0.7193521687684307,-0.8767178913181172,-0.9319367084724374,,,-0.619538136154735,-0.619538136154728,-0.6195381361546769,-0.6195381361547334,-0.6195381361547319,-0.6195381361547303,,-0.2282251121739714,-0.31809750618045723,0.025272194043419995,0.3326181455539763,1.0,0.8794232236216484,0.8657647306440808,0.7443384300518963,0.9662638548145983,,-0.619538136154733,-0.619538136154733,-0.6195381361547325,-0.619538136154733,-0.6195381361547314,-0.6195381361547333
q_gross_profit_growth_yoy,-0.02128299495595524,-0.021954528060785985,-0.0304112073292615,0.009561063480951848,0.7004886429827982,0.8133290056589573,0.9103638028191888,0.3730464462911189,0.8034377414086014,0.9539953127244563,0.9049653675529284,0.9602490197426555,-0.7936956007337352,-0.8844937499241368,,,-0.6432133202446184,-0.6432133202446143,-0.6432133202445645,-0.6432133202446177,-0.6432133202446161,-0.6432133202446129,,-0.6078129030348836,-0.5182590166096755,-0.22210711055310722,-0.10347101375892503,0.8794232236216484,1.0,0.9995943532616807,0.9719415680095087,0.9543214276175569,,-0.6432133202446165,-0.643213320244617,-0.6432133202446162,-0.6432133202446167,-0.6432133202446148,-0.6432133202446166
q_operating_income_growth_yoy,-0.02259933048722301,-0.02326117577187673,-0.030756209973826214,0.01376019631547533,0.6912911125913241,0.8030042718743348,0.9001876890185257,0.36831703573127916,0.7981911072005707,0.9503078191355869,0.8991938780142829,0.966685184769345,-0.7855197062994282,-0.8769410202162561,,,-0.6411510507326275,-0.6411510507326235,-0.641151050732574,-0.6411510507326272,-0.6411510507326249,-0.6411510507326216,,-0.6257046372922523,-0.5292289093547953,-0.23900695805655484,-0.1305438755918824,0.8657647306440808,0.9995943532616807,1.0,0.9778121381971193,0.9457382277371078,,-0.6411510507326255,-0.641151050732626,-0.6411510507326251,-0.6411510507326259,-0.6411510507326238,-0.6411510507326258
q_net_income_growth_yoy,-0.033080900320233655,-0.03376278615069691,-0.03696657821388021,0.04581807504201014,0.6190837483236752,0.7216868550260921,0.8102924425756384,0.34519024494250544,0.7430409441988641,0.8786958059636897,0.8061009182173015,0.9979498220124269,-0.6655866016930048,-0.7714294147535611,,,-0.5892266795427483,-0.589226679542746,-0.5892266795426994,-0.5892266795427474,-0.5892266795427455,-0.5892266795427422,,-0.7388586595205385,-0.5487394777297548,-0.2945953829552659,-0.2909481912378138,0.7443384300518963,0.9719415680095087,0.9778121381971193,1.0,0.8709346815962545,,-0.589226679542747,-0.5892266795427467,-0.589226679542746,-0.5892266795427465,-0.5892266795427449,-0.5892266795427469
q_rd_growth_yoy,-0.009023670178751901,-0.009857754068189287,-0.029893155543425757,-0.029428108898851404,0.7647705261469128,0.8815366796580953,0.9580712159684028,0.41775257201096383,0.8093355299066912,0.9215553210537615,0.8876446999216414,0.8589127157855695,-0.7932444798984535,-0.8852723487425137,,,-0.6107986522454308,-0.6107986522454243,-0.6107986522453693,-0.6107986522454295,-0.6107986522454277,-0.6107986522454248,,-0.4044895117073421,-0.3417706051760423,0.010332389624429337,0.19359830546785836,0.9662638548145983,0.9543214276175569,0.9457382277371078,0.8709346815962545,1.0,,-0.6107986522454287,-0.6107986522454286,-0.6107986522454281,-0.6107986522454287,-0.6107986522454268,-0.6107986522454285
q_operating_cash_flow_growth_yoy,,,,,,,,,,,,,,,,,,,,,,,,,,,,,,,,,,,,,,,
fy_revenue_growth_yoy,-0.013502243856944889,-0.012400406070702998,-0.059695378258003376,-0.004460474924648959,-0.5785371003730206,-0.5645891365846208,-0.4846833754370082,-0.3134003800608786,-0.6017281713193035,-0.6940504060592433,-0.6947597617065036,-0.5646526027242973,0.6712931815467474,0.6885885070834578,,,0.9999999999999994,0.9999999999999997,1.0,0.9999999999999994,0.9999999999999997,0.9999999999999996,,0.6577373260216774,0.8516448434688151,0.5900119860106526,0.19206973546706024,-0.619538136154733,-0.6432133202446165,-0.6411510507326255,-0.589226679542747,-0.6107986522454287,,1.0,0.9999999999999997,0.9999999999999999,0.9999999999999997,0.9999999999999988,0.9999999999999994
fy_gross_profit_growth_yoy,-0.013502243856944877,-0.012400406070702981,-0.059695378258003466,-0.004460474924649038,-0.5785371003730201,-0.5645891365846211,-0.48468337543700807,-0.31340038006087856,-0.6017281713193036,-0.6940504060592437,-0.6947597617065038,-0.5646526027242972,0.6712931815467476,0.6885885070834578,,,1.0,0.9999999999999999,1.0,1.0,0.9999999999999997,1.0,,0.6577373260216781,0.8516448434688136,0.5900119860106525,0.19206973546706035,-0.619538136154733,-0.643213320244617,-0.641151050732626,-0.5892266795427467,-0.6107986522454286,,0.9999999999999997,1.0,1.0,0.9999999999999994,0.9999999999999998,1.0
fy_operating_income_growth_yoy,-0.013502243856944892,-0.012400406070703014,-0.05969537825800341,-0.00446047492464903,-0.57853710037302,-0.564589136584621,-0.4846833754370078,-0.31340038006087817,-0.6017281713193023,-0.6940504060592427,-0.6947597617065027,-0.5646526027242965,0.6712931815467471,0.6885885070834571,,,1.0,1.0,1.0,0.9999999999999997,1.0,1.0,,0.6577373260216779,0.851644843468814,0.590011986010653,0.1920697354670612,-0.6195381361547325,-0.6432133202446162,-0.6411510507326251,-0.589226679542746,-0.6107986522454281,,0.9999999999999999,1.0,1.0,0.9999999999999994,0.9999999999999991,1.0
fy_net_income_growth_yoy,-0.013502243856944927,-0.012400406070703038,-0.05969537825800342,-0.004460474924648975,-0.5785371003730203,-0.5645891365846211,-0.4846833754370083,-0.31340038006087834,-0.601728171319303,-0.6940504060592436,-0.6947597617065038,-0.564652602724297,0.6712931815467479,0.6885885070834581,,,0.9999999999999994,0.9999999999999998,1.0,1.0,0.9999999999999996,0.9999999999999996,,0.6577373260216777,0.8516448434688138,0.5900119860106527,0.19206973546706052,-0.619538136154733,-0.6432133202446167,-0.6411510507326259,-0.5892266795427465,-0.6107986522454287,,0.9999999999999997,0.9999999999999994,0.9999999999999994,1.0,1.0,1.0
fy_rd_growth_yoy,-0.013502243856944778,-0.012400406070702898,-0.05969537825800353,-0.004460474924648726,-0.5785371003730214,-0.564589136584621,-0.4846833754370115,-0.31340038006087834,-0.6017281713193027,-0.6940504060592416,-0.6947597617065022,-0.5646526027242952,0.6712931815467459,0.6885885070834561,,,0.9999999999999991,0.9999999999999998,1.0,0.9999999999999991,0.9999999999999992,0.9999999999999996,,0.6577373260216772,0.8516448434688132,0.5900119860106536,0.19206973546706074,-0.6195381361547314,-0.6432133202446148,-0.6411510507326238,-0.5892266795427449,-0.6107986522454268,,0.9999999999999988,0.9999999999999998,0.9999999999999991,1.0,1.0,1.0
fy_operating_cash_flow_growth_yoy,-0.013502243856944846,-0.012400406070702984,-0.05969537825800348,-0.004460474924649013,-0.5785371003730203,-0.5645891365846213,-0.48468337543700823,-0.31340038006087817,-0.6017281713193036,-0.6940504060592436,-0.6947597617065042,-0.5646526027242971,0.6712931815467476,0.6885885070834576,,,1.0,1.0,1.0,1.0,1.0,1.0,,0.6577373260216789,0.8516448434688136,0.5900119860106529,0.19206973546706071,-0.6195381361547333,-0.6432133202446166,-0.6411510507326258,-0.5892266795427469,-0.6107986522454285,,0.9999999999999994,1.0,1.0,1.0,1.0,1.0
