feature_name,feature_group,is_research_feature,dtype,non_null_count,null_count,missing_ratio,coverage_ratio,unique_count,first_valid_date,last_valid_date,number_of_value_changes,longest_consecutive_missing_run,number_of_missing_blocks,coverage_label
simple_return,market,True,float64,250,1,0.003984063745019917,0.9960159362549801,250,2025-10-02,2026-09-30,249,1,1,high_coverage
log_return,market,True,float64,250,1,0.003984063745019917,0.9960159362549801,250,2025-10-02,2026-09-30,249,1,1,high_coverage
intraday_return,market,True,float64,251,0,0.0,1.0,251,2025-10-01,2026-09-30,250,0,0,full_coverage
daily_range,market,True,float64,251,0,0.0,1.0,251,2025-10-01,2026-09-30,250,0,0,full_coverage
sma_5,market,True,float64,247,4,0.015936254980079667,0.9840637450199203,247,2025-10-07,2026-09-30,246,4,1,high_coverage
sma_20,market,True,float64,232,19,0.07569721115537853,0.9243027888446215,232,2025-10-28,2026-09-30,231,19,1,moderate_missingness
sma_60,market,True,float64,192,59,0.2350597609561753,0.7649402390438247,192,2025-12-24,2026-09-30,191,59,1,moderate_missingness
rolling_volatility_20,market,True,float64,231,20,0.07968127490039845,0.9203187250996016,231,2025-10-29,2026-09-30,230,20,1,moderate_missingness
rolling_volatility_60,market,True,float64,191,60,0.23904382470119523,0.7609561752988048,191,2025-12-26,2026-09-30,190,60,1,moderate_missingness
q_gross_margin,quarterly,True,float64,251,0,0.0,1.0,4,2025-10-01,2026-09-30,3,0,0,full_coverage
q_operating_margin,quarterly,True,float64,251,0,0.0,1.0,4,2025-10-01,2026-09-30,3,0,0,full_coverage
q_net_margin,quarterly,True,float64,251,0,0.0,1.0,4,2025-10-01,2026-09-30,3,0,0,full_coverage
q_rd_to_revenue,quarterly,True,float64,251,0,0.0,1.0,4,2025-10-01,2026-09-30,3,0,0,full_coverage
q_sga_to_revenue,quarterly,True,float64,251,0,0.0,1.0,4,2025-10-01,2026-09-30,3,0,0,full_coverage
q_ocf_margin,quarterly,True,float64,67,184,0.7330677290836654,0.26693227091633465,1,2026-05-21,2026-08-26,0,160,2,sparse
q_fcf_margin,quarterly,True,float64,0,251,1.0,0.0,0,,,0,251,1,all_missing
fy_gross_margin,annual,True,float64,251,0,0.0,1.0,2,2025-10-01,2026-09-30,1,0,0,full_coverage
fy_operating_margin,annual,True,float64,251,0,0.0,1.0,2,2025-10-01,2026-09-30,1,0,0,full_coverage
fy_net_margin,annual,True,float64,251,0,0.0,1.0,2,2025-10-01,2026-09-30,1,0,0,full_coverage
fy_rd_to_revenue,annual,True,float64,251,0,0.0,1.0,2,2025-10-01,2026-09-30,1,0,0,full_coverage
fy_sga_to_revenue,annual,True,float64,251,0,0.0,1.0,2,2025-10-01,2026-09-30,1,0,0,full_coverage
fy_ocf_margin,annual,True,float64,251,0,0.0,1.0,2,2025-10-01,2026-09-30,1,0,0,full_coverage
fy_fcf_margin,annual,True,float64,0,251,1.0,0.0,0,,,0,251,1,all_missing
current_ratio,balance_sheet,True,float64,251,0,0.0,1.0,5,2025-10-01,2026-09-30,4,0,0,full_coverage
cash_to_assets,balance_sheet,True,float64,251,0,0.0,1.0,5,2025-10-01,2026-09-30,4,0,0,full_coverage
liabilities_to_assets,balance_sheet,True,float64,251,0,0.0,1.0,5,2025-10-01,2026-09-30,4,0,0,full_coverage
debt_to_assets,balance_sheet,True,float64,251,0,0.0,1.0,5,2025-10-01,2026-09-30,4,0,0,full_coverage
q_revenue_growth_yoy,quarterly,True,float64,251,0,0.0,1.0,4,2025-10-01,2026-09-30,3,0,0,full_coverage
q_gross_profit_growth_yoy,quarterly,True,float64,251,0,0.0,1.0,4,2025-10-01,2026-09-30,3,0,0,full_coverage
q_operating_income_growth_yoy,quarterly,True,float64,251,0,0.0,1.0,4,2025-10-01,2026-09-30,3,0,0,full_coverage
q_net_income_growth_yoy,quarterly,True,float64,251,0,0.0,1.0,4,2025-10-01,2026-09-30,3,0,0,full_coverage
q_rd_growth_yoy,quarterly,True,float64,251,0,0.0,1.0,4,2025-10-01,2026-09-30,3,0,0,full_coverage
q_operating_cash_flow_growth_yoy,quarterly,True,float64,67,184,0.7330677290836654,0.26693227091633465,1,2026-05-21,2026-08-26,0,160,2,sparse
fy_revenue_growth_yoy,annual,True,float64,251,0,0.0,1.0,2,2025-10-01,2026-09-30,1,0,0,full_coverage
fy_gross_profit_growth_yoy,annual,True,float64,251,0,0.0,1.0,2,2025-10-01,2026-09-30,1,0,0,full_coverage
fy_operating_income_growth_yoy,annual,True,float64,251,0,0.0,1.0,2,2025-10-01,2026-09-30,1,0,0,full_coverage
fy_net_income_growth_yoy,annual,True,float64,251,0,0.0,1.0,2,2025-10-01,2026-09-30,1,0,0,full_coverage
fy_rd_growth_yoy,annual,True,float64,251,0,0.0,1.0,2,2025-10-01,2026-09-30,1,0,0,full_coverage
fy_operating_cash_flow_growth_yoy,annual,True,float64,251,0,0.0,1.0,2,2025-10-01,2026-09-30,1,0,0,full_coverage
