feature_name,feature_group,is_research_feature,dtype,non_null_count,null_count,missing_ratio,coverage_ratio,unique_count,first_valid_date,last_valid_date,number_of_value_changes,longest_consecutive_missing_run,number_of_missing_blocks,coverage_label,std,diagnostic_view,diagnostic_std,near_constant,diagnostic_observation_count,diagnostic_unique_count,dominant_value_ratio,usable,sparse,all_missing,short_history,potential_outlier_issue,high_redundancy_candidate,potential_temporal_inconsistency,outlier_status,outlier_count,non_finite_count,quality_flags,quality_notes
simple_return,market,True,float64,250,1,0.003984063745019917,0.9960159362549801,250,2025-10-02,2026-09-30,249,1,1,high_coverage,0.023794598667122604,daily_repeated,0.023794598667122604,False,250,250,0.004,True,False,False,False,False,True,False,assessed,0,0,usable|high_redundancy_candidate,coverage=high_coverage; outlier_assessment=assessed; usable for data-quality research only; predictive ability untested
log_return,market,True,float64,250,1,0.003984063745019917,0.9960159362549801,250,2025-10-02,2026-09-30,249,1,1,high_coverage,0.023732970552678676,daily_repeated,0.023732970552678676,False,250,250,0.004,True,False,False,False,False,True,False,assessed,0,0,usable|high_redundancy_candidate,coverage=high_coverage; outlier_assessment=assessed; usable for data-quality research only; predictive ability untested
intraday_return,market,True,float64,251,0,0.0,1.0,251,2025-10-01,2026-09-30,250,0,0,full_coverage,0.01966666591583542,daily_repeated,0.01966666591583542,False,251,251,0.00398406374501992,True,False,False,False,False,False,False,assessed,0,0,usable,coverage=full_coverage; outlier_assessment=assessed; usable for data-quality research only; predictive ability untested
daily_range,market,True,float64,251,0,0.0,1.0,251,2025-10-01,2026-09-30,250,0,0,full_coverage,0.012647032788382787,daily_repeated,0.012647032788382787,False,251,251,0.00398406374501992,True,False,False,False,True,False,False,assessed,1,0,usable|potential_outlier_issue,coverage=full_coverage; outlier_assessment=assessed; usable for data-quality research only; predictive ability untested
sma_5,market,True,float64,247,4,0.015936254980079667,0.9840637450199203,247,2025-10-07,2026-09-30,246,4,1,high_coverage,15.64915299324326,daily_repeated,15.64915299324326,False,247,247,0.004048582995951417,True,False,False,False,False,False,False,assessed,0,0,usable,coverage=high_coverage; outlier_assessment=assessed; usable for data-quality research only; predictive ability untested
sma_20,market,True,float64,232,19,0.07569721115537853,0.9243027888446215,232,2025-10-28,2026-09-30,231,19,1,moderate_missingness,14.159684106894957,daily_repeated,14.159684106894957,False,232,232,0.004310344827586207,False,False,False,False,False,False,False,assessed,0,0,,coverage=moderate_missingness; outlier_assessment=assessed
sma_60,market,True,float64,192,59,0.2350597609561753,0.7649402390438247,192,2025-12-24,2026-09-30,191,59,1,moderate_missingness,11.269436223993598,daily_repeated,11.269436223993598,False,192,192,0.005208333333333333,False,False,False,False,False,True,False,assessed,0,0,high_redundancy_candidate,coverage=moderate_missingness; outlier_assessment=assessed
rolling_volatility_20,market,True,float64,231,20,0.07968127490039845,0.9203187250996016,231,2025-10-29,2026-09-30,230,20,1,moderate_missingness,0.0038043264418146324,daily_repeated,0.0038043264418146324,False,231,231,0.004329004329004329,False,False,False,False,False,False,False,assessed,0,0,,coverage=moderate_missingness; outlier_assessment=assessed
rolling_volatility_60,market,True,float64,191,60,0.23904382470119523,0.7609561752988048,191,2025-12-26,2026-09-30,190,60,1,moderate_missingness,0.0017777151601454481,daily_repeated,0.0017777151601454481,False,191,191,0.005235602094240838,False,False,False,False,False,False,False,assessed,0,0,,coverage=moderate_missingness; outlier_assessment=assessed
q_gross_margin,quarterly,True,float64,251,0,0.0,1.0,4,2025-10-01,2026-09-30,3,0,0,full_coverage,0.009076945197911997,window_snapshot,0.012433004249237916,False,4,4,0.25,True,False,False,True,False,True,False,insufficient_observations,0,0,usable|short_history|high_redundancy_candidate,coverage=full_coverage; outlier_assessment=insufficient_observations; near-constant/outlier/short-history labels use distinct window states; redundancy flag comes from daily repetition; check distinct state counts; limited diagnostic observations; usable for data-quality research only; predictive ability untested
q_operating_margin,quarterly,True,float64,251,0,0.0,1.0,4,2025-10-01,2026-09-30,3,0,0,full_coverage,0.017000999454461325,window_snapshot,0.024631001645870565,False,4,4,0.25,True,False,False,True,False,True,False,insufficient_observations,0,0,usable|short_history|high_redundancy_candidate,coverage=full_coverage; outlier_assessment=insufficient_observations; near-constant/outlier/short-history labels use distinct window states; redundancy flag comes from daily repetition; check distinct state counts; limited diagnostic observations; usable for data-quality research only; predictive ability untested
q_net_margin,quarterly,True,float64,251,0,0.0,1.0,4,2025-10-01,2026-09-30,3,0,0,full_coverage,0.06690402495558936,window_snapshot,0.07181142181048115,False,4,4,0.25,True,False,False,True,False,True,False,insufficient_observations,0,0,usable|short_history|high_redundancy_candidate,coverage=full_coverage; outlier_assessment=insufficient_observations; near-constant/outlier/short-history labels use distinct window states; redundancy flag comes from daily repetition; check distinct state counts; limited diagnostic observations; usable for data-quality research only; predictive ability untested
q_rd_to_revenue,quarterly,True,float64,251,0,0.0,1.0,4,2025-10-01,2026-09-30,3,0,0,full_coverage,0.005160350224515951,window_snapshot,0.007967296887857432,False,4,4,0.25,True,False,False,True,False,True,False,insufficient_observations,0,0,usable|short_history|high_redundancy_candidate,coverage=full_coverage; outlier_assessment=insufficient_observations; near-constant/outlier/short-history labels use distinct window states; redundancy flag comes from daily repetition; check distinct state counts; limited diagnostic observations; usable for data-quality research only; predictive ability untested
q_sga_to_revenue,quarterly,True,float64,251,0,0.0,1.0,4,2025-10-01,2026-09-30,3,0,0,full_coverage,0.002973684411213638,window_snapshot,0.004413933254747523,False,4,4,0.25,True,False,False,True,False,True,False,insufficient_observations,0,0,usable|short_history|high_redundancy_candidate,coverage=full_coverage; outlier_assessment=insufficient_observations; near-constant/outlier/short-history labels use distinct window states; redundancy flag comes from daily repetition; check distinct state counts; limited diagnostic observations; usable for data-quality research only; predictive ability untested
q_ocf_margin,quarterly,True,float64,67,184,0.7330677290836654,0.26693227091633465,1,2026-05-21,2026-08-26,0,160,2,sparse,0.0,window_snapshot,,False,1,1,1.0,False,True,False,True,False,False,False,insufficient_observations,0,0,sparse|short_history,coverage=sparse; outlier_assessment=insufficient_observations; near-constant/outlier/short-history labels use distinct window states; limited diagnostic observations
q_fcf_margin,quarterly,True,float64,0,251,1.0,0.0,0,,,0,251,1,all_missing,,window_snapshot,,False,0,0,0.0,False,False,True,True,False,False,False,insufficient_observations,0,0,all_missing|short_history,coverage=all_missing; outlier_assessment=insufficient_observations; near-constant/outlier/short-history labels use distinct window states; limited diagnostic observations
fy_gross_margin,annual,True,float64,251,0,0.0,1.0,2,2025-10-01,2026-09-30,1,0,0,full_coverage,0.019264307140099246,window_snapshot,0.02772291827016513,False,2,2,0.5,True,False,False,True,False,True,False,insufficient_observations,0,0,usable|short_history|high_redundancy_candidate,coverage=full_coverage; outlier_assessment=insufficient_observations; near-constant/outlier/short-history labels use distinct window states; redundancy flag comes from daily repetition; check distinct state counts; limited diagnostic observations; usable for data-quality research only; predictive ability untested
fy_operating_margin,annual,True,float64,251,0,0.0,1.0,2,2025-10-01,2026-09-30,1,0,0,full_coverage,0.010003311178187018,window_snapshot,0.014395585380107228,False,2,2,0.5,True,False,False,True,False,True,False,insufficient_observations,0,0,usable|short_history|high_redundancy_candidate,coverage=full_coverage; outlier_assessment=insufficient_observations; near-constant/outlier/short-history labels use distinct window states; redundancy flag comes from daily repetition; check distinct state counts; limited diagnostic observations; usable for data-quality research only; predictive ability untested
fy_net_margin,annual,True,float64,251,0,0.0,1.0,2,2025-10-01,2026-09-30,1,0,0,full_coverage,0.0012062539155730033,window_snapshot,0.0017358983363013783,False,2,2,0.5,True,False,False,True,False,True,False,insufficient_observations,0,0,usable|short_history|high_redundancy_candidate,coverage=full_coverage; outlier_assessment=insufficient_observations; near-constant/outlier/short-history labels use distinct window states; redundancy flag comes from daily repetition; check distinct state counts; limited diagnostic observations; usable for data-quality research only; predictive ability untested
fy_rd_to_revenue,annual,True,float64,251,0,0.0,1.0,2,2025-10-01,2026-09-30,1,0,0,full_coverage,0.006535713098377211,window_snapshot,0.009405427288189805,False,2,2,0.5,True,False,False,True,False,True,False,insufficient_observations,0,0,usable|short_history|high_redundancy_candidate,coverage=full_coverage; outlier_assessment=insufficient_observations; near-constant/outlier/short-history labels use distinct window states; redundancy flag comes from daily repetition; check distinct state counts; limited diagnostic observations; usable for data-quality research only; predictive ability untested
fy_sga_to_revenue,annual,True,float64,251,0,0.0,1.0,2,2025-10-01,2026-09-30,1,0,0,full_coverage,0.0027252828635350754,window_snapshot,0.003921905601868184,False,2,2,0.5,True,False,False,True,False,True,False,insufficient_observations,0,0,usable|short_history|high_redundancy_candidate,coverage=full_coverage; outlier_assessment=insufficient_observations; near-constant/outlier/short-history labels use distinct window states; redundancy flag comes from daily repetition; check distinct state counts; limited diagnostic observations; usable for data-quality research only; predictive ability untested
fy_ocf_margin,annual,True,float64,251,0,0.0,1.0,2,2025-10-01,2026-09-30,1,0,0,full_coverage,0.007582613974111416,window_snapshot,0.010912003528065624,False,2,2,0.5,True,False,False,True,False,True,False,insufficient_observations,0,0,usable|short_history|high_redundancy_candidate,coverage=full_coverage; outlier_assessment=insufficient_observations; near-constant/outlier/short-history labels use distinct window states; redundancy flag comes from daily repetition; check distinct state counts; limited diagnostic observations; usable for data-quality research only; predictive ability untested
fy_fcf_margin,annual,True,float64,0,251,1.0,0.0,0,,,0,251,1,all_missing,,window_snapshot,,False,0,0,0.0,False,False,True,True,False,False,False,insufficient_observations,0,0,all_missing|short_history,coverage=all_missing; outlier_assessment=insufficient_observations; near-constant/outlier/short-history labels use distinct window states; limited diagnostic observations
current_ratio,balance_sheet,True,float64,251,0,0.0,1.0,5,2025-10-01,2026-09-30,4,0,0,full_coverage,0.4258228122403411,window_snapshot,0.46286055710271495,False,5,5,0.2,True,False,False,False,False,False,False,insufficient_observations,0,0,usable,coverage=full_coverage; outlier_assessment=insufficient_observations; near-constant/outlier/short-history labels use distinct window states; usable for data-quality research only; predictive ability untested
cash_to_assets,balance_sheet,True,float64,251,0,0.0,1.0,5,2025-10-01,2026-09-30,4,0,0,full_coverage,0.01221902462007632,window_snapshot,0.01380061943993935,False,5,5,0.2,True,False,False,False,False,False,False,insufficient_observations,0,0,usable,coverage=full_coverage; outlier_assessment=insufficient_observations; near-constant/outlier/short-history labels use distinct window states; usable for data-quality research only; predictive ability untested
liabilities_to_assets,balance_sheet,True,float64,251,0,0.0,1.0,5,2025-10-01,2026-09-30,4,0,0,full_coverage,0.018019017538270943,window_snapshot,0.022095975288140043,False,5,5,0.2,True,False,False,False,False,False,False,insufficient_observations,0,0,usable,coverage=full_coverage; outlier_assessment=insufficient_observations; near-constant/outlier/short-history labels use distinct window states; usable for data-quality research only; predictive ability untested
debt_to_assets,balance_sheet,True,float64,251,0,0.0,1.0,5,2025-10-01,2026-09-30,4,0,0,full_coverage,0.020545313126763106,window_snapshot,0.02857073650147181,False,5,5,0.2,True,False,False,False,False,False,False,insufficient_observations,0,0,usable,coverage=full_coverage; outlier_assessment=insufficient_observations; near-constant/outlier/short-history labels use distinct window states; usable for data-quality research only; predictive ability untested
q_revenue_growth_yoy,quarterly,True,float64,251,0,0.0,1.0,4,2025-10-01,2026-09-30,3,0,0,full_coverage,0.15503617151589932,window_snapshot,0.22862087266319803,False,4,4,0.25,True,False,False,True,False,True,False,insufficient_observations,0,0,usable|short_history|high_redundancy_candidate,coverage=full_coverage; outlier_assessment=insufficient_observations; near-constant/outlier/short-history labels use distinct window states; redundancy flag comes from daily repetition; check distinct state counts; limited diagnostic observations; usable for data-quality research only; predictive ability untested
q_gross_profit_growth_yoy,quarterly,True,float64,251,0,0.0,1.0,4,2025-10-01,2026-09-30,3,0,0,full_coverage,0.32879116953385795,window_snapshot,0.3902531317784727,False,4,4,0.25,True,False,False,True,False,True,False,insufficient_observations,0,0,usable|short_history|high_redundancy_candidate,coverage=full_coverage; outlier_assessment=insufficient_observations; near-constant/outlier/short-history labels use distinct window states; redundancy flag comes from daily repetition; check distinct state counts; limited diagnostic observations; usable for data-quality research only; predictive ability untested
q_operating_income_growth_yoy,quarterly,True,float64,251,0,0.0,1.0,4,2025-10-01,2026-09-30,3,0,0,full_coverage,0.38922244416892304,window_snapshot,0.45814299959906535,False,4,4,0.25,True,False,False,True,False,True,False,insufficient_observations,0,0,usable|short_history|high_redundancy_candidate,coverage=full_coverage; outlier_assessment=insufficient_observations; near-constant/outlier/short-history labels use distinct window states; redundancy flag comes from daily repetition; check distinct state counts; limited diagnostic observations; usable for data-quality research only; predictive ability untested
q_net_income_growth_yoy,quarterly,True,float64,251,0,0.0,1.0,4,2025-10-01,2026-09-30,3,0,0,full_coverage,0.6404655236816241,window_snapshot,0.7036597578397693,False,4,4,0.25,True,False,False,True,False,True,False,insufficient_observations,0,0,usable|short_history|high_redundancy_candidate,coverage=full_coverage; outlier_assessment=insufficient_observations; near-constant/outlier/short-history labels use distinct window states; redundancy flag comes from daily repetition; check distinct state counts; limited diagnostic observations; usable for data-quality research only; predictive ability untested
q_rd_growth_yoy,quarterly,True,float64,251,0,0.0,1.0,4,2025-10-01,2026-09-30,3,0,0,full_coverage,0.10340996163014542,window_snapshot,0.1326897284690964,False,4,4,0.25,True,False,False,True,False,True,False,insufficient_observations,0,0,usable|short_history|high_redundancy_candidate,coverage=full_coverage; outlier_assessment=insufficient_observations; near-constant/outlier/short-history labels use distinct window states; redundancy flag comes from daily repetition; check distinct state counts; limited diagnostic observations; usable for data-quality research only; predictive ability untested
q_operating_cash_flow_growth_yoy,quarterly,True,float64,67,184,0.7330677290836654,0.26693227091633465,1,2026-05-21,2026-08-26,0,160,2,sparse,1.1186021851923232e-16,window_snapshot,,False,1,1,1.0,False,True,False,True,False,False,False,insufficient_observations,0,0,sparse|short_history,coverage=sparse; outlier_assessment=insufficient_observations; near-constant/outlier/short-history labels use distinct window states; limited diagnostic observations
fy_revenue_growth_yoy,annual,True,float64,251,0,0.0,1.0,2,2025-10-01,2026-09-30,1,0,0,full_coverage,0.23943890657394873,window_snapshot,0.3445722282858644,False,2,2,0.5,True,False,False,True,False,True,False,insufficient_observations,0,0,usable|short_history|high_redundancy_candidate,coverage=full_coverage; outlier_assessment=insufficient_observations; near-constant/outlier/short-history labels use distinct window states; redundancy flag comes from daily repetition; check distinct state counts; limited diagnostic observations; usable for data-quality research only; predictive ability untested
fy_gross_profit_growth_yoy,annual,True,float64,251,0,0.0,1.0,2,2025-10-01,2026-09-30,1,0,0,full_coverage,0.3148205049441531,window_snapshot,0.45305253206702706,False,2,2,0.5,True,False,False,True,False,True,False,insufficient_observations,0,0,usable|short_history|high_redundancy_candidate,coverage=full_coverage; outlier_assessment=insufficient_observations; near-constant/outlier/short-history labels use distinct window states; redundancy flag comes from daily repetition; check distinct state counts; limited diagnostic observations; usable for data-quality research only; predictive ability untested
fy_operating_income_growth_yoy,annual,True,float64,251,0,0.0,1.0,2,2025-10-01,2026-09-30,1,0,0,full_coverage,0.4272888528124195,window_snapshot,0.614903710687531,False,2,2,0.5,True,False,False,True,False,True,False,insufficient_observations,0,0,usable|short_history|high_redundancy_candidate,coverage=full_coverage; outlier_assessment=insufficient_observations; near-constant/outlier/short-history labels use distinct window states; redundancy flag comes from daily repetition; check distinct state counts; limited diagnostic observations; usable for data-quality research only; predictive ability untested
fy_net_income_growth_yoy,annual,True,float64,251,0,0.0,1.0,2,2025-10-01,2026-09-30,1,0,0,full_coverage,0.3938066182944738,window_snapshot,0.5667200285912576,False,2,2,0.5,True,False,False,True,False,True,False,insufficient_observations,0,0,usable|short_history|high_redundancy_candidate,coverage=full_coverage; outlier_assessment=insufficient_observations; near-constant/outlier/short-history labels use distinct window states; redundancy flag comes from daily repetition; check distinct state counts; limited diagnostic observations; usable for data-quality research only; predictive ability untested
fy_rd_growth_yoy,annual,True,float64,251,0,0.0,1.0,2,2025-10-01,2026-09-30,1,0,0,full_coverage,0.027675349094289276,window_snapshot,0.039827097619422484,False,2,2,0.5,True,False,False,True,False,True,False,insufficient_observations,0,0,usable|short_history|high_redundancy_candidate,coverage=full_coverage; outlier_assessment=insufficient_observations; near-constant/outlier/short-history labels use distinct window states; redundancy flag comes from daily repetition; check distinct state counts; limited diagnostic observations; usable for data-quality research only; predictive ability untested
fy_operating_cash_flow_growth_yoy,annual,True,float64,251,0,0.0,1.0,2,2025-10-01,2026-09-30,1,0,0,full_coverage,0.33354440086814235,window_snapshot,0.4799977542660311,False,2,2,0.5,True,False,False,True,False,True,False,insufficient_observations,0,0,usable|short_history|high_redundancy_candidate,coverage=full_coverage; outlier_assessment=insufficient_observations; near-constant/outlier/short-history labels use distinct window states; redundancy flag comes from daily repetition; check distinct state counts; limited diagnostic observations; usable for data-quality research only; predictive ability untested
