feature_group,accession,filing_date,effective_date,period_start,period_end,data_period_type,first_observed_date,last_observed_date,daily_repeat_count
quarterly,0001045810-25-000209,2025-08-27,2025-10-01,2025-04-28,2025-07-27,quarterly,2025-10-01,2025-11-19,36
quarterly,0001045810-25-000230,2025-11-19,2025-11-20,2025-07-28,2025-10-26,quarterly,2025-11-20,2026-05-20,124
quarterly,0001045810-26-000052,2026-05-20,2026-05-21,2026-01-26,2026-04-26,quarterly,2026-05-21,2026-08-26,67
quarterly,0001045810-26-000075,2026-08-26,2026-08-27,2026-04-27,2026-07-26,quarterly,2026-08-27,2026-09-30,24
annual,0001045810-25-000023,2025-02-26,2025-10-01,2024-01-29,2025-01-26,annual,2025-10-01,2026-02-25,101
annual,0001045810-26-000021,2026-02-25,2026-02-26,2025-01-27,2026-01-25,annual,2026-02-26,2026-09-30,150
balance_sheet,0001045810-25-000209,2025-08-27,2025-10-01,2025-04-28,2025-07-27,quarterly,2025-10-01,2025-11-19,36
balance_sheet,0001045810-25-000230,2025-11-19,2025-11-20,2025-07-28,2025-10-26,quarterly,2025-11-20,2026-02-25,65
balance_sheet,0001045810-26-000021,2026-02-25,2026-02-26,2025-01-27,2026-01-25,annual,2026-02-26,2026-05-20,59
balance_sheet,0001045810-26-000052,2026-05-20,2026-05-21,2026-01-26,2026-04-26,quarterly,2026-05-21,2026-08-26,67
balance_sheet,0001045810-26-000075,2026-08-26,2026-08-27,2026-04-27,2026-07-26,quarterly,2026-08-27,2026-09-30,24
