view,feature_group,feature_a,feature_b,correlation,pairwise_count,distinct_states_a,distinct_states_b,status,highly_correlated,potentially_redundant
window_snapshot,quarterly,q_gross_margin,q_operating_margin,,4,4,4,insufficient_pairwise_sample,False,False
window_snapshot,quarterly,q_gross_margin,q_net_margin,,4,4,4,insufficient_pairwise_sample,False,False
window_snapshot,quarterly,q_gross_margin,q_rd_to_revenue,,4,4,4,insufficient_pairwise_sample,False,False
window_snapshot,quarterly,q_gross_margin,q_sga_to_revenue,,4,4,4,insufficient_pairwise_sample,False,False
window_snapshot,quarterly,q_gross_margin,q_ocf_margin,,1,1,1,insufficient_pairwise_sample,False,False
window_snapshot,quarterly,q_gross_margin,q_fcf_margin,,0,0,0,insufficient_pairwise_sample,False,False
window_snapshot,quarterly,q_gross_margin,q_revenue_growth_yoy,,4,4,4,insufficient_pairwise_sample,False,False
window_snapshot,quarterly,q_gross_margin,q_gross_profit_growth_yoy,,4,4,4,insufficient_pairwise_sample,False,False
window_snapshot,quarterly,q_gross_margin,q_operating_income_growth_yoy,,4,4,4,insufficient_pairwise_sample,False,False
window_snapshot,quarterly,q_gross_margin,q_net_income_growth_yoy,,4,4,4,insufficient_pairwise_sample,False,False
window_snapshot,quarterly,q_gross_margin,q_rd_growth_yoy,,4,4,4,insufficient_pairwise_sample,False,False
window_snapshot,quarterly,q_gross_margin,q_operating_cash_flow_growth_yoy,,1,1,1,insufficient_pairwise_sample,False,False
window_snapshot,quarterly,q_operating_margin,q_net_margin,,4,4,4,insufficient_pairwise_sample,False,False
window_snapshot,quarterly,q_operating_margin,q_rd_to_revenue,,4,4,4,insufficient_pairwise_sample,False,False
window_snapshot,quarterly,q_operating_margin,q_sga_to_revenue,,4,4,4,insufficient_pairwise_sample,False,False
window_snapshot,quarterly,q_operating_margin,q_ocf_margin,,1,1,1,insufficient_pairwise_sample,False,False
window_snapshot,quarterly,q_operating_margin,q_fcf_margin,,0,0,0,insufficient_pairwise_sample,False,False
window_snapshot,quarterly,q_operating_margin,q_revenue_growth_yoy,,4,4,4,insufficient_pairwise_sample,False,False
window_snapshot,quarterly,q_operating_margin,q_gross_profit_growth_yoy,,4,4,4,insufficient_pairwise_sample,False,False
window_snapshot,quarterly,q_operating_margin,q_operating_income_growth_yoy,,4,4,4,insufficient_pairwise_sample,False,False
window_snapshot,quarterly,q_operating_margin,q_net_income_growth_yoy,,4,4,4,insufficient_pairwise_sample,False,False
window_snapshot,quarterly,q_operating_margin,q_rd_growth_yoy,,4,4,4,insufficient_pairwise_sample,False,False
window_snapshot,quarterly,q_operating_margin,q_operating_cash_flow_growth_yoy,,1,1,1,insufficient_pairwise_sample,False,False
window_snapshot,quarterly,q_net_margin,q_rd_to_revenue,,4,4,4,insufficient_pairwise_sample,False,False
window_snapshot,quarterly,q_net_margin,q_sga_to_revenue,,4,4,4,insufficient_pairwise_sample,False,False
window_snapshot,quarterly,q_net_margin,q_ocf_margin,,1,1,1,insufficient_pairwise_sample,False,False
window_snapshot,quarterly,q_net_margin,q_fcf_margin,,0,0,0,insufficient_pairwise_sample,False,False
window_snapshot,quarterly,q_net_margin,q_revenue_growth_yoy,,4,4,4,insufficient_pairwise_sample,False,False
window_snapshot,quarterly,q_net_margin,q_gross_profit_growth_yoy,,4,4,4,insufficient_pairwise_sample,False,False
window_snapshot,quarterly,q_net_margin,q_operating_income_growth_yoy,,4,4,4,insufficient_pairwise_sample,False,False
window_snapshot,quarterly,q_net_margin,q_net_income_growth_yoy,,4,4,4,insufficient_pairwise_sample,False,False
window_snapshot,quarterly,q_net_margin,q_rd_growth_yoy,,4,4,4,insufficient_pairwise_sample,False,False
window_snapshot,quarterly,q_net_margin,q_operating_cash_flow_growth_yoy,,1,1,1,insufficient_pairwise_sample,False,False
window_snapshot,quarterly,q_rd_to_revenue,q_sga_to_revenue,,4,4,4,insufficient_pairwise_sample,False,False
window_snapshot,quarterly,q_rd_to_revenue,q_ocf_margin,,1,1,1,insufficient_pairwise_sample,False,False
window_snapshot,quarterly,q_rd_to_revenue,q_fcf_margin,,0,0,0,insufficient_pairwise_sample,False,False
window_snapshot,quarterly,q_rd_to_revenue,q_revenue_growth_yoy,,4,4,4,insufficient_pairwise_sample,False,False
window_snapshot,quarterly,q_rd_to_revenue,q_gross_profit_growth_yoy,,4,4,4,insufficient_pairwise_sample,False,False
window_snapshot,quarterly,q_rd_to_revenue,q_operating_income_growth_yoy,,4,4,4,insufficient_pairwise_sample,False,False
window_snapshot,quarterly,q_rd_to_revenue,q_net_income_growth_yoy,,4,4,4,insufficient_pairwise_sample,False,False
window_snapshot,quarterly,q_rd_to_revenue,q_rd_growth_yoy,,4,4,4,insufficient_pairwise_sample,False,False
window_snapshot,quarterly,q_rd_to_revenue,q_operating_cash_flow_growth_yoy,,1,1,1,insufficient_pairwise_sample,False,False
window_snapshot,quarterly,q_sga_to_revenue,q_ocf_margin,,1,1,1,insufficient_pairwise_sample,False,False
window_snapshot,quarterly,q_sga_to_revenue,q_fcf_margin,,0,0,0,insufficient_pairwise_sample,False,False
window_snapshot,quarterly,q_sga_to_revenue,q_revenue_growth_yoy,,4,4,4,insufficient_pairwise_sample,False,False
window_snapshot,quarterly,q_sga_to_revenue,q_gross_profit_growth_yoy,,4,4,4,insufficient_pairwise_sample,False,False
window_snapshot,quarterly,q_sga_to_revenue,q_operating_income_growth_yoy,,4,4,4,insufficient_pairwise_sample,False,False
window_snapshot,quarterly,q_sga_to_revenue,q_net_income_growth_yoy,,4,4,4,insufficient_pairwise_sample,False,False
window_snapshot,quarterly,q_sga_to_revenue,q_rd_growth_yoy,,4,4,4,insufficient_pairwise_sample,False,False
window_snapshot,quarterly,q_sga_to_revenue,q_operating_cash_flow_growth_yoy,,1,1,1,insufficient_pairwise_sample,False,False
window_snapshot,quarterly,q_ocf_margin,q_fcf_margin,,0,0,0,insufficient_pairwise_sample,False,False
window_snapshot,quarterly,q_ocf_margin,q_revenue_growth_yoy,,1,1,1,insufficient_pairwise_sample,False,False
window_snapshot,quarterly,q_ocf_margin,q_gross_profit_growth_yoy,,1,1,1,insufficient_pairwise_sample,False,False
window_snapshot,quarterly,q_ocf_margin,q_operating_income_growth_yoy,,1,1,1,insufficient_pairwise_sample,False,False
window_snapshot,quarterly,q_ocf_margin,q_net_income_growth_yoy,,1,1,1,insufficient_pairwise_sample,False,False
window_snapshot,quarterly,q_ocf_margin,q_rd_growth_yoy,,1,1,1,insufficient_pairwise_sample,False,False
window_snapshot,quarterly,q_ocf_margin,q_operating_cash_flow_growth_yoy,,1,1,1,insufficient_pairwise_sample,False,False
window_snapshot,quarterly,q_fcf_margin,q_revenue_growth_yoy,,0,0,0,insufficient_pairwise_sample,False,False
window_snapshot,quarterly,q_fcf_margin,q_gross_profit_growth_yoy,,0,0,0,insufficient_pairwise_sample,False,False
window_snapshot,quarterly,q_fcf_margin,q_operating_income_growth_yoy,,0,0,0,insufficient_pairwise_sample,False,False
window_snapshot,quarterly,q_fcf_margin,q_net_income_growth_yoy,,0,0,0,insufficient_pairwise_sample,False,False
window_snapshot,quarterly,q_fcf_margin,q_rd_growth_yoy,,0,0,0,insufficient_pairwise_sample,False,False
window_snapshot,quarterly,q_fcf_margin,q_operating_cash_flow_growth_yoy,,0,0,0,insufficient_pairwise_sample,False,False
window_snapshot,quarterly,q_revenue_growth_yoy,q_gross_profit_growth_yoy,,4,4,4,insufficient_pairwise_sample,False,False
window_snapshot,quarterly,q_revenue_growth_yoy,q_operating_income_growth_yoy,,4,4,4,insufficient_pairwise_sample,False,False
window_snapshot,quarterly,q_revenue_growth_yoy,q_net_income_growth_yoy,,4,4,4,insufficient_pairwise_sample,False,False
window_snapshot,quarterly,q_revenue_growth_yoy,q_rd_growth_yoy,,4,4,4,insufficient_pairwise_sample,False,False
window_snapshot,quarterly,q_revenue_growth_yoy,q_operating_cash_flow_growth_yoy,,1,1,1,insufficient_pairwise_sample,False,False
window_snapshot,quarterly,q_gross_profit_growth_yoy,q_operating_income_growth_yoy,,4,4,4,insufficient_pairwise_sample,False,False
window_snapshot,quarterly,q_gross_profit_growth_yoy,q_net_income_growth_yoy,,4,4,4,insufficient_pairwise_sample,False,False
window_snapshot,quarterly,q_gross_profit_growth_yoy,q_rd_growth_yoy,,4,4,4,insufficient_pairwise_sample,False,False
window_snapshot,quarterly,q_gross_profit_growth_yoy,q_operating_cash_flow_growth_yoy,,1,1,1,insufficient_pairwise_sample,False,False
window_snapshot,quarterly,q_operating_income_growth_yoy,q_net_income_growth_yoy,,4,4,4,insufficient_pairwise_sample,False,False
window_snapshot,quarterly,q_operating_income_growth_yoy,q_rd_growth_yoy,,4,4,4,insufficient_pairwise_sample,False,False
window_snapshot,quarterly,q_operating_income_growth_yoy,q_operating_cash_flow_growth_yoy,,1,1,1,insufficient_pairwise_sample,False,False
window_snapshot,quarterly,q_net_income_growth_yoy,q_rd_growth_yoy,,4,4,4,insufficient_pairwise_sample,False,False
window_snapshot,quarterly,q_net_income_growth_yoy,q_operating_cash_flow_growth_yoy,,1,1,1,insufficient_pairwise_sample,False,False
window_snapshot,quarterly,q_rd_growth_yoy,q_operating_cash_flow_growth_yoy,,1,1,1,insufficient_pairwise_sample,False,False
historical_snapshot,quarterly,q_gross_margin,q_operating_margin,0.9005027850408672,52,52,52,assessed,False,False
historical_snapshot,quarterly,q_gross_margin,q_net_margin,0.8805504255104948,62,62,62,assessed,False,False
historical_snapshot,quarterly,q_gross_margin,q_rd_to_revenue,-0.5979035879785531,52,52,52,assessed,False,False
historical_snapshot,quarterly,q_gross_margin,q_sga_to_revenue,-0.6172609386606646,52,52,52,assessed,False,False
historical_snapshot,quarterly,q_gross_margin,q_ocf_margin,,17,17,17,insufficient_pairwise_sample,False,False
historical_snapshot,quarterly,q_gross_margin,q_fcf_margin,,9,9,9,insufficient_pairwise_sample,False,False
historical_snapshot,quarterly,q_gross_margin,q_revenue_growth_yoy,0.7678568024043098,45,45,45,assessed,False,False
historical_snapshot,quarterly,q_gross_margin,q_gross_profit_growth_yoy,0.7433369014990509,45,45,45,assessed,False,False
historical_snapshot,quarterly,q_gross_margin,q_operating_income_growth_yoy,0.48382611963162736,37,37,37,assessed,False,False
historical_snapshot,quarterly,q_gross_margin,q_net_income_growth_yoy,0.473723121465711,45,45,45,assessed,False,False
historical_snapshot,quarterly,q_gross_margin,q_rd_growth_yoy,0.5305721734955032,37,37,37,assessed,False,False
historical_snapshot,quarterly,q_gross_margin,q_operating_cash_flow_growth_yoy,,11,11,11,insufficient_pairwise_sample,False,False
historical_snapshot,quarterly,q_operating_margin,q_net_margin,0.9907782868269441,52,52,52,assessed,True,True
historical_snapshot,quarterly,q_operating_margin,q_rd_to_revenue,-0.8660748128993211,52,52,52,assessed,False,False
historical_snapshot,quarterly,q_operating_margin,q_sga_to_revenue,-0.8582266331641915,52,52,52,assessed,False,False
historical_snapshot,quarterly,q_operating_margin,q_ocf_margin,,17,17,17,insufficient_pairwise_sample,False,False
historical_snapshot,quarterly,q_operating_margin,q_fcf_margin,,9,9,9,insufficient_pairwise_sample,False,False
historical_snapshot,quarterly,q_operating_margin,q_revenue_growth_yoy,0.783838395827298,37,37,37,assessed,False,False
historical_snapshot,quarterly,q_operating_margin,q_gross_profit_growth_yoy,0.7191294402785795,37,37,37,assessed,False,False
historical_snapshot,quarterly,q_operating_margin,q_operating_income_growth_yoy,0.45854927648921334,37,37,37,assessed,False,False
historical_snapshot,quarterly,q_operating_margin,q_net_income_growth_yoy,0.4381441399404394,37,37,37,assessed,False,False
historical_snapshot,quarterly,q_operating_margin,q_rd_growth_yoy,0.6173323817369156,37,37,37,assessed,False,False
historical_snapshot,quarterly,q_operating_margin,q_operating_cash_flow_growth_yoy,,11,11,11,insufficient_pairwise_sample,False,False
historical_snapshot,quarterly,q_net_margin,q_rd_to_revenue,-0.860733483904533,52,52,52,assessed,False,False
historical_snapshot,quarterly,q_net_margin,q_sga_to_revenue,-0.8527831234299253,52,52,52,assessed,False,False
historical_snapshot,quarterly,q_net_margin,q_ocf_margin,,17,17,17,insufficient_pairwise_sample,False,False
historical_snapshot,quarterly,q_net_margin,q_fcf_margin,,9,9,9,insufficient_pairwise_sample,False,False
historical_snapshot,quarterly,q_net_margin,q_revenue_growth_yoy,0.7350455204023256,45,45,45,assessed,False,False
historical_snapshot,quarterly,q_net_margin,q_gross_profit_growth_yoy,0.679137853229721,45,45,45,assessed,False,False
historical_snapshot,quarterly,q_net_margin,q_operating_income_growth_yoy,0.41970077241973003,37,37,37,assessed,False,False
historical_snapshot,quarterly,q_net_margin,q_net_income_growth_yoy,0.4141041336425832,45,45,45,assessed,False,False
historical_snapshot,quarterly,q_net_margin,q_rd_growth_yoy,0.6559006355118331,37,37,37,assessed,False,False
historical_snapshot,quarterly,q_net_margin,q_operating_cash_flow_growth_yoy,,11,11,11,insufficient_pairwise_sample,False,False
historical_snapshot,quarterly,q_rd_to_revenue,q_sga_to_revenue,0.8904865085991317,52,52,52,assessed,False,False
historical_snapshot,quarterly,q_rd_to_revenue,q_ocf_margin,,17,17,17,insufficient_pairwise_sample,False,False
historical_snapshot,quarterly,q_rd_to_revenue,q_fcf_margin,,9,9,9,insufficient_pairwise_sample,False,False
historical_snapshot,quarterly,q_rd_to_revenue,q_revenue_growth_yoy,-0.751146446171564,37,37,37,assessed,False,False
historical_snapshot,quarterly,q_rd_to_revenue,q_gross_profit_growth_yoy,-0.6534719058257428,37,37,37,assessed,False,False
historical_snapshot,quarterly,q_rd_to_revenue,q_operating_income_growth_yoy,-0.38627596850054274,37,37,37,assessed,False,False
historical_snapshot,quarterly,q_rd_to_revenue,q_net_income_growth_yoy,-0.3749830326740462,37,37,37,assessed,False,False
historical_snapshot,quarterly,q_rd_to_revenue,q_rd_growth_yoy,-0.6107806097306352,37,37,37,assessed,False,False
historical_snapshot,quarterly,q_rd_to_revenue,q_operating_cash_flow_growth_yoy,,11,11,11,insufficient_pairwise_sample,False,False
historical_snapshot,quarterly,q_sga_to_revenue,q_ocf_margin,,17,17,17,insufficient_pairwise_sample,False,False
historical_snapshot,quarterly,q_sga_to_revenue,q_fcf_margin,,9,9,9,insufficient_pairwise_sample,False,False
historical_snapshot,quarterly,q_sga_to_revenue,q_revenue_growth_yoy,-0.7264172534843452,37,37,37,assessed,False,False
historical_snapshot,quarterly,q_sga_to_revenue,q_gross_profit_growth_yoy,-0.6448411306796537,37,37,37,assessed,False,False
historical_snapshot,quarterly,q_sga_to_revenue,q_operating_income_growth_yoy,-0.39573953193270145,37,37,37,assessed,False,False
historical_snapshot,quarterly,q_sga_to_revenue,q_net_income_growth_yoy,-0.3492238132122796,37,37,37,assessed,False,False
historical_snapshot,quarterly,q_sga_to_revenue,q_rd_growth_yoy,-0.7022857984132364,37,37,37,assessed,False,False
historical_snapshot,quarterly,q_sga_to_revenue,q_operating_cash_flow_growth_yoy,,11,11,11,insufficient_pairwise_sample,False,False
historical_snapshot,quarterly,q_ocf_margin,q_fcf_margin,,9,9,9,insufficient_pairwise_sample,False,False
historical_snapshot,quarterly,q_ocf_margin,q_revenue_growth_yoy,,12,12,12,insufficient_pairwise_sample,False,False
historical_snapshot,quarterly,q_ocf_margin,q_gross_profit_growth_yoy,,12,12,12,insufficient_pairwise_sample,False,False
historical_snapshot,quarterly,q_ocf_margin,q_operating_income_growth_yoy,,12,12,12,insufficient_pairwise_sample,False,False
historical_snapshot,quarterly,q_ocf_margin,q_net_income_growth_yoy,,12,12,12,insufficient_pairwise_sample,False,False
historical_snapshot,quarterly,q_ocf_margin,q_rd_growth_yoy,,12,12,12,insufficient_pairwise_sample,False,False
historical_snapshot,quarterly,q_ocf_margin,q_operating_cash_flow_growth_yoy,,11,11,11,insufficient_pairwise_sample,False,False
historical_snapshot,quarterly,q_fcf_margin,q_revenue_growth_yoy,,7,7,7,insufficient_pairwise_sample,False,False
historical_snapshot,quarterly,q_fcf_margin,q_gross_profit_growth_yoy,,7,7,7,insufficient_pairwise_sample,False,False
historical_snapshot,quarterly,q_fcf_margin,q_operating_income_growth_yoy,,7,7,7,insufficient_pairwise_sample,False,False
historical_snapshot,quarterly,q_fcf_margin,q_net_income_growth_yoy,,7,7,7,insufficient_pairwise_sample,False,False
historical_snapshot,quarterly,q_fcf_margin,q_rd_growth_yoy,,7,7,7,insufficient_pairwise_sample,False,False
historical_snapshot,quarterly,q_fcf_margin,q_operating_cash_flow_growth_yoy,,6,6,6,insufficient_pairwise_sample,False,False
historical_snapshot,quarterly,q_revenue_growth_yoy,q_gross_profit_growth_yoy,0.9623490333506103,45,45,45,assessed,True,True
historical_snapshot,quarterly,q_revenue_growth_yoy,q_operating_income_growth_yoy,0.7190854292681378,37,37,37,assessed,False,False
historical_snapshot,quarterly,q_revenue_growth_yoy,q_net_income_growth_yoy,0.6982260582550658,45,45,45,assessed,False,False
historical_snapshot,quarterly,q_revenue_growth_yoy,q_rd_growth_yoy,0.42457752150485933,37,37,37,assessed,False,False
historical_snapshot,quarterly,q_revenue_growth_yoy,q_operating_cash_flow_growth_yoy,,11,11,11,insufficient_pairwise_sample,False,False
historical_snapshot,quarterly,q_gross_profit_growth_yoy,q_operating_income_growth_yoy,0.8533409562634245,37,37,37,assessed,False,False
historical_snapshot,quarterly,q_gross_profit_growth_yoy,q_net_income_growth_yoy,0.7996686936959648,45,45,45,assessed,False,False
historical_snapshot,quarterly,q_gross_profit_growth_yoy,q_rd_growth_yoy,0.2757656858801888,37,37,37,assessed,False,False
historical_snapshot,quarterly,q_gross_profit_growth_yoy,q_operating_cash_flow_growth_yoy,,11,11,11,insufficient_pairwise_sample,False,False
historical_snapshot,quarterly,q_operating_income_growth_yoy,q_net_income_growth_yoy,0.9281814589545597,37,37,37,assessed,False,False
historical_snapshot,quarterly,q_operating_income_growth_yoy,q_rd_growth_yoy,-0.05723935471037136,37,37,37,assessed,False,False
historical_snapshot,quarterly,q_operating_income_growth_yoy,q_operating_cash_flow_growth_yoy,,11,11,11,insufficient_pairwise_sample,False,False
historical_snapshot,quarterly,q_net_income_growth_yoy,q_rd_growth_yoy,-0.06161346164368415,37,37,37,assessed,False,False
historical_snapshot,quarterly,q_net_income_growth_yoy,q_operating_cash_flow_growth_yoy,,11,11,11,insufficient_pairwise_sample,False,False
historical_snapshot,quarterly,q_rd_growth_yoy,q_operating_cash_flow_growth_yoy,,11,11,11,insufficient_pairwise_sample,False,False
window_snapshot,annual,fy_gross_margin,fy_operating_margin,,2,2,2,insufficient_pairwise_sample,False,False
window_snapshot,annual,fy_gross_margin,fy_net_margin,,2,2,2,insufficient_pairwise_sample,False,False
window_snapshot,annual,fy_gross_margin,fy_rd_to_revenue,,2,2,2,insufficient_pairwise_sample,False,False
window_snapshot,annual,fy_gross_margin,fy_sga_to_revenue,,2,2,2,insufficient_pairwise_sample,False,False
window_snapshot,annual,fy_gross_margin,fy_ocf_margin,,2,2,2,insufficient_pairwise_sample,False,False
window_snapshot,annual,fy_gross_margin,fy_fcf_margin,,0,0,0,insufficient_pairwise_sample,False,False
window_snapshot,annual,fy_gross_margin,fy_revenue_growth_yoy,,2,2,2,insufficient_pairwise_sample,False,False
window_snapshot,annual,fy_gross_margin,fy_gross_profit_growth_yoy,,2,2,2,insufficient_pairwise_sample,False,False
window_snapshot,annual,fy_gross_margin,fy_operating_income_growth_yoy,,2,2,2,insufficient_pairwise_sample,False,False
window_snapshot,annual,fy_gross_margin,fy_net_income_growth_yoy,,2,2,2,insufficient_pairwise_sample,False,False
window_snapshot,annual,fy_gross_margin,fy_rd_growth_yoy,,2,2,2,insufficient_pairwise_sample,False,False
window_snapshot,annual,fy_gross_margin,fy_operating_cash_flow_growth_yoy,,2,2,2,insufficient_pairwise_sample,False,False
window_snapshot,annual,fy_operating_margin,fy_net_margin,,2,2,2,insufficient_pairwise_sample,False,False
window_snapshot,annual,fy_operating_margin,fy_rd_to_revenue,,2,2,2,insufficient_pairwise_sample,False,False
window_snapshot,annual,fy_operating_margin,fy_sga_to_revenue,,2,2,2,insufficient_pairwise_sample,False,False
window_snapshot,annual,fy_operating_margin,fy_ocf_margin,,2,2,2,insufficient_pairwise_sample,False,False
window_snapshot,annual,fy_operating_margin,fy_fcf_margin,,0,0,0,insufficient_pairwise_sample,False,False
window_snapshot,annual,fy_operating_margin,fy_revenue_growth_yoy,,2,2,2,insufficient_pairwise_sample,False,False
window_snapshot,annual,fy_operating_margin,fy_gross_profit_growth_yoy,,2,2,2,insufficient_pairwise_sample,False,False
window_snapshot,annual,fy_operating_margin,fy_operating_income_growth_yoy,,2,2,2,insufficient_pairwise_sample,False,False
window_snapshot,annual,fy_operating_margin,fy_net_income_growth_yoy,,2,2,2,insufficient_pairwise_sample,False,False
window_snapshot,annual,fy_operating_margin,fy_rd_growth_yoy,,2,2,2,insufficient_pairwise_sample,False,False
window_snapshot,annual,fy_operating_margin,fy_operating_cash_flow_growth_yoy,,2,2,2,insufficient_pairwise_sample,False,False
window_snapshot,annual,fy_net_margin,fy_rd_to_revenue,,2,2,2,insufficient_pairwise_sample,False,False
window_snapshot,annual,fy_net_margin,fy_sga_to_revenue,,2,2,2,insufficient_pairwise_sample,False,False
window_snapshot,annual,fy_net_margin,fy_ocf_margin,,2,2,2,insufficient_pairwise_sample,False,False
window_snapshot,annual,fy_net_margin,fy_fcf_margin,,0,0,0,insufficient_pairwise_sample,False,False
window_snapshot,annual,fy_net_margin,fy_revenue_growth_yoy,,2,2,2,insufficient_pairwise_sample,False,False
window_snapshot,annual,fy_net_margin,fy_gross_profit_growth_yoy,,2,2,2,insufficient_pairwise_sample,False,False
window_snapshot,annual,fy_net_margin,fy_operating_income_growth_yoy,,2,2,2,insufficient_pairwise_sample,False,False
window_snapshot,annual,fy_net_margin,fy_net_income_growth_yoy,,2,2,2,insufficient_pairwise_sample,False,False
window_snapshot,annual,fy_net_margin,fy_rd_growth_yoy,,2,2,2,insufficient_pairwise_sample,False,False
window_snapshot,annual,fy_net_margin,fy_operating_cash_flow_growth_yoy,,2,2,2,insufficient_pairwise_sample,False,False
window_snapshot,annual,fy_rd_to_revenue,fy_sga_to_revenue,,2,2,2,insufficient_pairwise_sample,False,False
window_snapshot,annual,fy_rd_to_revenue,fy_ocf_margin,,2,2,2,insufficient_pairwise_sample,False,False
window_snapshot,annual,fy_rd_to_revenue,fy_fcf_margin,,0,0,0,insufficient_pairwise_sample,False,False
window_snapshot,annual,fy_rd_to_revenue,fy_revenue_growth_yoy,,2,2,2,insufficient_pairwise_sample,False,False
window_snapshot,annual,fy_rd_to_revenue,fy_gross_profit_growth_yoy,,2,2,2,insufficient_pairwise_sample,False,False
window_snapshot,annual,fy_rd_to_revenue,fy_operating_income_growth_yoy,,2,2,2,insufficient_pairwise_sample,False,False
window_snapshot,annual,fy_rd_to_revenue,fy_net_income_growth_yoy,,2,2,2,insufficient_pairwise_sample,False,False
window_snapshot,annual,fy_rd_to_revenue,fy_rd_growth_yoy,,2,2,2,insufficient_pairwise_sample,False,False
window_snapshot,annual,fy_rd_to_revenue,fy_operating_cash_flow_growth_yoy,,2,2,2,insufficient_pairwise_sample,False,False
window_snapshot,annual,fy_sga_to_revenue,fy_ocf_margin,,2,2,2,insufficient_pairwise_sample,False,False
window_snapshot,annual,fy_sga_to_revenue,fy_fcf_margin,,0,0,0,insufficient_pairwise_sample,False,False
window_snapshot,annual,fy_sga_to_revenue,fy_revenue_growth_yoy,,2,2,2,insufficient_pairwise_sample,False,False
window_snapshot,annual,fy_sga_to_revenue,fy_gross_profit_growth_yoy,,2,2,2,insufficient_pairwise_sample,False,False
window_snapshot,annual,fy_sga_to_revenue,fy_operating_income_growth_yoy,,2,2,2,insufficient_pairwise_sample,False,False
window_snapshot,annual,fy_sga_to_revenue,fy_net_income_growth_yoy,,2,2,2,insufficient_pairwise_sample,False,False
window_snapshot,annual,fy_sga_to_revenue,fy_rd_growth_yoy,,2,2,2,insufficient_pairwise_sample,False,False
window_snapshot,annual,fy_sga_to_revenue,fy_operating_cash_flow_growth_yoy,,2,2,2,insufficient_pairwise_sample,False,False
window_snapshot,annual,fy_ocf_margin,fy_fcf_margin,,0,0,0,insufficient_pairwise_sample,False,False
window_snapshot,annual,fy_ocf_margin,fy_revenue_growth_yoy,,2,2,2,insufficient_pairwise_sample,False,False
window_snapshot,annual,fy_ocf_margin,fy_gross_profit_growth_yoy,,2,2,2,insufficient_pairwise_sample,False,False
window_snapshot,annual,fy_ocf_margin,fy_operating_income_growth_yoy,,2,2,2,insufficient_pairwise_sample,False,False
window_snapshot,annual,fy_ocf_margin,fy_net_income_growth_yoy,,2,2,2,insufficient_pairwise_sample,False,False
window_snapshot,annual,fy_ocf_margin,fy_rd_growth_yoy,,2,2,2,insufficient_pairwise_sample,False,False
window_snapshot,annual,fy_ocf_margin,fy_operating_cash_flow_growth_yoy,,2,2,2,insufficient_pairwise_sample,False,False
window_snapshot,annual,fy_fcf_margin,fy_revenue_growth_yoy,,0,0,0,insufficient_pairwise_sample,False,False
window_snapshot,annual,fy_fcf_margin,fy_gross_profit_growth_yoy,,0,0,0,insufficient_pairwise_sample,False,False
window_snapshot,annual,fy_fcf_margin,fy_operating_income_growth_yoy,,0,0,0,insufficient_pairwise_sample,False,False
window_snapshot,annual,fy_fcf_margin,fy_net_income_growth_yoy,,0,0,0,insufficient_pairwise_sample,False,False
window_snapshot,annual,fy_fcf_margin,fy_rd_growth_yoy,,0,0,0,insufficient_pairwise_sample,False,False
window_snapshot,annual,fy_fcf_margin,fy_operating_cash_flow_growth_yoy,,0,0,0,insufficient_pairwise_sample,False,False
window_snapshot,annual,fy_revenue_growth_yoy,fy_gross_profit_growth_yoy,,2,2,2,insufficient_pairwise_sample,False,False
window_snapshot,annual,fy_revenue_growth_yoy,fy_operating_income_growth_yoy,,2,2,2,insufficient_pairwise_sample,False,False
window_snapshot,annual,fy_revenue_growth_yoy,fy_net_income_growth_yoy,,2,2,2,insufficient_pairwise_sample,False,False
window_snapshot,annual,fy_revenue_growth_yoy,fy_rd_growth_yoy,,2,2,2,insufficient_pairwise_sample,False,False
window_snapshot,annual,fy_revenue_growth_yoy,fy_operating_cash_flow_growth_yoy,,2,2,2,insufficient_pairwise_sample,False,False
window_snapshot,annual,fy_gross_profit_growth_yoy,fy_operating_income_growth_yoy,,2,2,2,insufficient_pairwise_sample,False,False
window_snapshot,annual,fy_gross_profit_growth_yoy,fy_net_income_growth_yoy,,2,2,2,insufficient_pairwise_sample,False,False
window_snapshot,annual,fy_gross_profit_growth_yoy,fy_rd_growth_yoy,,2,2,2,insufficient_pairwise_sample,False,False
window_snapshot,annual,fy_gross_profit_growth_yoy,fy_operating_cash_flow_growth_yoy,,2,2,2,insufficient_pairwise_sample,False,False
window_snapshot,annual,fy_operating_income_growth_yoy,fy_net_income_growth_yoy,,2,2,2,insufficient_pairwise_sample,False,False
window_snapshot,annual,fy_operating_income_growth_yoy,fy_rd_growth_yoy,,2,2,2,insufficient_pairwise_sample,False,False
window_snapshot,annual,fy_operating_income_growth_yoy,fy_operating_cash_flow_growth_yoy,,2,2,2,insufficient_pairwise_sample,False,False
window_snapshot,annual,fy_net_income_growth_yoy,fy_rd_growth_yoy,,2,2,2,insufficient_pairwise_sample,False,False
window_snapshot,annual,fy_net_income_growth_yoy,fy_operating_cash_flow_growth_yoy,,2,2,2,insufficient_pairwise_sample,False,False
window_snapshot,annual,fy_rd_growth_yoy,fy_operating_cash_flow_growth_yoy,,2,2,2,insufficient_pairwise_sample,False,False
historical_snapshot,annual,fy_gross_margin,fy_operating_margin,,17,17,17,insufficient_pairwise_sample,False,False
historical_snapshot,annual,fy_gross_margin,fy_net_margin,,17,17,17,insufficient_pairwise_sample,False,False
historical_snapshot,annual,fy_gross_margin,fy_rd_to_revenue,,17,17,17,insufficient_pairwise_sample,False,False
historical_snapshot,annual,fy_gross_margin,fy_sga_to_revenue,,17,17,17,insufficient_pairwise_sample,False,False
historical_snapshot,annual,fy_gross_margin,fy_ocf_margin,,17,17,17,insufficient_pairwise_sample,False,False
historical_snapshot,annual,fy_gross_margin,fy_fcf_margin,,1,1,1,insufficient_pairwise_sample,False,False
historical_snapshot,annual,fy_gross_margin,fy_revenue_growth_yoy,,13,13,13,insufficient_pairwise_sample,False,False
historical_snapshot,annual,fy_gross_margin,fy_gross_profit_growth_yoy,,13,13,13,insufficient_pairwise_sample,False,False
historical_snapshot,annual,fy_gross_margin,fy_operating_income_growth_yoy,,13,13,13,insufficient_pairwise_sample,False,False
historical_snapshot,annual,fy_gross_margin,fy_net_income_growth_yoy,,13,13,13,insufficient_pairwise_sample,False,False
historical_snapshot,annual,fy_gross_margin,fy_rd_growth_yoy,,13,13,13,insufficient_pairwise_sample,False,False
historical_snapshot,annual,fy_gross_margin,fy_operating_cash_flow_growth_yoy,,13,13,13,insufficient_pairwise_sample,False,False
historical_snapshot,annual,fy_operating_margin,fy_net_margin,,17,17,17,insufficient_pairwise_sample,False,False
historical_snapshot,annual,fy_operating_margin,fy_rd_to_revenue,,17,17,17,insufficient_pairwise_sample,False,False
historical_snapshot,annual,fy_operating_margin,fy_sga_to_revenue,,17,17,17,insufficient_pairwise_sample,False,False
historical_snapshot,annual,fy_operating_margin,fy_ocf_margin,,17,17,17,insufficient_pairwise_sample,False,False
historical_snapshot,annual,fy_operating_margin,fy_fcf_margin,,1,1,1,insufficient_pairwise_sample,False,False
historical_snapshot,annual,fy_operating_margin,fy_revenue_growth_yoy,,13,13,13,insufficient_pairwise_sample,False,False
historical_snapshot,annual,fy_operating_margin,fy_gross_profit_growth_yoy,,13,13,13,insufficient_pairwise_sample,False,False
historical_snapshot,annual,fy_operating_margin,fy_operating_income_growth_yoy,,13,13,13,insufficient_pairwise_sample,False,False
historical_snapshot,annual,fy_operating_margin,fy_net_income_growth_yoy,,13,13,13,insufficient_pairwise_sample,False,False
historical_snapshot,annual,fy_operating_margin,fy_rd_growth_yoy,,13,13,13,insufficient_pairwise_sample,False,False
historical_snapshot,annual,fy_operating_margin,fy_operating_cash_flow_growth_yoy,,13,13,13,insufficient_pairwise_sample,False,False
historical_snapshot,annual,fy_net_margin,fy_rd_to_revenue,,17,17,17,insufficient_pairwise_sample,False,False
historical_snapshot,annual,fy_net_margin,fy_sga_to_revenue,,17,17,17,insufficient_pairwise_sample,False,False
historical_snapshot,annual,fy_net_margin,fy_ocf_margin,,17,17,17,insufficient_pairwise_sample,False,False
historical_snapshot,annual,fy_net_margin,fy_fcf_margin,,1,1,1,insufficient_pairwise_sample,False,False
historical_snapshot,annual,fy_net_margin,fy_revenue_growth_yoy,,13,13,13,insufficient_pairwise_sample,False,False
historical_snapshot,annual,fy_net_margin,fy_gross_profit_growth_yoy,,13,13,13,insufficient_pairwise_sample,False,False
historical_snapshot,annual,fy_net_margin,fy_operating_income_growth_yoy,,13,13,13,insufficient_pairwise_sample,False,False
historical_snapshot,annual,fy_net_margin,fy_net_income_growth_yoy,,13,13,13,insufficient_pairwise_sample,False,False
historical_snapshot,annual,fy_net_margin,fy_rd_growth_yoy,,13,13,13,insufficient_pairwise_sample,False,False
historical_snapshot,annual,fy_net_margin,fy_operating_cash_flow_growth_yoy,,13,13,13,insufficient_pairwise_sample,False,False
historical_snapshot,annual,fy_rd_to_revenue,fy_sga_to_revenue,,17,17,17,insufficient_pairwise_sample,False,False
historical_snapshot,annual,fy_rd_to_revenue,fy_ocf_margin,,17,17,17,insufficient_pairwise_sample,False,False
historical_snapshot,annual,fy_rd_to_revenue,fy_fcf_margin,,1,1,1,insufficient_pairwise_sample,False,False
historical_snapshot,annual,fy_rd_to_revenue,fy_revenue_growth_yoy,,13,13,13,insufficient_pairwise_sample,False,False
historical_snapshot,annual,fy_rd_to_revenue,fy_gross_profit_growth_yoy,,13,13,13,insufficient_pairwise_sample,False,False
historical_snapshot,annual,fy_rd_to_revenue,fy_operating_income_growth_yoy,,13,13,13,insufficient_pairwise_sample,False,False
historical_snapshot,annual,fy_rd_to_revenue,fy_net_income_growth_yoy,,13,13,13,insufficient_pairwise_sample,False,False
historical_snapshot,annual,fy_rd_to_revenue,fy_rd_growth_yoy,,13,13,13,insufficient_pairwise_sample,False,False
historical_snapshot,annual,fy_rd_to_revenue,fy_operating_cash_flow_growth_yoy,,13,13,13,insufficient_pairwise_sample,False,False
historical_snapshot,annual,fy_sga_to_revenue,fy_ocf_margin,,17,17,17,insufficient_pairwise_sample,False,False
historical_snapshot,annual,fy_sga_to_revenue,fy_fcf_margin,,1,1,1,insufficient_pairwise_sample,False,False
historical_snapshot,annual,fy_sga_to_revenue,fy_revenue_growth_yoy,,13,13,13,insufficient_pairwise_sample,False,False
historical_snapshot,annual,fy_sga_to_revenue,fy_gross_profit_growth_yoy,,13,13,13,insufficient_pairwise_sample,False,False
historical_snapshot,annual,fy_sga_to_revenue,fy_operating_income_growth_yoy,,13,13,13,insufficient_pairwise_sample,False,False
historical_snapshot,annual,fy_sga_to_revenue,fy_net_income_growth_yoy,,13,13,13,insufficient_pairwise_sample,False,False
historical_snapshot,annual,fy_sga_to_revenue,fy_rd_growth_yoy,,13,13,13,insufficient_pairwise_sample,False,False
historical_snapshot,annual,fy_sga_to_revenue,fy_operating_cash_flow_growth_yoy,,13,13,13,insufficient_pairwise_sample,False,False
historical_snapshot,annual,fy_ocf_margin,fy_fcf_margin,,1,1,1,insufficient_pairwise_sample,False,False
historical_snapshot,annual,fy_ocf_margin,fy_revenue_growth_yoy,,13,13,13,insufficient_pairwise_sample,False,False
historical_snapshot,annual,fy_ocf_margin,fy_gross_profit_growth_yoy,,13,13,13,insufficient_pairwise_sample,False,False
historical_snapshot,annual,fy_ocf_margin,fy_operating_income_growth_yoy,,13,13,13,insufficient_pairwise_sample,False,False
historical_snapshot,annual,fy_ocf_margin,fy_net_income_growth_yoy,,13,13,13,insufficient_pairwise_sample,False,False
historical_snapshot,annual,fy_ocf_margin,fy_rd_growth_yoy,,13,13,13,insufficient_pairwise_sample,False,False
historical_snapshot,annual,fy_ocf_margin,fy_operating_cash_flow_growth_yoy,,13,13,13,insufficient_pairwise_sample,False,False
historical_snapshot,annual,fy_fcf_margin,fy_revenue_growth_yoy,,0,0,0,insufficient_pairwise_sample,False,False
historical_snapshot,annual,fy_fcf_margin,fy_gross_profit_growth_yoy,,0,0,0,insufficient_pairwise_sample,False,False
historical_snapshot,annual,fy_fcf_margin,fy_operating_income_growth_yoy,,0,0,0,insufficient_pairwise_sample,False,False
historical_snapshot,annual,fy_fcf_margin,fy_net_income_growth_yoy,,0,0,0,insufficient_pairwise_sample,False,False
historical_snapshot,annual,fy_fcf_margin,fy_rd_growth_yoy,,0,0,0,insufficient_pairwise_sample,False,False
historical_snapshot,annual,fy_fcf_margin,fy_operating_cash_flow_growth_yoy,,0,0,0,insufficient_pairwise_sample,False,False
historical_snapshot,annual,fy_revenue_growth_yoy,fy_gross_profit_growth_yoy,,13,13,13,insufficient_pairwise_sample,False,False
historical_snapshot,annual,fy_revenue_growth_yoy,fy_operating_income_growth_yoy,,13,13,13,insufficient_pairwise_sample,False,False
historical_snapshot,annual,fy_revenue_growth_yoy,fy_net_income_growth_yoy,,13,13,13,insufficient_pairwise_sample,False,False
historical_snapshot,annual,fy_revenue_growth_yoy,fy_rd_growth_yoy,,13,13,13,insufficient_pairwise_sample,False,False
historical_snapshot,annual,fy_revenue_growth_yoy,fy_operating_cash_flow_growth_yoy,,13,13,13,insufficient_pairwise_sample,False,False
historical_snapshot,annual,fy_gross_profit_growth_yoy,fy_operating_income_growth_yoy,,13,13,13,insufficient_pairwise_sample,False,False
historical_snapshot,annual,fy_gross_profit_growth_yoy,fy_net_income_growth_yoy,,13,13,13,insufficient_pairwise_sample,False,False
historical_snapshot,annual,fy_gross_profit_growth_yoy,fy_rd_growth_yoy,,13,13,13,insufficient_pairwise_sample,False,False
historical_snapshot,annual,fy_gross_profit_growth_yoy,fy_operating_cash_flow_growth_yoy,,13,13,13,insufficient_pairwise_sample,False,False
historical_snapshot,annual,fy_operating_income_growth_yoy,fy_net_income_growth_yoy,,13,13,13,insufficient_pairwise_sample,False,False
historical_snapshot,annual,fy_operating_income_growth_yoy,fy_rd_growth_yoy,,13,13,13,insufficient_pairwise_sample,False,False
historical_snapshot,annual,fy_operating_income_growth_yoy,fy_operating_cash_flow_growth_yoy,,13,13,13,insufficient_pairwise_sample,False,False
historical_snapshot,annual,fy_net_income_growth_yoy,fy_rd_growth_yoy,,13,13,13,insufficient_pairwise_sample,False,False
historical_snapshot,annual,fy_net_income_growth_yoy,fy_operating_cash_flow_growth_yoy,,13,13,13,insufficient_pairwise_sample,False,False
historical_snapshot,annual,fy_rd_growth_yoy,fy_operating_cash_flow_growth_yoy,,13,13,13,insufficient_pairwise_sample,False,False
window_snapshot,balance_sheet,current_ratio,cash_to_assets,,5,5,5,insufficient_pairwise_sample,False,False
window_snapshot,balance_sheet,current_ratio,liabilities_to_assets,,5,5,5,insufficient_pairwise_sample,False,False
window_snapshot,balance_sheet,current_ratio,debt_to_assets,,5,5,5,insufficient_pairwise_sample,False,False
window_snapshot,balance_sheet,cash_to_assets,liabilities_to_assets,,5,5,5,insufficient_pairwise_sample,False,False
window_snapshot,balance_sheet,cash_to_assets,debt_to_assets,,5,5,5,insufficient_pairwise_sample,False,False
window_snapshot,balance_sheet,liabilities_to_assets,debt_to_assets,,5,5,5,insufficient_pairwise_sample,False,False
historical_snapshot,balance_sheet,current_ratio,cash_to_assets,0.5173286721670844,79,79,79,assessed,False,False
historical_snapshot,balance_sheet,current_ratio,liabilities_to_assets,-0.2864929347452555,48,48,48,assessed,False,False
historical_snapshot,balance_sheet,current_ratio,debt_to_assets,0.39722371735669554,24,24,24,assessed,False,False
historical_snapshot,balance_sheet,cash_to_assets,liabilities_to_assets,-0.14811117690830694,48,48,48,assessed,False,False
historical_snapshot,balance_sheet,cash_to_assets,debt_to_assets,-0.029118308817101885,24,24,24,assessed,False,False
historical_snapshot,balance_sheet,liabilities_to_assets,debt_to_assets,0.9233033205009232,24,24,24,assessed,False,False
