date,ticker,target_entry_date,target_entry_open,target_exit_date_1d,target_exit_close_1d,forward_return_1d,target_exit_date_5d,target_exit_close_5d,forward_return_5d,target_exit_date_20d,target_exit_close_20d,forward_return_20d
2025-10-01,NVDA,2025-10-02,189.6000061035156,2025-10-02,188.88999938964844,-0.0037447610285388233,2025-10-08,189.1100006103516,-0.002584417074841694,2025-10-29,207.0399932861328,0.09198305179956345
2025-10-02,NVDA,2025-10-03,189.19000244140625,2025-10-03,187.6199951171875,-0.008298574469890352,2025-10-09,192.57000732421875,0.01786566329718875,2025-10-30,202.88999938964844,0.07241395830355879
2025-10-03,NVDA,2025-10-06,185.5,2025-10-06,185.5399932861328,0.0002155972298265585,2025-10-10,183.16000366210932,-0.012614535514235636,2025-10-31,202.4900054931641,0.09159032610870121
2025-10-06,NVDA,2025-10-07,186.22999572753903,2025-10-07,185.0399932861328,-0.006389961170096603,2025-10-13,188.32000732421875,0.011222744158451592,2025-11-03,206.8800048828125,0.11088444197510028
2025-10-07,NVDA,2025-10-08,186.57000732421875,2025-10-08,189.1100006103516,0.013614156544030642,2025-10-14,180.02999877929688,-0.035053911605185006,2025-11-04,198.69000244140625,0.06496218385265728
2025-10-08,NVDA,2025-10-09,192.22999572753903,2025-10-09,192.57000732421875,0.0017687749271015907,2025-10-15,179.8300018310547,-0.06450603013100886,2025-11-05,195.2100067138672,0.01550232041076427
2025-10-09,NVDA,2025-10-10,193.509994506836,2025-10-10,183.16000366210932,-0.053485562185580426,2025-10-16,181.8099975585937,-0.060461977574129855,2025-11-06,188.0800018310547,-0.02806052829271044
2025-10-10,NVDA,2025-10-13,187.97000122070312,2025-10-13,188.32000732421875,0.0018620317137980624,2025-10-17,183.22000122070312,-0.02526998972789729,2025-11-07,188.1499938964844,0.0009575606459135688
2025-10-13,NVDA,2025-10-14,184.7700042724609,2025-10-14,180.02999877929688,-0.025653544317585486,2025-10-20,182.63999938964844,-0.011527871589327776,2025-11-10,199.0500030517578,0.07728526518968781
2025-10-14,NVDA,2025-10-15,184.8000030517578,2025-10-15,179.8300018310547,-0.026893945555353405,2025-10-21,181.16000366210932,-0.019696966068929345,2025-11-11,193.16000366210932,0.045238097793808274
2025-10-15,NVDA,2025-10-16,182.22999572753903,2025-10-16,181.8099975585937,-0.002304769680032792,2025-10-22,180.27999877929688,-0.010700746276467554,2025-11-12,193.8000030517578,0.06349123412985014
2025-10-16,NVDA,2025-10-17,180.17999267578125,2025-10-17,183.22000122070312,0.016872064982220936,2025-10-23,182.16000366210932,0.010989072409892442,2025-11-13,186.8600006103516,0.037074082617987836
2025-10-17,NVDA,2025-10-20,183.1300048828125,2025-10-20,182.63999938964844,-0.0026757247862120304,2025-10-24,186.259994506836,0.01709162638873085,2025-11-14,190.1699981689453,0.038442598691775354
2025-10-20,NVDA,2025-10-21,182.7899932861328,2025-10-21,181.16000366210932,-0.00891728039768569,2025-10-27,191.4900054931641,0.047595670039839666,2025-11-17,186.6000061035156,0.02084366189246878
2025-10-21,NVDA,2025-10-22,181.13999938964844,2025-10-22,180.27999877929688,-0.004747712339899124,2025-10-28,201.02999877929688,0.10980456805050132,2025-11-18,181.3600006103516,0.0012145369407334794
2025-10-22,NVDA,2025-10-23,180.4199981689453,2025-10-23,182.16000366210932,0.009644194162637287,2025-10-29,207.0399932861328,0.14754459254711083,2025-11-19,186.5200042724609,0.03381003306409269
2025-10-23,NVDA,2025-10-24,183.83999633789065,2025-10-24,186.259994506836,0.013163610841774975,2025-10-30,202.88999938964844,0.10362273406894884,2025-11-20,180.63999938964844,-0.017406424129604248
2025-10-24,NVDA,2025-10-27,189.9900054931641,2025-10-27,191.4900054931641,0.007895152148168938,2025-10-31,202.4900054931641,0.06579293456807522,2025-11-21,178.8800048828125,-0.05847676345665109
2025-10-27,NVDA,2025-10-28,193.0500030517578,2025-10-28,201.02999877929688,0.04133641855162051,2025-11-03,206.8800048828125,0.07163947999185871,2025-11-24,182.5500030517578,-0.05439005353024984
2025-10-28,NVDA,2025-10-29,207.97999572753903,2025-10-29,207.0399932861328,-0.004519677183942528,2025-11-04,198.69000244140625,-0.04466772515133133,2025-11-25,177.82000732421875,-0.14501389086876848
2025-10-29,NVDA,2025-10-30,205.1499938964844,2025-10-30,202.88999938964844,-0.01101630306641066,2025-11-05,195.2100067138672,-0.04845229090103109,2025-11-26,180.259994506836,-0.12132585976194343
2025-10-30,NVDA,2025-10-31,206.4499969482422,2025-10-31,202.4900054931641,-0.019181358748437627,2025-11-06,188.0800018310547,-0.08898036032324541,2025-11-28,177.0,-0.14264953927621227
2025-10-31,NVDA,2025-11-03,208.0800018310547,2025-11-03,206.8800048828125,-0.005766997970408028,2025-11-07,188.1499938964844,-0.09578050633982571,2025-12-01,179.9199981689453,-0.13533258080693977
2025-11-03,NVDA,2025-11-04,203.0,2025-11-04,198.69000244140625,-0.0212315150669643,2025-11-10,199.0500030517578,-0.019458113045528025,2025-12-02,181.4600067138672,-0.10610834131099911
2025-11-04,NVDA,2025-11-05,198.7700042724609,2025-11-05,195.2100067138672,-0.017910134739011818,2025-11-11,193.16000366210932,-0.028223577450155912,2025-12-03,179.58999633789062,-0.09649347246720175
2025-11-05,NVDA,2025-11-06,196.4199981689453,2025-11-06,188.0800018310547,-0.0424600163712312,2025-11-12,193.8000030517578,-0.013338739138638922,2025-12-04,183.3800048828125,-0.06638831792940358
2025-11-06,NVDA,2025-11-07,184.8999938964844,2025-11-07,188.1499938964844,0.017577069265992007,2025-11-13,186.8600006103516,0.010600361160447047,2025-12-05,182.41000366210932,-0.01346668640654003
2025-11-07,NVDA,2025-11-10,195.1100006103516,2025-11-10,199.0500030517578,0.02019374931618545,2025-11-14,190.1699981689453,-0.025319063225630378,2025-12-08,185.5500030517578,-0.04899798846131809
2025-11-10,NVDA,2025-11-11,195.16000366210932,2025-11-11,193.16000366210932,-0.01024800144738014,2025-11-17,186.6000061035156,-0.04386143368501916,2025-12-09,184.97000122070312,-0.052213579884168526
2025-11-11,NVDA,2025-11-12,195.72000122070312,2025-11-12,193.8000030517578,-0.009809923140048582,2025-11-18,181.3600006103516,-0.07337012324130587,2025-12-10,183.77999877929688,-0.061005530180546774
2025-11-12,NVDA,2025-11-13,191.0500030517578,2025-11-13,186.8600006103516,-0.021931443990980237,2025-11-19,186.5200042724609,-0.023711063632224416,2025-12-11,180.92999267578125,-0.052970480054035485
2025-11-13,NVDA,2025-11-14,182.8600006103516,2025-11-14,190.1699981689453,0.039975924391306705,2025-11-20,180.63999938964844,-0.012140441940792002,2025-12-12,175.02000427246094,-0.04287430991863861
2025-11-14,NVDA,2025-11-17,185.97000122070312,2025-11-17,186.6000061035156,0.003387669401931026,2025-11-21,178.8800048828125,-0.03812440872910705,2025-12-15,176.2899932861328,-0.05205144846497256
2025-11-17,NVDA,2025-11-18,183.3800048828125,2025-11-18,181.3600006103516,-0.011015400908903739,2025-11-24,182.5500030517578,-0.004526130488354485,2025-12-16,177.72000122070312,-0.03086488990839731
2025-11-18,NVDA,2025-11-19,184.7899932861328,2025-11-19,186.5200042724609,0.009362038255227967,2025-11-25,177.82000732421875,-0.03771841666297149,2025-12-17,170.94000244140625,-0.07494989635765037
2025-11-19,NVDA,2025-11-20,195.9499969482422,2025-11-20,180.63999938964844,-0.07813216533316758,2025-11-26,180.259994506836,-0.08007146050403113,2025-12-18,174.13999938964844,-0.11130389333128998
2025-11-20,NVDA,2025-11-21,181.2400054931641,2025-11-21,178.8800048828125,-0.013021411050666787,2025-11-28,177.0,-0.023394423773199557,2025-12-19,180.9900054931641,-0.0013793864071000028
2025-11-21,NVDA,2025-11-24,179.49000549316406,2025-11-24,182.5500030517578,0.017048289403001293,2025-12-01,179.9199981689453,0.0023956357603300837,2025-12-22,183.69000244140625,0.023399614572980454
2025-11-24,NVDA,2025-11-25,174.91000366210938,2025-11-25,177.82000732421875,0.016637148254429857,2025-12-02,181.4600067138672,0.03744784697627179,2025-12-23,189.2100067138672,0.08175634756364492
2025-11-25,NVDA,2025-11-26,181.6300048828125,2025-11-26,180.259994506836,-0.007542863729263383,2025-12-03,179.58999633789062,-0.011231671475415594,2025-12-24,188.6100006103516,0.03842975026093609
2025-11-26,NVDA,2025-11-28,179.00999450683594,2025-11-28,177.0,-0.01122839265133424,2025-12-04,183.3800048828125,0.024412102732116914,2025-12-26,190.52999877929688,0.06435397254884001
2025-11-28,NVDA,2025-12-01,174.75999450683594,2025-12-01,179.9199981689453,0.029526229253271863,2025-12-05,182.41000366210932,0.04377437282978458,2025-12-29,188.22000122070312,0.07701995386215632
2025-12-01,NVDA,2025-12-02,181.759994506836,2025-12-02,181.4600067138672,-0.0016504610587316781,2025-12-08,185.5500030517578,0.02085172017750736,2025-12-30,187.5399932861328,0.031800170301388375
2025-12-02,NVDA,2025-12-03,181.0800018310547,2025-12-03,179.58999633789062,-0.008228437586135118,2025-12-09,184.97000122070312,0.02148221421644214,2025-12-31,186.5,0.029931511564717628
2025-12-03,NVDA,2025-12-04,181.6199951171875,2025-12-04,183.3800048828125,0.009690616743433855,2025-12-10,183.77999877929688,0.011892983813349689,2026-01-02,188.8500061035156,0.03980845270733013
2025-12-04,NVDA,2025-12-05,183.88999938964844,2025-12-05,182.41000366210932,-0.00804826653135804,2025-12-11,180.92999267578125,-0.016096616040523037,2026-01-05,188.1199951171875,0.023002859000374576
2025-12-05,NVDA,2025-12-08,182.63999938964844,2025-12-08,185.5500030517578,0.015933003021430636,2025-12-12,175.02000427246094,-0.04172139259008001,2026-01-06,187.2400054931641,0.025186192065747237
2025-12-08,NVDA,2025-12-09,185.5599975585937,2025-12-09,184.97000122070312,-0.0031795448677146565,2025-12-15,176.2899932861328,-0.04995691094215349,2026-01-07,189.1100006103516,0.019131294990650805
2025-12-09,NVDA,2025-12-10,184.97000122070312,2025-12-10,183.77999877929688,-0.006433488855235314,2025-12-16,177.72000122070312,-0.03919554496488009,2026-01-08,185.0399932861328,0.00037839684796336925
2025-12-10,NVDA,2025-12-11,180.27999877929688,2025-12-11,180.92999267578125,0.0036054687202440316,2025-12-17,170.94000244140625,-0.051808278240144,2026-01-09,184.8600006103516,0.02540493599992577
2025-12-11,NVDA,2025-12-12,181.1100006103516,2025-12-12,175.02000427246094,-0.03362595283179837,2025-12-18,174.13999938964844,-0.03848490529078363,2026-01-12,184.94000244140625,0.021147379041175585
2025-12-12,NVDA,2025-12-15,177.94000244140625,2025-12-15,176.2899932861328,-0.009272839904656993,2025-12-19,180.9900054931641,0.01714062610942224,2026-01-13,185.8099975585937,0.044228363545060434
2025-12-15,NVDA,2025-12-16,176.25999450683594,2025-12-16,177.72000122070312,0.008283256322299204,2025-12-22,183.69000244140625,0.042153683003105735,2026-01-14,183.13999938964844,0.03903327525943889
2025-12-16,NVDA,2025-12-17,176.10000610351562,2025-12-17,170.94000244140625,-0.029301552999811964,2025-12-23,189.2100067138672,0.07444633819402147,2026-01-15,187.0500030517578,0.062180559731528584
2025-12-17,NVDA,2025-12-18,174.52999877929688,2025-12-18,174.13999938964844,-0.0022345693713182735,2025-12-24,188.6100006103516,0.08067382071582818,2026-01-16,186.22999572753903,0.06703716856743624
2025-12-18,NVDA,2025-12-19,176.6699981689453,2025-12-19,180.9900054931641,0.024452410533720936,2025-12-26,190.52999877929688,0.07845135424237437,2026-01-20,178.07000732421875,0.007924430688761586
2025-12-19,NVDA,2025-12-22,183.9199981689453,2025-12-22,183.69000244140625,-0.00125052049711194,2025-12-29,188.22000122070312,0.023379747143146057,2026-01-21,183.32000732421875,-0.003262238205197332
2025-12-22,NVDA,2025-12-23,182.97000122070312,2025-12-23,189.2100067138672,0.034103981262137095,2025-12-30,187.5399932861328,0.024976728616388,2026-01-22,184.83999633789065,0.010220227931965198
2025-12-23,NVDA,2025-12-24,187.94000244140625,2025-12-24,188.6100006103516,0.0035649577537608668,2025-12-31,186.5,-0.0076620326843679365,2026-01-23,187.6699981689453,-0.0014366514257395657
2025-12-24,NVDA,2025-12-26,189.9199981689453,2025-12-26,190.52999877929688,0.0032118819304585156,2026-01-02,188.8500061035156,-0.005633909413151339,2026-01-26,186.47000122070312,-0.018165527493177458
2025-12-26,NVDA,2025-12-29,187.7100067138672,2025-12-29,188.22000122070312,0.0027169276468745895,2026-01-05,188.1199951171875,0.0021841584819997095,2026-01-27,188.5200042724609,0.0043151538523378274
2025-12-29,NVDA,2025-12-30,188.2400054931641,2025-12-30,187.5399932861328,-0.003718721773288025,2026-01-06,187.2400054931641,-0.005312367035796295,2026-01-28,191.5200042724609,0.017424557392588635
2025-12-30,NVDA,2025-12-31,189.57000732421875,2025-12-31,186.5,-0.01619458356072201,2026-01-07,189.1100006103516,-0.002426579606975565,2026-01-29,192.509994506836,0.01550871482316829
2025-12-31,NVDA,2026-01-02,189.83999633789065,2026-01-02,188.8500061035156,-0.0052148664847896375,2026-01-08,185.0399932861328,-0.02528446662638184,2026-01-30,191.1300048828125,0.006795241096748672
2026-01-02,NVDA,2026-01-05,191.759994506836,2026-01-05,188.1199951171875,-0.018982058270338165,2026-01-09,184.8600006103516,-0.03598244729944666,2026-02-02,185.6100006103516,-0.032071308263753484
2026-01-05,NVDA,2026-01-06,190.5200042724609,2026-01-06,187.2400054931641,-0.01721603351743639,2026-01-12,184.94000244140625,-0.02928827265337841,2026-02-03,180.33999633789065,-0.05343275092526201
2026-01-06,NVDA,2026-01-07,188.57000732421875,2026-01-07,189.1100006103516,0.0028636223426794505,2026-01-13,185.8099975585937,-0.014636525738049189,2026-02-04,174.19000244140625,-0.07625817640282617
2026-01-07,NVDA,2026-01-08,189.1100006103516,2026-01-08,185.0399932861328,-0.021521904241356138,2026-01-14,183.13999938964844,-0.03156893449016451,2026-02-05,171.8800048828125,-0.09111097071508312
2026-01-08,NVDA,2026-01-09,185.0800018310547,2026-01-09,184.8600006103516,-0.0011886817512781755,2026-01-15,187.0500030517578,0.01064405230826293,2026-02-06,185.41000366210932,0.0017830226269168747
2026-01-09,NVDA,2026-01-12,183.22000122070312,2026-01-12,184.94000244140625,0.009387628038661777,2026-01-16,186.22999572753903,0.016428307427037492,2026-02-09,190.0399932861328,0.0372229670341202
2026-01-12,NVDA,2026-01-13,185.0,2026-01-13,185.8099975585937,0.004378365181587629,2026-01-20,178.07000732421875,-0.03745941986908785,2026-02-10,188.5399932861328,0.01913509884396114
2026-01-13,NVDA,2026-01-14,184.32000732421875,2026-01-14,183.13999938964844,-0.006401952515630471,2026-01-21,183.32000732421875,-0.005425347006638326,2026-02-11,190.0500030517578,0.031087215168454252
2026-01-14,NVDA,2026-01-15,186.5,2026-01-15,187.0500030517578,0.0029490780255110316,2026-01-22,184.83999633789065,-0.008900823925519274,2026-02-12,186.94000244140625,0.0023592624204087365
2026-01-15,NVDA,2026-01-16,189.0800018310547,2026-01-16,186.22999572753903,-0.015073017114005327,2026-01-23,187.6699981689453,-0.007457180285883602,2026-02-13,182.8099975585937,-0.033160589230707305
2026-01-16,NVDA,2026-01-20,181.8999938964844,2026-01-20,178.07000732421875,-0.021055451900923172,2026-01-26,186.47000122070312,0.025123735445639506,2026-02-17,184.97000122070312,0.01687744599906793
2026-01-20,NVDA,2026-01-21,179.0500030517578,2026-01-21,183.32000732421875,0.023848110581861315,2026-01-27,188.5200042724609,0.052890260035156844,2026-02-18,187.97999572753903,0.04987429502137375
2026-01-21,NVDA,2026-01-22,184.75,2026-01-22,184.83999633789065,0.00048712496828495766,2026-01-28,191.5200042724609,0.036644136792751913,2026-02-19,187.8999938964844,0.017050034622378307
2026-01-22,NVDA,2026-01-23,187.5,2026-01-23,187.6699981689453,0.0009066569010416359,2026-01-29,192.509994506836,0.026719970703125373,2026-02-20,189.82000732421875,0.012373372395833249
2026-01-23,NVDA,2026-01-26,187.16000366210932,2026-01-26,186.47000122070312,-0.0036866981614932515,2026-01-30,191.1300048828125,0.021211803499803672,2026-02-23,191.5500030517578,0.02345586291809454
2026-01-26,NVDA,2026-01-27,187.2400054931641,2026-01-27,188.5200042724609,0.006836139402610408,2026-02-02,185.6100006103516,-0.008705430650460033,2026-02-24,192.8500061035156,0.029961549058789894
2026-01-27,NVDA,2026-01-28,191.2700042724609,2026-01-28,191.5200042724609,0.00130705282802146,2026-02-03,180.33999633789065,-0.057144391124708926,2026-02-25,195.5599975585937,0.022428991427332123
2026-01-28,NVDA,2026-01-29,191.33999633789065,2026-01-29,192.509994506836,0.00611476006761924,2026-02-04,174.19000244140625,-0.089630993125969,2026-02-26,184.88999938964844,-0.03370961153805008
2026-01-29,NVDA,2026-01-30,191.2100067138672,2026-01-30,191.1300048828125,-0.0004183977210691081,2026-02-05,171.8800048828125,-0.1010930450935067,2026-02-27,177.19000244140625,-0.07332254474234146
2026-01-30,NVDA,2026-02-02,187.1999969482422,2026-02-02,185.6100006103516,-0.008493570319502708,2026-02-06,185.41000366210932,-0.009561930103170857,2026-03-02,182.47999572753903,-0.025213682145561966
2026-02-02,NVDA,2026-02-03,186.2400054931641,2026-02-03,180.33999633789065,-0.03167960148868232,2026-02-09,190.0399932861328,0.020403713922292566,2026-03-03,180.0500030517578,-0.03323669597740364
2026-02-03,NVDA,2026-02-04,179.4600067138672,2026-02-04,174.19000244140625,-0.02936589811268364,2026-02-10,188.5399932861328,0.05059615642800486,2026-03-04,183.0399932861328,0.019948659524869017
2026-02-04,NVDA,2026-02-05,174.92999267578125,2026-02-05,171.8800048828125,-0.017435476594466315,2026-02-11,190.0500030517578,0.08643463676352114,2026-03-05,183.33999633789065,0.04807639635414995
2026-02-05,NVDA,2026-02-06,176.69000244140625,2026-02-06,185.41000366210932,0.04935197860781493,2026-02-12,186.94000244140625,0.05801120526555592,2026-03-06,177.82000732421875,0.006395409288577181
2026-02-06,NVDA,2026-02-09,184.259994506836,2026-02-09,190.0399932861328,0.03136871242597583,2026-02-13,182.8099975585937,-0.007869298770593947,2026-03-09,182.6499938964844,-0.00873765688890138
2026-02-09,NVDA,2026-02-10,191.3800048828125,2026-02-10,188.5399932861328,-0.014839646380083948,2026-02-17,184.97000122070312,-0.03349359127686513,2026-03-10,184.7700042724609,-0.034538616583268955
2026-02-10,NVDA,2026-02-11,192.4499969482422,2026-02-11,190.0500030517578,-0.01247074011193583,2026-02-18,187.97999572753903,-0.023226818870281996,2026-03-11,186.02999877929688,-0.03335930512210872
2026-02-11,NVDA,2026-02-12,193.02999877929688,2026-02-12,186.94000244140625,-0.03154948130551305,2026-02-19,187.8999938964844,-0.02657620533209415,2026-03-12,183.13999938964844,-0.051235556401553306
2026-02-12,NVDA,2026-02-13,187.47999572753903,2026-02-13,182.8099975585937,-0.024909314462179477,2026-02-20,189.82000732421875,0.012481393482003389,2026-03-13,180.25,-0.0385640915953841
2026-02-13,NVDA,2026-02-17,181.75,2026-02-17,184.97000122070312,0.017716650457788807,2026-02-23,191.5500030517578,0.05392023687349545,2026-03-16,183.22000122070312,0.008088039728765484
2026-02-17,NVDA,2026-02-18,188.75,2026-02-18,187.97999572753903,-0.004079492834230258,2026-02-24,192.8500061035156,0.021721886641142163,2026-03-17,181.92999267578125,-0.03613248913493372
2026-02-18,NVDA,2026-02-19,187.0599975585937,2026-02-19,187.8999938964844,0.004490518276776934,2026-02-25,195.5599975585937,0.0454399663794367,2026-03-18,180.3999938964844,-0.03560356970507894
2026-02-19,NVDA,2026-02-20,186.57000732421875,2026-02-20,189.82000732421875,0.017419734536174403,2026-02-26,184.88999938964844,-0.009004705304271221,2026-03-19,178.55999755859375,-0.04293299807672368
2026-02-20,NVDA,2026-02-23,191.3999938964844,2026-02-23,191.5500030517578,0.0007837469177482959,2026-02-27,177.19000244140625,-0.07424238196560962,2026-03-20,172.6999969482422,-0.09770113659646096
2026-02-23,NVDA,2026-02-24,191.4900054931641,2026-02-24,192.8500061035156,0.007102201531870911,2026-03-02,182.47999572753903,-0.047052115030341346,2026-03-23,175.63999938964844,-0.08277197581511098
2026-02-24,NVDA,2026-02-25,194.4499969482422,2026-02-25,195.5599975585937,0.00570841155964108,2026-03-03,180.0500030517578,-0.07405499677285832,2026-03-24,175.1999969482422,-0.09899717306307743
2026-02-25,NVDA,2026-02-26,194.2700042724609,2026-02-26,184.88999938964844,-0.048283341105285316,2026-03-04,183.0399932861328,-0.05780620136589987,2026-03-25,178.67999267578125,-0.08024919572665934
2026-02-26,NVDA,2026-02-27,181.25,2026-02-27,177.19000244140625,-0.02239998653017239,2026-03-05,183.33999633789065,0.011531014278017393,2026-03-26,171.24000549316406,-0.05522755589978445
2026-02-27,NVDA,2026-03-02,175.00999450683594,2026-03-02,182.47999572753903,0.04268328355619322,2026-03-06,177.82000732421875,0.016056299100523974,2026-03-27,167.52000427246094,-0.042797499968394326
2026-03-02,NVDA,2026-03-03,178.49000549316406,2026-03-03,180.0500030517578,0.008739971486266152,2026-03-09,182.6499938964844,0.023306562133977193,2026-03-30,165.1699981689453,-0.07462606820710127
2026-03-03,NVDA,2026-03-04,180.44000244140625,2026-03-04,183.0399932861328,0.014409170968454399,2026-03-10,184.7700042724609,0.023996906298317855,2026-03-31,174.39999389648438,-0.03347377778318994
2026-03-04,NVDA,2026-03-05,181.1699981689453,2026-03-05,183.33999633789065,0.011977690516515649,2026-03-11,186.02999877929688,0.02682563702307661,2026-04-01,175.75,-0.029916643063003345
2026-03-05,NVDA,2026-03-06,179.83999633789062,2026-03-06,177.82000732421875,-0.011232145544957883,2026-03-12,183.13999938964844,0.01834966147106476,2026-04-02,177.38999938964844,-0.01362320394868688
2026-03-06,NVDA,2026-03-09,176.8300018310547,2026-03-09,182.6499938964844,0.0329129220447002,2026-03-13,180.25,0.019340599069906705,2026-04-06,177.63999938964844,0.004580656846724596
2026-03-09,NVDA,2026-03-10,182.3999938964844,2026-03-10,184.7700042724609,0.012993478373258815,2026-03-16,183.22000122070312,0.0044956543402303595,2026-04-07,178.10000610351562,-0.02357449526785127
2026-03-10,NVDA,2026-03-11,185.91000366210932,2026-03-11,186.02999877929688,0.0006454473391634963,2026-03-17,181.92999267578125,-0.021408266945987964,2026-04-08,182.0800018310547,-0.02060137569582121
2026-03-11,NVDA,2026-03-12,184.0500030517578,2026-03-12,183.13999938964844,-0.004944328427169187,2026-03-18,180.3999938964844,-0.01983161692340185,2026-04-09,183.91000366210932,-0.0007606595345133194
2026-03-12,NVDA,2026-03-13,184.9199981689453,2026-03-13,180.25,-0.025254154310983434,2026-03-19,178.55999755859375,-0.03439325477680888,2026-04-10,188.6300048828125,0.020062766334648652
2026-03-13,NVDA,2026-03-16,182.97000122070312,2026-03-16,183.22000122070312,0.0013663442003175597,2026-03-20,172.6999969482422,-0.056129443099653176,2026-04-13,189.3099975585937,0.0346504689052447
2026-03-16,NVDA,2026-03-17,185.0599975585937,2026-03-17,181.92999267578125,-0.016913460089187704,2026-03-23,175.63999938964844,-0.05090240080632602,2026-04-14,196.509994506836,0.06187180967954453
2026-03-17,NVDA,2026-03-18,182.47999572753903,2026-03-18,180.3999938964844,-0.011398519726843248,2026-03-24,175.1999969482422,-0.03989477723446799,2026-04-15,198.8699951171875,0.0898180610115773
2026-03-18,NVDA,2026-03-19,178.00999450683594,2026-03-19,178.55999755859375,0.0030897313000965987,2026-03-25,178.67999267578125,0.0037638233224011053,2026-04-16,198.3500061035156,0.11426331231024545
2026-03-19,NVDA,2026-03-20,178.0,2026-03-20,172.6999969482422,-0.029775298043583254,2026-03-26,171.24000549316406,-0.03797749722941535,2026-04-17,201.67999267578125,0.1330336667178722
2026-03-20,NVDA,2026-03-23,177.25999450683594,2026-03-23,175.63999938964844,-0.009139090417409568,2026-03-27,167.52000427246094,-0.054947481305486434,2026-04-20,202.0599975585937,0.13990750208898017
2026-03-23,NVDA,2026-03-24,174.8300018310547,2026-03-24,175.1999969482422,0.0021163136378905545,2026-03-30,165.1699981689453,-0.055253695366566546,2026-04-21,199.8800048828125,0.14328206137047705
2026-03-24,NVDA,2026-03-25,177.10000610351562,2026-03-25,178.67999267578125,0.008921437141804045,2026-03-31,174.39999389648438,-0.015245692343189843,2026-04-22,202.5,0.1434217561892006
2026-03-25,NVDA,2026-03-26,176.07000732421875,2026-03-26,171.24000549316406,-0.027432280514196994,2026-04-01,175.75,-0.0018175004879137369,2026-04-23,199.63999938964844,0.13386716127084286
2026-03-26,NVDA,2026-03-27,170.0,2026-03-27,167.52000427246094,-0.01458821016199452,2026-04-02,177.38999938964844,0.04347058464499076,2026-04-24,208.2700042724609,0.22511767219094647
2026-03-27,NVDA,2026-03-30,168.77999877929688,2026-03-30,165.1699981689453,-0.021388793911961912,2026-04-06,177.63999938964844,0.05249437536693691,2026-04-27,216.6100006103516,0.28338667008523344
2026-03-30,NVDA,2026-03-31,166.97000122070312,2026-03-31,174.39999389648438,0.04449896760772121,2026-04-07,178.10000610351562,0.06665870995653123,2026-04-28,213.1699981689453,0.2766963922290113
2026-03-31,NVDA,2026-04-01,176.0,2026-04-01,175.75,-0.0014204545454545858,2026-04-08,182.0800018310547,0.03454546494917432,2026-04-29,209.25,0.18892045454545459
2026-04-01,NVDA,2026-04-02,172.17999267578125,2026-04-02,177.38999938964844,0.030259071526839598,2026-04-09,183.91000366210932,0.06812644607562457,2026-04-30,199.57000732421875,0.15907780121708748
2026-04-02,NVDA,2026-04-06,177.16000366210938,2026-04-06,177.63999938964844,0.0027093910454785153,2026-04-10,188.6300048828125,0.0647437400293771,2026-05-01,198.4499969482422,0.12017381376181513
2026-04-06,NVDA,2026-04-07,175.72999572753906,2026-04-07,178.10000610351562,0.013486658132349616,2026-04-13,189.3099975585937,0.07727765413543719,2026-05-04,198.47999572753903,0.12945997014233557
2026-04-07,NVDA,2026-04-08,184.5,2026-04-08,182.0800018310547,-0.013116521240896017,2026-04-14,196.509994506836,0.06509482117526288,2026-05-05,196.5,0.06504065040650397
2026-04-08,NVDA,2026-04-09,181.83999633789065,2026-04-09,183.91000366210932,0.01138367447155142,2026-04-15,198.8699951171875,0.09365375672166265,2026-05-06,207.8300018310547,0.14292788174538917
2026-04-09,NVDA,2026-04-10,184.3099975585937,2026-04-10,188.6300048828125,0.023438811683806904,2026-04-16,198.3500061035156,0.07617605518365034,2026-05-07,211.5,0.14752320981808031
2026-04-10,NVDA,2026-04-13,186.02999877929688,2026-04-13,189.3099975585937,0.01763155835521002,2026-04-17,201.67999267578125,0.08412618394440408,2026-05-08,215.1999969482422,0.15680265742275346
2026-04-13,NVDA,2026-04-14,190.83999633789065,2026-04-14,196.509994506836,0.02971074343821689,2026-04-20,202.0599975585937,0.058792713456342405,2026-05-11,219.44000244140625,0.14986379507615388
2026-04-14,NVDA,2026-04-15,196.5399932861328,2026-04-15,198.8699951171875,0.011855102832239117,2026-04-21,199.8800048828125,0.016994055717795442,2026-05-12,220.77999877929688,0.12333370469731442
2026-04-15,NVDA,2026-04-16,197.42999267578125,2026-04-16,198.3500061035156,0.0046599476364526105,2026-04-22,202.5,0.025680025894265768,2026-05-13,225.8300018310547,0.14384850432483076
2026-04-16,NVDA,2026-04-17,199.8999938964844,2026-04-17,201.67999267578125,0.008904446391422072,2026-04-23,199.63999938964844,-0.0013006228853142954,2026-05-14,235.7400054931641,0.17928970830904056
2026-04-17,NVDA,2026-04-20,199.97999572753903,2026-04-20,202.0599975585937,0.010401049482411828,2026-04-24,208.2700042724609,0.04145418902906939,2026-05-15,225.32000732421875,0.12671273196347088
2026-04-20,NVDA,2026-04-21,202.1300048828125,2026-04-21,199.8800048828125,-0.011131449787993963,2026-04-27,216.6100006103516,0.07163704238731938,2026-05-18,222.32000732421875,0.09988622150932835
2026-04-21,NVDA,2026-04-22,200.9900054931641,2026-04-22,202.5,0.0075127840468030005,2026-04-28,213.1699981689453,0.06059999175528885,2026-05-19,220.6100006103516,0.09761676989383838
2026-04-22,NVDA,2026-04-23,202.4600067138672,2026-04-23,199.63999938964844,-0.01392871298381515,2026-04-29,209.25,0.033537454613092876,2026-05-20,223.47000122070312,0.1037735543322833
2026-04-23,NVDA,2026-04-24,199.9600067138672,2026-04-24,208.2700042724609,0.04155829805749556,2026-04-30,199.57000732421875,-0.0019503869601610324,2026-05-21,219.509994506836,0.0977694895807033
2026-04-24,NVDA,2026-04-27,209.6499938964844,2026-04-27,216.6100006103516,0.03319822044594822,2026-05-01,198.4499969482422,-0.053422357616534244,2026-05-22,215.3300018310547,0.027092812305898883
2026-04-27,NVDA,2026-04-28,209.4900054931641,2026-04-28,213.1699981689453,0.017566435530506963,2026-05-04,198.47999572753903,-0.05255625317163082,2026-05-26,214.8600006103516,0.025633657818404654
2026-04-28,NVDA,2026-04-29,212.6999969482422,2026-04-29,209.25,-0.016220014093755286,2026-05-05,196.5,-0.07616359746438661,2026-05-27,212.6000061035156,-0.00047010270879754845
2026-04-29,NVDA,2026-04-30,209.92999267578125,2026-04-30,199.57000732421875,-0.04934971520511888,2026-05-06,207.8300018310547,-0.010003291182741125,2026-05-28,214.25,0.020578323607578275
2026-04-30,NVDA,2026-05-01,201.27999877929688,2026-05-01,198.4499969482422,-0.014060025080573357,2026-05-07,211.5,0.050775046118265,2026-05-29,211.13999938964844,0.04898648981592579
2026-05-01,NVDA,2026-05-04,199.5,2026-05-04,198.47999572753903,-0.005112803370731611,2026-05-08,215.1999969482422,0.07869672655760485,2026-06-01,224.3600006103516,0.12461153188146157
2026-05-04,NVDA,2026-05-05,199.3000030517578,2026-05-05,196.5,-0.014049187199614122,2026-05-11,219.44000244140625,0.10105368329782771,2026-06-02,222.82000732421875,0.11801306529008349
2026-05-05,NVDA,2026-05-06,199.88999938964844,2026-05-06,207.8300018310547,0.03972185935089567,2026-05-12,220.77999877929688,0.10450747637918223,2026-06-03,214.75,0.074340890768551
2026-05-06,NVDA,2026-05-07,208.33999633789065,2026-05-07,211.5,0.015167532483702173,2026-05-13,225.8300018310547,0.08394934146393251,2026-06-04,218.66000366210932,0.04953445092454256
2026-05-07,NVDA,2026-05-08,213.02999877929688,2026-05-08,215.1999969482422,0.010186350191897064,2026-05-14,235.7400054931641,0.10660473568980877,2026-06-05,205.1000061035156,-0.03722476985035761
2026-05-08,NVDA,2026-05-11,214.0399932861328,2026-05-11,219.44000244140625,0.025228972737139754,2026-05-15,225.32000732421875,0.05270049706554891,2026-06-08,208.63999938964844,-0.02522890144771006
2026-05-11,NVDA,2026-05-12,218.5500030517578,2026-05-12,220.77999877929688,0.01020359504186752,2026-05-18,222.32000732421875,0.01725007650339916,2026-06-09,208.19000244140625,-0.04740334232755905
2026-05-12,NVDA,2026-05-13,224.92999267578125,2026-05-13,225.8300018310547,0.004001285664783305,2026-05-19,220.6100006103516,-0.01920594054193825,2026-06-10,200.4199981689453,-0.10896721337720916
2026-05-13,NVDA,2026-05-14,229.8500061035156,2026-05-14,235.7400054931641,0.025625404538801133,2026-05-20,223.47000122070312,-0.02775725348442737,2026-06-11,204.8699951171875,-0.10867961854687991
2026-05-14,NVDA,2026-05-15,229.759994506836,2026-05-15,225.32000732421875,-0.019324457210870727,2026-05-21,219.509994506836,-0.04461176986881865,2026-06-12,205.19000244140625,-0.10693764211723433
2026-05-15,NVDA,2026-05-18,229.8699951171875,2026-05-18,222.32000732421875,-0.032844598918270185,2026-05-22,215.3300018310547,-0.06325311521723542,2026-06-15,212.4499969482422,-0.07578195736274596
2026-05-18,NVDA,2026-05-19,219.6199951171875,2026-05-19,220.6100006103516,0.004507811288475105,2026-05-26,214.8600006103516,-0.02167377567008877,2026-06-16,207.41000366210932,-0.05559599183381758
2026-05-19,NVDA,2026-05-20,223.17999267578125,2026-05-20,223.47000122070312,0.0012994379175519377,2026-05-27,212.6000061035156,-0.04740562290292505,2026-06-17,204.6499938964844,-0.08302715022585294
2026-05-20,NVDA,2026-05-21,222.2899932861328,2026-05-21,219.509994506836,-0.012506180499625041,2026-05-28,214.25,-0.03616893935384524,2026-06-18,210.69000244140625,-0.05218404424438039
2026-05-21,NVDA,2026-05-22,220.8999938964844,2026-05-22,215.3300018310547,-0.02521499420248907,2026-05-29,211.13999938964844,-0.04418286453828324,2026-06-22,208.6499938964844,-0.05545495852634774
2026-05-22,NVDA,2026-05-26,216.5399932861328,2026-05-26,214.8600006103516,-0.007758348239908286,2026-06-01,224.3600006103516,0.036113455096886016,2026-06-23,200.0399932861328,-0.07619839526916927
2026-05-26,NVDA,2026-05-27,214.1199951171875,2026-05-27,212.6000061035156,-0.007098771942526949,2026-06-02,222.82000732421875,0.04063147956952706,2026-06-24,199.0,-0.07061458743688254
2026-05-27,NVDA,2026-05-28,211.27999877929688,2026-05-28,214.25,0.014057181171255095,2026-06-03,214.75,0.01642370901529544,2026-06-25,195.7400054931641,-0.07355165361566418
2026-05-28,NVDA,2026-05-29,214.5800018310547,2026-05-29,211.13999938964844,-0.016031328232137265,2026-06-04,218.66000366210932,0.019013895965323435,2026-06-26,192.52999877929688,-0.102758891152953
2026-05-29,NVDA,2026-06-01,215.72999572753903,2026-06-01,224.3600006103516,0.04000373176529437,2026-06-05,205.1000061035156,-0.049274509036976055,2026-06-29,194.97000122070312,-0.09623137680424931
2026-06-01,NVDA,2026-06-02,227.17999267578125,2026-06-02,222.82000732421875,-0.019191766406053357,2026-06-08,208.63999938964844,-0.08160926967099635,2026-06-30,200.08999633789065,-0.11924463954249676
2026-06-02,NVDA,2026-06-03,221.72000122070312,2026-06-03,214.75,-0.031436050795278,2026-06-09,208.19000244140625,-0.061022905939049354,2026-07-01,197.5800018310547,-0.10887605654313137
2026-06-03,NVDA,2026-06-04,213.91000366210932,2026-06-04,218.66000366210932,0.0222056001060289,2026-06-10,200.4199981689453,-0.06306392998091237,2026-07-02,194.8300018310547,-0.08919639803846313
2026-06-04,NVDA,2026-06-05,214.52999877929688,2026-06-05,205.1000061035156,-0.043956522301958456,2026-06-11,204.8699951171875,-0.04502868464585852,2026-07-06,195.5500030517578,-0.08847245530013359
2026-06-05,NVDA,2026-06-08,210.17999267578125,2026-06-08,208.63999938964844,-0.007327021314099902,2026-06-12,205.19000244140625,-0.02374150922191931,2026-07-07,196.92999267578125,-0.06304120497539045
2026-06-08,NVDA,2026-06-09,210.6199951171875,2026-06-09,208.19000244140625,-0.01153733136509294,2026-06-15,212.4499969482422,0.008688642453136941,2026-07-08,204.1199951171875,-0.030861267451760432
2026-06-09,NVDA,2026-06-10,204.42999267578125,2026-06-10,200.4199981689453,-0.019615490145791115,2026-06-16,207.41000366210932,0.01457717112505219,2026-07-09,202.77999877929688,-0.008071192856232257
2026-06-10,NVDA,2026-06-11,201.4900054931641,2026-06-11,204.8699951171875,0.01677497410231643,2026-06-17,204.6499938964844,0.015683102472432653,2026-07-10,210.9600067138672,0.0469998558862732
2026-06-11,NVDA,2026-06-12,204.8600006103516,2026-06-12,205.19000244140625,0.0016108651277528807,2026-06-18,210.69000244140625,0.028458468289002115,2026-07-13,203.52999877929688,-0.00649224752070765
2026-06-12,NVDA,2026-06-15,208.9199981689453,2026-06-15,212.4499969482422,0.01689641398734021,2026-06-22,208.6499938964844,-0.0012923811737858282,2026-07-14,211.8000030517578,0.013785204423003794
2026-06-15,NVDA,2026-06-16,211.17999267578125,2026-06-16,207.41000366210932,-0.0178520179203715,2026-06-23,200.0399932861328,-0.05275120644005027,2026-07-15,212.5,0.00625062681124966
2026-06-16,NVDA,2026-06-17,208.52999877929688,2026-06-17,204.6499938964844,-0.01860645904917968,2026-06-24,199.0,-0.04570085280335712,2026-07-16,207.3999938964844,-0.005418908020080271
2026-06-17,NVDA,2026-06-18,207.3300018310547,2026-06-18,210.69000244140625,0.016206051129491028,2026-06-25,195.7400054931641,-0.05590120211996541,2026-07-17,202.8099975585937,-0.02180101399962453
2026-06-18,NVDA,2026-06-22,211.44000244140625,2026-06-22,208.6499938964844,-0.01319527295075118,2026-06-26,192.52999877929688,-0.08943437118692654,2026-07-20,203.27999877929688,-0.03859252538729352
2026-06-22,NVDA,2026-06-23,202.1699981689453,2026-06-23,200.0399932861328,-0.010535712034940747,2026-06-29,194.97000122070312,-0.03561357774868967,2026-07-21,207.2899932861328,0.025325197425727364
2026-06-23,NVDA,2026-06-24,200.1199951171875,2026-06-24,199.0,-0.00559661775192255,2026-06-30,200.08999633789065,-0.0001499039577693706,2026-07-22,212.0599975585937,0.05966421513459608
2026-06-24,NVDA,2026-06-25,200.0800018310547,2026-06-25,195.7400054931641,-0.021691304968875613,2026-07-01,197.5800018310547,-0.012495001884850865,2026-07-23,208.759994506836,0.04338260993775167
2026-06-25,NVDA,2026-06-26,193.1199951171875,2026-06-26,192.52999877929688,-0.0030550763919220403,2026-07-02,194.8300018310547,0.008854633166438974,2026-07-24,206.83999633789065,0.07104391863917403
2026-06-26,NVDA,2026-06-29,193.8500061035156,2026-06-29,194.97000122070312,0.0057776377710787585,2026-07-06,195.5500030517578,0.008769651249504795,2026-07-27,196.509994506836,0.013721889706312274
2026-06-29,NVDA,2026-06-30,197.2400054931641,2026-06-30,200.08999633789065,0.01444935492473065,2026-07-07,196.92999267578125,-0.0015717542524281702,2026-07-28,197.009994506836,-0.0011661477384011798
2026-06-30,NVDA,2026-07-01,196.1999969482422,2026-07-01,197.5800018310547,0.007033664140048579,2026-07-08,204.1199951171875,0.04036696377235227,2026-07-29,190.009994506836,-0.0315494522817914
2026-07-01,NVDA,2026-07-02,197.13999938964844,2026-07-02,194.8300018310547,-0.011717548776227882,2026-07-09,202.77999877929688,0.028609107269504053,2026-07-30,195.0399932861328,-0.010652359287903534
2026-07-02,NVDA,2026-07-06,194.4199981689453,2026-07-06,195.5500030517578,0.0058121844123799615,2026-07-10,210.9600067138672,0.085073596855757,2026-07-31,200.75,0.032558388492289314
2026-07-06,NVDA,2026-07-07,192.3699951171875,2026-07-07,196.92999267578125,0.0237043077108563,2026-07-13,203.52999877929688,0.058013224231309835,2026-08-03,206.63999938964844,0.07417998978358331
2026-07-07,NVDA,2026-07-08,195.17999267578125,2026-07-08,204.1199951171875,0.045803887574976665,2026-07-14,211.8000030517578,0.0851522235866895,2026-08-04,211.94000244140625,0.08586950709371899
2026-07-08,NVDA,2026-07-09,204.4600067138672,2026-07-09,202.77999877929688,-0.008216804653251364,2026-07-15,212.5,0.03932306085358017,2026-08-05,219.22000122070312,0.07219013020718479
2026-07-09,NVDA,2026-07-10,202.0,2026-07-10,210.9600067138672,0.044356468880530686,2026-07-16,207.3999938964844,0.026732643051903038,2026-08-06,218.9900054931641,0.08410893808497066
2026-07-10,NVDA,2026-07-13,208.5399932861328,2026-07-13,203.52999877929688,-0.024024142457710007,2026-07-17,202.8099975585937,-0.027476723467987907,2026-08-07,223.9600067138672,0.07394271566210775
2026-07-13,NVDA,2026-07-14,208.1999969482422,2026-07-14,211.8000030517578,0.017291095851507565,2026-07-20,203.27999877929688,-0.023631115470997832,2026-08-10,217.5500030517578,0.04490877156852213
2026-07-14,NVDA,2026-07-15,211.9600067138672,2026-07-15,212.5,0.0025476187442368126,2026-07-21,207.2899932861328,-0.022032521606958677,2026-08-11,217.5,0.026136974479395336
2026-07-15,NVDA,2026-07-16,210.1699981689453,2026-07-16,207.3999938964844,-0.01317982726646949,2026-07-22,212.0599975585937,0.008992717353164315,2026-08-12,224.08999633789065,0.06623208969034544
2026-07-16,NVDA,2026-07-17,202.63999938964844,2026-07-17,202.8099975585937,0.0008389171410250196,2026-07-23,208.759994506836,0.030201318276850575,2026-08-13,225.3000030517578,0.11182394260936279
2026-07-17,NVDA,2026-07-20,205.8699951171875,2026-07-20,203.27999877929688,-0.012580737355224247,2026-07-24,206.83999633789065,0.0047117173153425895,2026-08-14,225.16000366210932,0.0936999514375143
2026-07-20,NVDA,2026-07-21,207.5399932861328,2026-07-21,207.2899932861328,-0.001204587106521382,2026-07-27,196.509994506836,-0.05314637725794802,2026-08-17,225.009994506836,0.08417655288548409
2026-07-21,NVDA,2026-07-22,205.8099975585937,2026-07-22,212.0599975585937,0.030367815335212933,2026-07-28,197.009994506836,-0.04275789882001413,2026-08-18,219.7400054931641,0.06768382537201356
2026-07-22,NVDA,2026-07-23,209.4600067138672,2026-07-23,208.759994506836,-0.00334198503100136,2026-07-29,190.009994506836,-0.09285788018521779,2026-08-19,217.5599975585937,0.03867082299768798
2026-07-23,NVDA,2026-07-24,207.4499969482422,2026-07-24,206.83999633789065,-0.002940470567968867,2026-07-30,195.0399932861328,-0.05982166230258179,2026-08-20,216.8500061035156,0.045312168202242376
2026-07-24,NVDA,2026-07-27,208.1999969482422,2026-07-27,196.509994506836,-0.056147947227454975,2026-07-31,200.75,-0.03578288692335685,2026-08-21,214.72000122070312,0.031316063247021964
2026-07-27,NVDA,2026-07-28,195.0,2026-07-28,197.009994506836,0.01030766413762052,2026-08-03,206.63999938964844,0.05969230456229968,2026-08-24,208.47999572753903,0.06912818321814895
2026-07-28,NVDA,2026-07-29,195.8500061035156,2026-07-29,190.009994506836,-0.02981879711350577,2026-08-04,211.94000244140625,0.08215468897859712,2026-08-25,213.0500030517578,0.0878222946756062
2026-07-29,NVDA,2026-07-30,193.4499969482422,2026-07-30,195.0399932861328,0.008219159281331212,2026-08-05,219.22000122070312,0.13321274065129995,2026-08-26,209.66000366210932,0.08379429811107264
2026-07-30,NVDA,2026-07-31,198.44000244140625,2026-07-31,200.75,0.011640785779952978,2026-08-06,218.9900054931641,0.10355776455821042,2026-08-27,227.97999572753903,0.1488610810456683
2026-07-31,NVDA,2026-08-03,197.69000244140625,2026-08-03,206.63999938964844,0.045272886022118985,2026-08-07,223.9600067138672,0.13288483963799402,2026-08-28,217.5500030517578,0.1004603185041586
2026-08-03,NVDA,2026-08-04,211.3000030517578,2026-08-04,211.94000244140625,0.0030288659744679425,2026-08-10,217.5500030517578,0.02957879749045289,2026-08-31,220.77999877929688,0.04486509981363773
2026-08-04,NVDA,2026-08-05,216.8600006103516,2026-08-05,219.22000122070312,0.010882599851099073,2026-08-11,217.5,0.0029512099411930226,2026-09-01,217.44000244140625,0.0026745450033305307
2026-08-05,NVDA,2026-08-06,221.52999877929688,2026-08-06,218.9900054931641,-0.011465685460790742,2026-08-12,224.08999633789065,0.011555985973458194,2026-09-02,224.41000366210932,0.01300051865969487
2026-08-06,NVDA,2026-08-07,221.5399932861328,2026-08-07,223.9600067138672,0.01092359619515193,2026-08-13,225.3000030517578,0.01697214895537491,2026-09-03,228.4499969482422,0.031190773095242763
2026-08-07,NVDA,2026-08-10,223.3999938964844,2026-08-10,217.5500030517578,-0.02618617280462987,2026-08-14,225.16000366210932,0.007878289228783197,2026-09-04,230.3600006103516,0.031154910044859818
2026-08-10,NVDA,2026-08-11,222.1699981689453,2026-08-11,217.5,-0.021019931617382914,2026-08-17,225.009994506836,0.012782987627929288,2026-09-08,225.72999572753903,0.01602375472806461
2026-08-11,NVDA,2026-08-12,221.0399932861328,2026-08-12,224.08999633789065,0.013798421753522527,2026-08-18,219.7400054931641,-0.0058812334077748,2026-09-09,223.6699981689453,0.011898321401991652
2026-08-12,NVDA,2026-08-13,225.0599975585937,2026-08-13,225.3000030517578,0.0010664067171761715,2026-08-19,217.5599975585937,-0.03332444717567984,2026-09-10,218.3600006103516,-0.02976982591718802
2026-08-13,NVDA,2026-08-14,226.7700042724609,2026-08-14,225.16000366210932,-0.007099707104195385,2026-08-20,216.8500061035156,-0.04374475451800308,2026-09-11,218.2899932861328,-0.03739476485672899
2026-08-14,NVDA,2026-08-17,225.97999572753903,2026-08-17,225.009994506836,-0.004292420740960479,2026-08-21,214.72000122070312,-0.04982739498947475,2026-09-14,210.9600067138672,-0.06646601158352639
2026-08-17,NVDA,2026-08-18,220.4499969482422,2026-08-18,219.7400054931641,-0.0032206462458912455,2026-08-24,208.47999572753903,-0.05429803305242731,2026-09-15,212.1699981689453,-0.03755953229267173
2026-08-18,NVDA,2026-08-19,221.6699981689453,2026-08-19,217.5599975585937,-0.01854107747688616,2026-08-25,213.0500030517578,-0.038886611577529706,2026-09-16,213.8999938964844,-0.03505212404314195
2026-08-19,NVDA,2026-08-20,218.3600006103516,2026-08-20,216.8500061035156,-0.006915160755703087,2026-08-26,209.66000366210932,-0.03984244790220004,2026-09-17,219.33999633789065,0.004487981886791559
2026-08-20,NVDA,2026-08-21,218.4199981689453,2026-08-21,214.72000122070312,-0.016939826843969996,2026-08-27,227.97999572753903,0.04376887482252956,2026-09-18,222.2700042724609,0.01762661906323104
2026-08-21,NVDA,2026-08-24,215.52999877929688,2026-08-24,208.47999572753903,-0.03271007790881608,2026-08-28,217.5500030517578,0.009372265039213623,2026-09-21,227.3800048828125,0.054980773769919944
2026-08-24,NVDA,2026-08-25,211.02999877929688,2026-08-25,213.0500030517578,0.009572119054853223,2026-08-31,220.77999877929688,0.046201962073633585,2026-09-22,228.8699951171875,0.08453772658430592
2026-08-25,NVDA,2026-08-26,212.63999938964844,2026-08-26,209.66000366210932,-0.014014276411271509,2026-09-01,217.44000244140625,0.022573377847702636,2026-09-23,225.509994506836,0.06052480791068926
2026-08-26,NVDA,2026-08-27,222.8600006103516,2026-08-27,227.97999572753903,0.022974042462376332,2026-09-02,224.41000366210932,0.0069550527125221695,2026-09-24,224.5800018310547,0.007717855227463488
2026-08-27,NVDA,2026-08-28,227.3600006103516,2026-08-28,217.5500030517578,-0.043147420532453684,2026-09-03,228.4499969482422,0.004794142922961209,2026-09-25,225.07000732421875,-0.01007210274448156
2026-08-28,NVDA,2026-08-31,218.8699951171875,2026-08-31,220.77999877929688,0.00872665831187458,2026-09-04,230.3600006103516,0.05249694224652446,2026-09-28,228.8600006103516,0.04564355880674853
2026-08-31,NVDA,2026-09-01,216.75,2026-09-01,217.44000244140625,0.003183402267156854,2026-09-08,225.72999572753903,0.041430199435012804,2026-09-29,227.2100067138672,0.048258393143562506
2026-09-01,NVDA,2026-09-02,218.7899932861328,2026-09-02,224.41000366210932,0.025686779781681546,2026-09-09,223.6699981689453,0.022304515894520094,2026-09-30,228.3800048828125,0.04383203935720181
2026-09-02,NVDA,2026-09-03,226.0200042724609,2026-09-03,228.4499969482422,0.010751228341947972,2026-09-10,218.3600006103516,-0.03389082168530266,,,
2026-09-03,NVDA,2026-09-04,231.08999633789065,2026-09-04,230.3600006103516,-0.003158923965153826,2026-09-11,218.2899932861328,-0.055389689102085526,,,
2026-09-04,NVDA,2026-09-08,233.1100006103516,2026-09-08,225.72999572753903,-0.03165889435669644,2026-09-14,210.9600067138672,-0.09501949225039297,,,
2026-09-08,NVDA,2026-09-09,225.27999877929688,2026-09-09,223.6699981689453,-0.007146664679845149,2026-09-15,212.1699981689453,-0.058194250183724594,,,
2026-09-09,NVDA,2026-09-10,220.52999877929688,2026-09-10,218.3600006103516,-0.009839922826630931,2026-09-16,213.8999938964844,-0.030063959187011435,,,
2026-09-10,NVDA,2026-09-11,221.2400054931641,2026-09-11,218.2899932861328,-0.013333990841554288,2026-09-17,219.33999633789065,-0.00858799994620385,,,
2026-09-11,NVDA,2026-09-14,211.2400054931641,2026-09-14,210.9600067138672,-0.0013255007196351087,2026-09-18,222.2700042724609,0.05221548235404572,,,
2026-09-14,NVDA,2026-09-15,213.3800048828125,2026-09-15,212.1699981689453,-0.005670665883299231,2026-09-21,227.3800048828125,0.0656106461694419,,,
2026-09-15,NVDA,2026-09-16,214.13999938964844,2026-09-16,213.8999938964844,-0.0011207877736438832,2026-09-22,228.8699951171875,0.0687867552513457,,,
2026-09-16,NVDA,2026-09-17,218.3800048828125,2026-09-17,219.33999633789065,0.004395967733370476,2026-09-23,225.509994506836,0.03264946178497241,,,
2026-09-17,NVDA,2026-09-18,219.3500061035156,2026-09-18,222.2700042724609,0.01331204963617516,2026-09-24,224.5800018310547,0.023843152869897688,,,
2026-09-18,NVDA,2026-09-21,222.94000244140625,2026-09-21,227.3800048828125,0.019915683111079163,2026-09-25,225.07000732421875,0.009554161924674398,,,
2026-09-21,NVDA,2026-09-22,226.8500061035156,2026-09-22,228.8699951171875,0.008904513816720527,2026-09-28,228.8600006103516,0.008860456040361786,,,
2026-09-22,NVDA,2026-09-23,228.02999877929688,2026-09-23,225.509994506836,-0.011051196272205854,2026-09-29,227.2100067138672,-0.003595983290879734,,,
2026-09-23,NVDA,2026-09-24,222.0800018310547,2026-09-24,224.5800018310547,0.011257204518135167,2026-09-30,228.3800048828125,0.02836816912740514,,,
2026-09-24,NVDA,2026-09-25,225.1300048828125,2026-09-25,225.07000732421875,-0.0002665018313529055,,,,,,
2026-09-25,NVDA,2026-09-28,229.75,2026-09-28,228.8600006103516,-0.003873773186717777,,,,,,
2026-09-28,NVDA,2026-09-29,230.97000122070312,2026-09-29,227.2100067138672,-0.01627914658598062,,,,,,
2026-09-29,NVDA,2026-09-30,229.2700042724609,2026-09-30,228.3800048828125,-0.0038818832514643242,,,,,,
2026-09-30,NVDA,,,,,,,,,,,
