model_name,feature_spec,feature_name,folds_present,coefficient_mean_available,coefficient_std_available,max_abs_coefficient,min_abs_nonzero_coefficient,max_abs_consecutive_available_change,sign_flip_count_across_consecutive_available_folds,sign_consistent_across_available_folds,coefficient_cv_1,coefficient_cv_2,coefficient_cv_3,sign_cv_1,sign_cv_2,sign_cv_3
ols_market,market,simple_return,3,0.13079667782740984,0.03437151338050645,0.16458488761767726,0.09587014127586906,0.0687147463418082,0,True,0.09587014127586906,0.16458488761767726,0.13193500458868318,1.0,1.0,1.0
ols_market,market,log_return,3,-0.13792601235935778,0.03572104797908324,0.17272782694796482,0.10135172391489897,0.07137610303306585,0,True,-0.10135172391489897,-0.17272782694796482,-0.13969848621520953,-1.0,-1.0,-1.0
ols_market,market,intraday_return,3,-0.002809293134811349,0.0023999254363255957,0.00514150060634045,0.0003469454666673727,0.004794555139673078,0,True,-0.00514150060634045,-0.0003469454666673727,-0.002939433331426225,-1.0,-1.0,-1.0
ols_market,market,daily_range,3,-0.0011307181891172774,0.0007758019634137949,0.0019849453809049934,0.0004699582471262599,0.0015149871337787335,0,True,-0.0009372509393205785,-0.0004699582471262599,-0.0019849453809049934,-1.0,-1.0,-1.0
ols_market,market,sma_5,3,-0.020583423484605356,0.0030930526930507993,0.024054614437065337,0.018119748348819638,0.004478706769134238,0,True,-0.024054614437065337,-0.0195759076679311,-0.018119748348819638,-1.0,-1.0,-1.0
ols_market,market,sma_20,3,0.0026848013341314488,0.0013643237167572473,0.0036264872310804754,0.0011202034049954575,0.002506283826085018,0,True,0.0011202034049954575,0.0036264872310804754,0.0033077133663184134,1.0,1.0,1.0
ols_market,market,sma_60,2,-0.01192547494951831,0.007416129929516411,0.017169470712839877,0.006681479186196743,0.010487991526643134,0,True,,-0.006681479186196743,-0.017169470712839877,,-1.0,-1.0
ols_market,market,rolling_volatility_20,3,-0.006215500034555677,0.003276052610292694,0.009609639127666048,0.0030719224279225294,0.0036447005795875956,0,True,-0.0030719224279225294,-0.005964938548078452,-0.009609639127666048,-1.0,-1.0,-1.0
ols_market,market,rolling_volatility_60,2,0.009202082390535658,0.005105357718408055,0.012812115453605074,0.0055920493274662425,0.007220066126138832,0,True,,0.0055920493274662425,0.012812115453605074,,1.0,1.0
ols_all,all,simple_return,3,0.09675748684261547,0.06348341960847287,0.1448172368648683,0.024791822633496642,0.09587157839598479,0,True,0.024791822633496642,0.12066340102948143,0.1448172368648683,1.0,1.0,1.0
ols_all,all,log_return,3,-0.10537203831785608,0.06535359732390834,0.15335423482963956,0.03093914889031774,0.1008835823432932,0,True,-0.03093914889031774,-0.13182273123361093,-0.15335423482963956,-1.0,-1.0,-1.0
ols_all,all,intraday_return,3,-0.0021563784695196805,0.003256609747764705,0.005286025447843697,0.0012138506229726737,0.00649987607081637,2,False,-0.005286025447843697,0.0012138506229726737,-0.0023969605836880177,-1.0,1.0,-1.0
ols_all,all,daily_range,3,-0.000252641653500934,0.0016591386439000217,0.0021668520546715892,0.0006367144163153423,0.0029390647325250345,1,False,0.0006367144163153423,0.0007722126778534451,-0.0021668520546715892,1.0,1.0,-1.0
ols_all,all,sma_5,3,-0.022791860683279364,0.004755606341283065,0.027117063318324013,0.017699198223459185,0.005860122284595721,0,True,-0.027117063318324013,-0.023559320508054905,-0.017699198223459185,-1.0,-1.0,-1.0
ols_all,all,sma_20,3,-0.0002898595300386083,0.002606334288420605,0.0027187091669672665,0.0017280816386141713,0.0044467908055814374,1,False,-0.0018602061184689199,-0.0017280816386141713,0.0027187091669672665,-1.0,-1.0,1.0
ols_all,all,sma_60,2,-0.011153588186483146,0.00968118709954581,0.01799922123450771,0.00430795513845858,0.013691266096049131,0,True,,-0.00430795513845858,-0.01799922123450771,,-1.0,-1.0
ols_all,all,rolling_volatility_20,3,-0.0045437031841108234,0.004186921486992073,0.009297425848602842,0.001404016734254566,0.007893409114348276,0,True,-0.0029296669694750628,-0.001404016734254566,-0.009297425848602842,-1.0,-1.0,-1.0
ols_all,all,rolling_volatility_60,2,0.009568645021512381,0.006018719184020632,0.013824522170590934,0.005312767872433829,0.008511754298157106,0,True,,0.005312767872433829,0.013824522170590934,,1.0,1.0
ols_all,all,q_gross_margin,3,-0.0003753948622491051,0.0003797901900985235,0.0006212194425667534,6.203021823598165e-05,0.0006290255806525253,1,False,-0.0006212194425667534,-0.0005669953624165436,6.203021823598165e-05,-1.0,-1.0,1.0
ols_all,all,q_operating_margin,3,-0.00037539486224932406,0.0003797901900976399,0.0006212194425674967,6.203021823465057e-05,0.0006290255806497767,1,False,-0.0006212194425674967,-0.0005669953624151262,6.203021823465057e-05,-1.0,-1.0,1.0
ols_all,all,q_net_margin,3,0.0003753948622498375,0.0003797901900985875,0.0006212194425674967,6.203021823532571e-05,0.0006290255806526671,1,False,0.0006212194425674967,0.0005669953624173414,-6.203021823532571e-05,1.0,1.0,-1.0
ols_all,all,q_rd_to_revenue,3,0.00037539486224965994,0.0003797901900986711,0.0006212194425672087,6.203021823561368e-05,0.0006290255806529984,1,False,0.0006212194425672087,0.0005669953624173848,-6.203021823561368e-05,1.0,1.0,-1.0
ols_all,all,q_sga_to_revenue,3,0.00037539486224943155,0.0003797901900982512,0.0006212194425670883,6.203021823532571e-05,0.0006290255806518576,1,False,0.0006212194425670883,0.0005669953624165319,-6.203021823532571e-05,1.0,1.0,-1.0
ols_all,all,q_ocf_margin,0,,,,,,0,,,,,,,
ols_all,all,q_fcf_margin,0,,,,,,0,,,,,,,
ols_all,all,q_revenue_growth_yoy,3,-0.0003753948622492053,0.00037979019009820223,0.0006212194425674967,6.203021823543813e-05,0.0006290255806509956,1,False,-0.0006212194425674967,-0.0005669953624155575,6.203021823543813e-05,-1.0,-1.0,1.0
ols_all,all,q_gross_profit_growth_yoy,3,-0.00037539486224989245,0.00037979019009816374,0.0006212194425674575,6.203021823476713e-05,0.0006290255806517542,1,False,-0.0006212194425674575,-0.0005669953624169871,6.203021823476713e-05,-1.0,-1.0,1.0
ols_all,all,q_operating_income_growth_yoy,3,-0.0003753948622489314,0.00037979019009891287,0.0006212194425672097,6.203021823657124e-05,0.0006290255806527271,1,False,-0.0006212194425672097,-0.0005669953624161559,6.203021823657124e-05,-1.0,-1.0,1.0
ols_all,all,q_net_income_growth_yoy,3,-0.0003753948622498193,0.0003797901900981888,0.0006212194425672962,6.203021823487815e-05,0.0006290255806519179,1,False,-0.0006212194425672962,-0.0005669953624170398,6.203021823487815e-05,-1.0,-1.0,1.0
ols_all,all,q_rd_growth_yoy,3,0.00037539486224965306,0.0003797901900979134,0.0006212194425674942,6.20302182346804e-05,0.0006290255806508259,1,False,0.0006212194425674942,0.0005669953624161455,-6.20302182346804e-05,1.0,1.0,-1.0
ols_all,all,q_operating_cash_flow_growth_yoy,0,,,,,,0,,,,,,,
ols_all,all,fy_gross_margin,2,0.00042208996150425437,0.00029301752908338465,0.000629284643325642,0.00021489527968286668,0.0004143893636427753,0,True,,0.000629284643325642,0.00021489527968286668,,1.0,1.0
ols_all,all,fy_operating_margin,2,0.0004220899615029098,0.00029301752908145857,0.0006292846433229355,0.00021489527968288402,0.0004143893636400515,0,True,,0.0006292846433229355,0.00021489527968288402,,1.0,1.0
ols_all,all,fy_net_margin,2,0.0004220899615047048,0.0002930175290832775,0.0006292846433260167,0.0002148952796833929,0.00041438936364262386,0,True,,0.0006292846433260167,0.0002148952796833929,,1.0,1.0
ols_all,all,fy_rd_to_revenue,2,0.00042208996150527194,0.0002930175290825343,0.0006292846433260584,0.00021489527968448553,0.00041438936364157283,0,True,,0.0006292846433260584,0.00021489527968448553,,1.0,1.0
ols_all,all,fy_sga_to_revenue,2,0.0004220899615039551,0.00029301752908067203,0.0006292846433234247,0.00021489527968448553,0.0004143893636389392,0,True,,0.0006292846433234247,0.00021489527968448553,,1.0,1.0
ols_all,all,fy_ocf_margin,2,0.00042208996150434907,0.0002930175290833042,0.0006292846433256799,0.00021489527968301828,0.0004143893636426616,0,True,,0.0006292846433256799,0.00021489527968301828,,1.0,1.0
ols_all,all,fy_fcf_margin,0,,,,,,0,,,,,,,
ols_all,all,fy_revenue_growth_yoy,2,0.0004220899615032215,0.00029301752908170956,0.0006292846433234247,0.00021489527968301828,0.00041438936364040645,0,True,,0.0006292846433234247,0.00021489527968301828,,1.0,1.0
ols_all,all,fy_gross_profit_growth_yoy,2,0.00042208996150478546,0.0002930175290825426,0.0006292846433255777,0.0002148952796839932,0.00041438936364158454,0,True,,0.0006292846433255777,0.0002148952796839932,,1.0,1.0
ols_all,all,fy_operating_income_growth_yoy,2,0.0004220899615041556,0.00029301752908095555,0.0006292846433238257,0.00021489527968448553,0.00041438936363934014,0,True,,0.0006292846433238257,0.00021489527968448553,,1.0,1.0
ols_all,all,fy_net_income_growth_yoy,2,0.00042208996150473537,0.00029301752908201704,0.000629284643325156,0.0002148952796843147,0.00041438936364084127,0,True,,0.000629284643325156,0.0002148952796843147,,1.0,1.0
ols_all,all,fy_rd_growth_yoy,2,0.00042208996150285255,0.0002930175290808526,0.0006292846433224498,0.00021489527968325526,0.00041438936363919453,0,True,,0.0006292846433224498,0.00021489527968325526,,1.0,1.0
ols_all,all,fy_operating_cash_flow_growth_yoy,2,0.00042208996150308885,0.00029301752908242985,0.0006292846433238014,0.00021489527968237632,0.00041438936364142506,0,True,,0.0006292846433238014,0.00021489527968237632,,1.0,1.0
ols_all,all,current_ratio,3,-1.465582697395809e-05,0.0005260501490050999,0.0006212194425670883,0.0002605333759731127,0.0009379380282391898,1,False,-0.0006212194425670883,0.0003167185856721014,0.0002605333759731127,-1.0,1.0,1.0
ols_all,all,cash_to_assets,3,0.0005021502095265159,0.00031989475440352043,0.0007454349157089521,0.00013979627030329846,0.0006056386454056536,0,True,0.000621219442567297,0.0007454349157089521,0.00013979627030329846,1.0,1.0,1.0
ols_all,all,liabilities_to_assets,3,0.0004795762227514594,0.0003457110448345704,0.0007319712974852314,8.55379282018575e-05,0.0006464333692833739,0,True,0.0006212194425672892,0.0007319712974852314,8.55379282018575e-05,1.0,1.0,1.0
ols_all,all,debt_to_assets,3,0.0004722558182624086,0.00034989502757836816,0.0007230183900730613,7.252962214687362e-05,0.0006504887679261877,0,True,0.000621219442567291,0.0007230183900730613,7.252962214687362e-05,1.0,1.0,1.0
ridge_market,market,simple_return,3,-0.0017171842203468496,7.411882115540966e-05,0.0018027599360946386,0.0016733021480708193,0.00012726935921954707,0,True,-0.0016733021480708193,-0.0016754905768750915,-0.0018027599360946386,-1.0,-1.0,-1.0
ridge_market,market,log_return,3,-0.005286266232034002,0.0012617304776901584,0.006198555317581062,0.003846373618550284,0.0023521816990307778,0,True,-0.003846373618550284,-0.006198555317581062,-0.005813869759970661,-1.0,-1.0,-1.0
ridge_market,market,intraday_return,3,-0.0026698969590471036,0.0022814305358149363,0.004845621649397707,0.00029572522511732836,0.0045498964242803785,0,True,-0.004845621649397707,-0.00029572522511732836,-0.0028683440026262747,-1.0,-1.0,-1.0
ridge_market,market,daily_range,3,0.00020515532588879538,0.0008682317423157644,0.001149945715119789,2.31989349432431e-05,0.001707624387516435,1,False,2.31989349432431e-05,0.001149945715119789,-0.000557678672396646,1.0,1.0,-1.0
ridge_market,market,sma_5,3,-0.02003602289040439,0.0031516821296200385,0.02356956574942654,0.017515158367332254,0.004546221194972156,0,True,-0.02356956574942654,-0.019023344554454383,-0.017515158367332254,-1.0,-1.0,-1.0
ridge_market,market,sma_20,3,0.0018747629959249724,0.0010773212498246224,0.002703046098154238,0.0006568295549254116,0.0020462165432288265,0,True,0.0006568295549254116,0.002703046098154238,0.002264413334695268,1.0,1.0,1.0
ridge_market,market,sma_60,2,-0.011364265263065306,0.007312679961077919,0.01653511085219048,0.006193419673940131,0.010341691178250349,0,True,,-0.006193419673940131,-0.01653511085219048,,-1.0,-1.0
ridge_market,market,rolling_volatility_20,3,-0.005669864313253601,0.0030807154423469793,0.008968925359856824,0.0028679645805385822,0.003796222360491425,0,True,-0.0028679645805385822,-0.005172702999365399,-0.008968925359856824,-1.0,-1.0,-1.0
ridge_market,market,rolling_volatility_60,2,0.008956948406520063,0.005222819852389713,0.012650039741060553,0.005263857071979575,0.007386182669080978,0,True,,0.005263857071979575,0.012650039741060553,,1.0,1.0
ridge_all,all,simple_return,3,-0.0028489930592656663,0.0008797668902122747,0.0037623677681450584,0.00200720862356153,0.0017551591445835284,0,True,-0.002777402786090411,-0.0037623677681450584,-0.00200720862356153,-1.0,-1.0,-1.0
ridge_all,all,log_return,3,-0.00560792956620033,0.0019615453061077566,0.007119335389195874,0.003391268299178779,0.003728067090017095,0,True,-0.003391268299178779,-0.007119335389195874,-0.006313185010226335,-1.0,-1.0,-1.0
ridge_all,all,intraday_return,3,-0.0020880512606054297,0.003155353964441181,0.005100653456216479,0.0011929130867109122,0.006293566542927391,2,False,-0.005100653456216479,0.0011929130867109122,-0.002356413412310723,-1.0,1.0,-1.0
ridge_all,all,daily_range,3,0.0007756935559212705,0.0012787677885737908,0.001991230892194444,0.0005580908112111037,0.0025493217034055476,1,False,0.0008939405867804716,0.001991230892194444,-0.0005580908112111037,1.0,1.0,-1.0
ridge_all,all,sma_5,3,-0.022319592573334903,0.004800791210412637,0.026659473659888043,0.017162735499267927,0.005973833061580808,0,True,-0.026659473659888043,-0.023136568560848735,-0.017162735499267927,-1.0,-1.0,-1.0
ridge_all,all,sma_20,3,-0.000954515301625377,0.002220145802294584,0.0023586570741746683,0.0016050638068068074,0.003963720880981476,1,False,-0.00210995263750827,-0.0023586570741746683,0.0016050638068068074,-1.0,-1.0,1.0
ridge_all,all,sma_60,2,-0.010620683776298021,0.009319467171924022,0.017210542210610913,0.004030825341985129,0.013179716868625783,0,True,,-0.004030825341985129,-0.017210542210610913,,-1.0,-1.0
ridge_all,all,rolling_volatility_20,3,-0.0041748413674660215,0.0040352640879912985,0.008717162092623737,0.0010043211869142574,0.00771284090570948,0,True,-0.0028030408228600693,-0.0010043211869142574,-0.008717162092623737,-1.0,-1.0,-1.0
ridge_all,all,rolling_volatility_60,2,0.009303026519446918,0.005976864728899967,0.01352930809948678,0.005076744939407055,0.008452563160079725,0,True,,0.005076744939407055,0.01352930809948678,,1.0,1.0
ridge_all,all,q_gross_margin,3,-0.00039098098403060936,0.00036215454564849275,0.000614402481437291,2.6863788927278056e-05,0.0006122680485090931,1,False,-0.000614402481437291,-0.0005854042595818151,2.6863788927278056e-05,-1.0,-1.0,1.0
ridge_all,all,q_operating_margin,3,-0.00039098098403066807,0.0003621545456486403,0.0006144024814373582,2.6863788927393506e-05,0.000612268048509433,1,False,-0.0006144024814373582,-0.0005854042595820395,2.6863788927393506e-05,-1.0,-1.0,1.0
ridge_all,all,q_net_margin,3,0.0003909809840307252,0.0003621545456485766,0.0006144024814373582,2.6863788927263707e-05,0.000612268048509345,1,False,0.0006144024814373582,0.0005854042595820813,-2.6863788927263707e-05,1.0,1.0,-1.0
ridge_all,all,q_rd_to_revenue,3,0.00039098098403072884,0.0003621545456484969,0.0006144024814373839,2.6863788927164753e-05,0.000612268048509132,1,False,0.0006144024814373839,0.0005854042595819672,-2.6863788927164753e-05,1.0,1.0,-1.0
ridge_all,all,q_sga_to_revenue,3,0.00039098098403071106,0.0003621545456484883,0.0006144024814373154,2.6863788927174728e-05,0.0006122680485091673,1,False,0.0006144024814373154,0.0005854042595819926,-2.6863788927174728e-05,1.0,1.0,-1.0
ridge_all,all,q_ocf_margin,0,,,,,,0,,,,,,,
ridge_all,all,q_fcf_margin,0,,,,,,0,,,,,,,
ridge_all,all,q_revenue_growth_yoy,3,-0.00039098098403076223,0.00036215454564846787,0.0006144024814373582,2.6863788927099827e-05,0.0006122680485091282,1,False,-0.0006144024814373582,-0.0005854042595820284,2.6863788927099827e-05,-1.0,-1.0,1.0
ridge_all,all,q_gross_profit_growth_yoy,3,-0.00039098098403060155,0.0003621545456484936,0.0006144024814373376,2.6863788927284348e-05,0.0006122680485090358,1,False,-0.0006144024814373376,-0.0005854042595817515,2.6863788927284348e-05,-1.0,-1.0,1.0
ridge_all,all,q_operating_income_growth_yoy,3,-0.00039098098403064297,0.0003621545456484388,0.00061440248143736,2.686378892717897e-05,0.0006122680485089268,1,False,-0.00061440248143736,-0.0005854042595817479,2.686378892717897e-05,-1.0,-1.0,1.0
ridge_all,all,q_net_income_growth_yoy,3,-0.0003909809840306982,0.00036215454564859174,0.0006144024814373299,2.68637889273087e-05,0.000612268048509382,1,False,-0.0006144024814373299,-0.0005854042595820733,2.68637889273087e-05,-1.0,-1.0,1.0
ridge_all,all,q_rd_growth_yoy,3,0.0003909809840306655,0.00036215454564844695,0.0006144024814373304,2.686378892716851e-05,0.0006122680485090031,1,False,0.0006144024814373304,0.0005854042595818346,-2.686378892716851e-05,1.0,1.0,-1.0
ridge_all,all,q_operating_cash_flow_growth_yoy,0,,,,,,0,,,,,,,
ridge_all,all,fy_gross_margin,2,0.0004030189363502046,0.00030548202041114113,0.0006190273445134899,0.00018701052818691943,0.00043201681632657043,0,True,,0.0006190273445134899,0.00018701052818691943,,1.0,1.0
ridge_all,all,fy_operating_margin,2,0.00040301893634994636,0.0003054820204112324,0.0006190273445132961,0.00018701052818659655,0.00043201681632669956,0,True,,0.0006190273445132961,0.00018701052818659655,,1.0,1.0
ridge_all,all,fy_net_margin,2,0.00040301893635018055,0.0003054820204114034,0.0006190273445136512,0.00018701052818670988,0.0004320168163269413,0,True,,0.0006190273445136512,0.00018701052818670988,,1.0,1.0
ridge_all,all,fy_rd_to_revenue,2,0.0004030189363499429,0.00030548202041125617,0.0006190273445133094,0.00018701052818657636,0.0004320168163267331,0,True,,0.0006190273445133094,0.00018701052818657636,,1.0,1.0
ridge_all,all,fy_sga_to_revenue,2,0.0004030189363501022,0.0003054820204111118,0.0006190273445133667,0.0001870105281868377,0.00043201681632652896,0,True,,0.0006190273445133667,0.0001870105281868377,,1.0,1.0
ridge_all,all,fy_ocf_margin,2,0.000403018936350274,0.00030548202041136074,0.0006190273445137145,0.00018701052818683348,0.000432016816326881,0,True,,0.0006190273445137145,0.00018701052818683348,,1.0,1.0
ridge_all,all,fy_fcf_margin,0,,,,,,0,,,,,,,
ridge_all,all,fy_revenue_growth_yoy,2,0.00040301893635009213,0.00030548202041135624,0.0006190273445135294,0.0001870105281866548,0.0004320168163268746,0,True,,0.0006190273445135294,0.0001870105281866548,,1.0,1.0
ridge_all,all,fy_gross_profit_growth_yoy,2,0.00040301893635008893,0.00030548202041102144,0.0006190273445132895,0.0001870105281868883,0.0004320168163264012,0,True,,0.0006190273445132895,0.0001870105281868883,,1.0,1.0
ridge_all,all,fy_operating_income_growth_yoy,2,0.00040301893635007446,0.00030548202041143853,0.00061902734451357,0.00018701052818657896,0.00043201681632699105,0,True,,0.00061902734451357,0.00018701052818657896,,1.0,1.0
ridge_all,all,fy_net_income_growth_yoy,2,0.0004030189363501828,0.00030548202041113674,0.0006190273445134649,0.0001870105281869007,0.0004320168163265642,0,True,,0.0006190273445134649,0.0001870105281869007,,1.0,1.0
ridge_all,all,fy_rd_growth_yoy,2,0.0004030189363501745,0.0003054820204114322,0.0006190273445136655,0.00018701052818668342,0.00043201681632698205,0,True,,0.0006190273445136655,0.00018701052818668342,,1.0,1.0
ridge_all,all,fy_operating_cash_flow_growth_yoy,2,0.00040301893635018293,0.00030548202041154196,0.0006190273445137516,0.00018701052818661425,0.0004320168163271373,0,True,,0.0006190273445137516,0.00018701052818661425,,1.0,1.0
ridge_all,all,current_ratio,3,-3.4636704602547916e-05,0.0005037516451915579,0.0006144024814373154,0.00021438724303579358,0.0009105076060311934,1,False,-0.0006144024814373154,0.00029610512459387803,0.00021438724303579358,-1.0,1.0,1.0
ridge_all,all,cash_to_assets,3,0.0004981864176968512,0.0003233660101122541,0.0007473827079446392,0.00013277406370858493,0.0006146086442360543,0,True,0.0006144024814373298,0.0007473827079446392,0.00013277406370858493,1.0,1.0,1.0
ridge_all,all,liabilities_to_assets,3,0.00048195730828780114,0.00034404750809901885,0.0007400993235289023,9.137011989712726e-05,0.000648729203631775,0,True,0.0006144024814373737,0.0007400993235289023,9.137011989712726e-05,1.0,1.0,1.0
ridge_all,all,debt_to_assets,3,0.0004760119138663835,0.000346919392983987,0.0007323763071509171,8.125695301091397e-05,0.0006511193541400032,0,True,0.0006144024814373194,0.0007323763071509171,8.125695301091397e-05,1.0,1.0,1.0
