fold,feature_spec,feature_name,used_in_stage10_fold,stage10_drop_reason,training_non_null_count,training_missing_count,training_coverage,validation_non_null_count,validation_missing_count,validation_coverage,training_mean_raw,training_std_raw,training_median_raw,training_min_raw,training_max_raw,validation_mean_raw,validation_std_raw,validation_median_raw,validation_min_raw,validation_max_raw,validation_below_training_min_count,validation_above_training_max_count,validation_outside_training_range_count,validation_outside_training_range_fraction,zscore_value_count,max_abs_validation_z,median_abs_validation_z,p95_abs_validation_z,count_abs_z_gt_3,count_abs_z_gt_5,fraction_abs_z_gt_3,fraction_abs_z_gt_5
cv_1,market,simple_return,True,used,95,1,0.9895833333333334,25,0,1.0,0.000300685961801135,0.022931350157869616,-0.0011109090129327,-0.0488653648242654,0.0787177006919541,-0.00394544843845142,0.025685444054200892,-0.0070407626696168,-0.0545612512893816,0.0558817934846622,1.0,0.0,1.0,0.04,25.0,2.450052983661503,0.7135276885487742,2.303234609565902,0.0,0.0,0.0,0.0
cv_1,market,log_return,True,used,95,1,0.9895833333333334,25,0,1.0,4.15190073100558e-05,0.02286834792034196,-0.0011115265297292,-0.0500996542429149,0.0757730215461156,-0.004272187781419612,0.02577348596375803,-0.0070656657992947,-0.0561061748851635,0.0543762410305363,1.0,0.0,1.0,0.04,25.0,2.4806763040878472,0.7208982104648526,2.2975186530749774,0.0,0.0,0.0,0.0
cv_1,market,intraday_return,True,used,96,0,1.0,25,0,1.0,-0.0031551391481495633,0.01940953324825573,-0.0034331215146040997,-0.0781321653331675,0.0493519786078151,-0.002392612206272733,0.02223615774779381,-0.0014204545454545,-0.0482833411052853,0.0444989676077212,0.0,0.0,0.0,0.0,25.0,2.468078992591735,0.7125644608526447,2.366685258138371,0.0,0.0,0.0,0.0
cv_1,market,daily_range,True,used,96,0,1.0,25,0,1.0,0.02965174908094993,0.01445560443698542,0.02567096643920575,0.0098535442023912,0.0894043066378013,0.02908446553361002,0.01093937055955438,0.0253496479449443,0.0127854197042355,0.0539238790352457,0.0,0.0,0.0,0.0,25.0,1.687895078463977,0.5714382938581405,1.2739221727906433,0.0,0.0,0.0,0.0
cv_1,market,sma_5,True,used,92,4,0.9583333333333334,25,0,1.0,185.9666312507961,5.769822800690447,185.30899963378903,174.8220001220703,204.0660003662109,180.31959899902344,5.176549110268577,181.37999877929687,170.81600036621094,190.9340026855469,5.0,0.0,5.0,0.2,25.0,2.6913996459524796,0.8174325240139656,2.5814177561804037,0.0,0.0,0.0,0.0
cv_1,market,sma_20,True,used,77,19,0.8020833333333334,25,0,1.0,186.08481264981356,3.737251607844224,185.5185005187988,179.66250076293946,193.3945014953613,183.53909942626956,2.8352847450650227,184.95449981689453,177.92049865722657,186.7485000610352,4.0,0.0,4.0,0.16,25.0,2.415990408741608,0.30550965777483646,2.289673699270828,0.0,0.0,0.0,0.0
cv_1,market,sma_60,False,low_training_coverage,37,59,0.3854166666666667,25,0,1.0,185.44511812227267,0.9952134268527583,186.04400100708008,183.7778340657552,186.45166753133137,184.7338801574707,0.6021913231628812,184.9241671244304,183.16616643269856,185.4561668395996,3.0,0.0,3.0,0.12,,,,,,,,
cv_1,market,rolling_volatility_20,True,used,76,20,0.7916666666666666,25,0,1.0,0.022433949685654053,0.004434778185824776,0.020491051623451398,0.0152240359127147,0.0303816790119555,0.024107356934033066,0.0031022432005333813,0.0229754808433268,0.0191637146393753,0.0299545755346953,0.0,0.0,0.0,0.0,25.0,1.9821152092883336,0.2579252229355382,1.8271064970674866,0.0,0.0,0.0,0.0
cv_1,market,rolling_volatility_60,False,low_training_coverage,36,60,0.375,25,0,1.0,0.022090537449202675,0.0009433943473313795,0.021824310651020702,0.0207650789714595,0.0237167424436802,0.022215692718676405,0.000580642416213659,0.0222769142163793,0.0213390567339044,0.0234955340477588,0.0,0.0,0.0,0.0,,,,,,,,
cv_1,all,simple_return,True,used,95,1,0.9895833333333334,25,0,1.0,0.000300685961801135,0.022931350157869616,-0.0011109090129327,-0.0488653648242654,0.0787177006919541,-0.00394544843845142,0.025685444054200892,-0.0070407626696168,-0.0545612512893816,0.0558817934846622,1.0,0.0,1.0,0.04,25.0,2.450052983661503,0.7135276885487742,2.303234609565902,0.0,0.0,0.0,0.0
cv_1,all,log_return,True,used,95,1,0.9895833333333334,25,0,1.0,4.15190073100558e-05,0.02286834792034196,-0.0011115265297292,-0.0500996542429149,0.0757730215461156,-0.004272187781419612,0.02577348596375803,-0.0070656657992947,-0.0561061748851635,0.0543762410305363,1.0,0.0,1.0,0.04,25.0,2.4806763040878472,0.7208982104648526,2.2975186530749774,0.0,0.0,0.0,0.0
cv_1,all,intraday_return,True,used,96,0,1.0,25,0,1.0,-0.0031551391481495633,0.01940953324825573,-0.0034331215146040997,-0.0781321653331675,0.0493519786078151,-0.002392612206272733,0.02223615774779381,-0.0014204545454545,-0.0482833411052853,0.0444989676077212,0.0,0.0,0.0,0.0,25.0,2.468078992591735,0.7125644608526447,2.366685258138371,0.0,0.0,0.0,0.0
cv_1,all,daily_range,True,used,96,0,1.0,25,0,1.0,0.02965174908094993,0.01445560443698542,0.02567096643920575,0.0098535442023912,0.0894043066378013,0.02908446553361002,0.01093937055955438,0.0253496479449443,0.0127854197042355,0.0539238790352457,0.0,0.0,0.0,0.0,25.0,1.687895078463977,0.5714382938581405,1.2739221727906433,0.0,0.0,0.0,0.0
cv_1,all,sma_5,True,used,92,4,0.9583333333333334,25,0,1.0,185.9666312507961,5.769822800690447,185.30899963378903,174.8220001220703,204.0660003662109,180.31959899902344,5.176549110268577,181.37999877929687,170.81600036621094,190.9340026855469,5.0,0.0,5.0,0.2,25.0,2.6913996459524796,0.8174325240139656,2.5814177561804037,0.0,0.0,0.0,0.0
cv_1,all,sma_20,True,used,77,19,0.8020833333333334,25,0,1.0,186.08481264981356,3.737251607844224,185.5185005187988,179.66250076293946,193.3945014953613,183.53909942626956,2.8352847450650227,184.95449981689453,177.92049865722657,186.7485000610352,4.0,0.0,4.0,0.16,25.0,2.415990408741608,0.30550965777483646,2.289673699270828,0.0,0.0,0.0,0.0
cv_1,all,sma_60,False,low_training_coverage,37,59,0.3854166666666667,25,0,1.0,185.44511812227267,0.9952134268527583,186.04400100708008,183.7778340657552,186.45166753133137,184.7338801574707,0.6021913231628812,184.9241671244304,183.16616643269856,185.4561668395996,3.0,0.0,3.0,0.12,,,,,,,,
cv_1,all,rolling_volatility_20,True,used,76,20,0.7916666666666666,25,0,1.0,0.022433949685654053,0.004434778185824776,0.020491051623451398,0.0152240359127147,0.0303816790119555,0.024107356934033066,0.0031022432005333813,0.0229754808433268,0.0191637146393753,0.0299545755346953,0.0,0.0,0.0,0.0,25.0,1.9821152092883336,0.2579252229355382,1.8271064970674866,0.0,0.0,0.0,0.0
cv_1,all,rolling_volatility_60,False,low_training_coverage,36,60,0.375,25,0,1.0,0.022090537449202675,0.0009433943473313795,0.021824310651020702,0.0207650789714595,0.0237167424436802,0.022215692718676405,0.000580642416213659,0.0222769142163793,0.0213390567339044,0.0234955340477588,0.0,0.0,0.0,0.0,,,,,,,,
cv_1,all,q_gross_margin,True,used,96,0,1.0,25,0,1.0,0.730411110993121,0.004807718785459366,0.7341157071185489,0.724236784117408,0.7341157071185489,0.7341157071185489,0.0,0.7341157071185489,0.7341157071185489,0.7341157071185489,0.0,0.0,0.0,0.0,25.0,0.7745966692415066,0.7745966692415066,0.7745966692415066,0.0,0.0,0.0,0.0
cv_1,all,q_operating_margin,True,used,96,0,1.0,25,0,1.0,0.6229674384299038,0.011317155620553321,0.6316878925025436,0.6084333483088377,0.6316878925025436,0.6316878925025436,0.0,0.6316878925025436,0.6316878925025436,0.6316878925025436,0.0,0.0,0.0,0.0,25.0,0.7745966692414957,0.7745966692414957,0.7745966692414957,0.0,0.0,0.0,0.0
cv_1,all,q_net_margin,True,used,96,0,1.0,25,0,1.0,0.5618264399211337,0.00267444881598601,0.5597656387046978,0.5597656387046978,0.5652611086151937,0.5597656387046979,0.0,0.5597656387046978,0.5597656387046978,0.5597656387046978,0.0,0.0,0.0,0.0,25.0,0.7745966692414573,0.7745966692414573,0.7745966692414573,0.0,0.0,0.0,0.0
cv_1,all,q_rd_to_revenue,True,used,96,0,1.0,25,0,1.0,0.08600942296801478,0.0045087837773816865,0.0825351717363084,0.0825351717363084,0.0917998416875254,0.0825351717363084,0.0,0.0825351717363084,0.0825351717363084,0.0825351717363084,0.0,0.0,0.0,0.0,25.0,0.7745966692414855,0.7745966692414855,0.7745966692414855,0.0,0.0,0.0,0.0
cv_1,all,q_sga_to_revenue,True,used,96,0,1.0,25,0,1.0,0.021434249595202303,0.0020006530577122345,0.0198926428796968,0.0198926428796968,0.0240035941210448,0.019892642879696797,0.0,0.0198926428796968,0.0198926428796968,0.0198926428796968,0.0,0.0,0.0,0.0,25.0,0.774596669241485,0.774596669241485,0.774596669241485,0.0,0.0,0.0,0.0
cv_1,all,q_ocf_margin,False,low_training_coverage,0,96,0.0,0,25,0.0,,,,,,,,,,,,,,,,,,,,,,
cv_1,all,q_fcf_margin,False,low_training_coverage,0,96,0.0,0,25,0.0,,,,,,,,,,,,,,,,,,,,,,
cv_1,all,q_revenue_growth_yoy,True,used,96,0,1.0,25,0,1.0,0.5990944026914002,0.033536309329093884,0.6249358645459211,0.5560252996005326,0.6249358645459211,0.6249358645459211,0.0,0.6249358645459211,0.6249358645459211,0.6249358645459211,0.0,0.0,0.0,0.0,25.0,0.7745966692414885,0.7745966692414885,0.7745966692414885,0.0,0.0,0.0,0.0
cv_1,all,q_gross_profit_growth_yoy,True,used,96,0,1.0,25,0,1.0,0.5623527666930789,0.04882773155916821,0.5999770607126471,0.4996456099937982,0.5999770607126471,0.5999770607126471,0.0,0.5999770607126471,0.5999770607126471,0.5999770607126471,0.0,0.0,0.0,0.0,25.0,0.7745966692414814,0.7745966692414814,0.7745966692414814,0.0,0.0,0.0,0.0
cv_1,all,q_operating_income_growth_yoy,True,used,96,0,1.0,25,0,1.0,0.6012346898463469,0.05890374512700301,0.6466230737573735,0.5255873833279692,0.6466230737573735,0.6466230737573736,0.0,0.6466230737573735,0.6466230737573735,0.6466230737573735,0.0,0.0,0.0,0.0,25.0,0.7745966692414834,0.7745966692414834,0.7745966692414834,0.0,0.0,0.0,0.0
cv_1,all,q_net_income_growth_yoy,True,used,96,0,1.0,25,0,1.0,0.6297917605970168,0.02959629102426411,0.6525972344502564,0.5917826375082835,0.6525972344502564,0.6525972344502564,0.0,0.6525972344502564,0.6525972344502564,0.6525972344502564,0.0,0.0,0.0,0.0,25.0,0.7745966692414756,0.7745966692414756,0.7745966692414756,0.0,0.0,0.0,0.0
cv_1,all,q_rd_growth_yoy,True,used,96,0,1.0,25,0,1.0,0.38819343013431845,0.00037353158229265525,0.387905604719764,0.387905604719764,0.388673139158576,0.387905604719764,0.0,0.387905604719764,0.387905604719764,0.387905604719764,0.0,0.0,0.0,0.0,25.0,0.7745966692413899,0.7745966692413899,0.7745966692413899,0.0,0.0,0.0,0.0
cv_1,all,q_operating_cash_flow_growth_yoy,False,low_training_coverage,0,96,0.0,0,25,0.0,,,,,,,,,,,,,,,,,,,,,,
cv_1,all,fy_gross_margin,False,zero_training_variance,96,0,1.0,25,0,1.0,0.7498869705816992,0.0,0.7498869705816992,0.7498869705816992,0.7498869705816992,0.7106808435754708,0.0,0.7106808435754708,0.7106808435754708,0.7106808435754708,25.0,0.0,25.0,1.0,,,,,,,,
cv_1,all,fy_operating_margin,False,zero_training_variance,96,0,1.0,25,0,1.0,0.6241752683969748,0.0,0.6241752683969747,0.6241752683969747,0.6241752683969747,0.6038168363141272,0.0,0.6038168363141272,0.6038168363141272,0.6038168363141272,25.0,0.0,25.0,1.0,,,,,,,,
cv_1,all,fy_net_margin,False,zero_training_variance,96,0,1.0,25,0,1.0,0.5584802715771245,0.0,0.5584802715771244,0.5584802715771244,0.5584802715771244,0.5560253406070261,0.0,0.5560253406070261,0.5560253406070261,0.5560253406070261,25.0,0.0,25.0,1.0,,,,,,,,
cv_1,all,fy_rd_to_revenue,False,zero_training_variance,96,0,1.0,25,0,1.0,0.0989601293516326,0.0,0.0989601293516326,0.0989601293516326,0.0989601293516326,0.0856588465207605,0.0,0.0856588465207605,0.0856588465207605,0.0856588465207605,25.0,0.0,25.0,1.0,,,,,,,,
cv_1,all,fy_sga_to_revenue,False,zero_training_variance,96,0,1.0,25,0,1.0,0.026751572833091892,0.0,0.0267515728330919,0.0267515728330919,0.0267515728330919,0.0212051607405829,0.0,0.0212051607405829,0.0212051607405829,0.0212051607405829,25.0,0.0,25.0,1.0,,,,,,,,
cv_1,all,fy_ocf_margin,False,zero_training_variance,96,0,1.0,25,0,1.0,0.49111473826984514,0.0,0.4911147382698453,0.4911147382698453,0.4911147382698453,0.4756828348877918,0.0,0.4756828348877918,0.4756828348877918,0.4756828348877918,25.0,0.0,25.0,1.0,,,,,,,,
cv_1,all,fy_fcf_margin,False,low_training_coverage,0,96,0.0,0,25,0.0,,,,,,,,,,,,,,,,,,,,,,
cv_1,all,fy_revenue_growth_yoy,False,zero_training_variance,96,0,1.0,25,0,1.0,1.1420340763599357,0.0,1.1420340763599357,1.1420340763599357,1.1420340763599357,0.6547353579009478,0.0,0.6547353579009478,0.6547353579009478,0.6547353579009478,25.0,0.0,25.0,1.0,,,,,,,,
cv_1,all,fy_gross_profit_growth_yoy,False,zero_training_variance,96,0,1.0,25,0,1.0,1.2089343355680457,0.0,1.208934335568046,1.208934335568046,1.208934335568046,0.5682213002513847,0.0,0.5682213002513847,0.5682213002513847,0.5682213002513847,25.0,0.0,25.0,1.0,,,,,,,,
cv_1,all,fy_operating_income_growth_yoy,False,zero_training_variance,96,0,1.0,25,0,1.0,1.4703687977678028,0.0,1.470368797767803,1.470368797767803,1.470368797767803,0.6007636305599549,0.0,0.6007636305599549,0.6007636305599549,0.6007636305599549,25.0,0.0,25.0,1.0,,,,,,,,
cv_1,all,fy_net_income_growth_yoy,False,zero_training_variance,96,0,1.0,25,0,1.0,1.4489247311827957,0.0,1.4489247311827955,1.4489247311827955,1.4489247311827955,0.6474615806805708,0.0,0.6474615806805708,0.6474615806805708,0.6474615806805708,25.0,0.0,25.0,1.0,,,,,,,,
cv_1,all,fy_rd_growth_yoy,False,zero_training_variance,96,0,1.0,25,0,1.0,0.4886455331412103,0.0,0.4886455331412103,0.4886455331412103,0.4886455331412103,0.4323215115378658,0.0,0.4323215115378658,0.4323215115378658,0.4323215115378658,25.0,0.0,25.0,1.0,,,,,,,,
cv_1,all,fy_operating_cash_flow_growth_yoy,False,zero_training_variance,96,0,1.0,25,0,1.0,1.2815592737629051,0.0,1.281559273762905,1.281559273762905,1.281559273762905,0.6027399397712556,0.0,0.6027399397712556,0.6027399397712556,0.6027399397712556,25.0,0.0,25.0,1.0,,,,,,,,
cv_1,all,current_ratio,True,used,96,0,1.0,25,0,1.0,4.372483971474996,0.12340551217870109,4.467574304889741,4.2140000824504265,4.467574304889741,3.9052638124553054,0.0,3.905263812455306,3.905263812455306,3.905263812455306,25.0,0.0,25.0,1.0,25.0,3.8059302768520715,3.8059302768520715,3.8059302768520715,25.0,0.0,1.0,0.0
cv_1,all,cash_to_assets,True,used,96,0,1.0,25,0,1.0,0.07555953119728878,0.005558922122826696,0.0712760940253679,0.0712760940253679,0.0826985931504902,0.0512806874174939,0.0,0.0512806874174939,0.0512806874174939,0.0512806874174939,25.0,0.0,25.0,1.0,25.0,4.390472130219181,4.390472130219181,4.390472130219181,25.0,0.0,1.0,0.0
cv_1,all,liabilities_to_assets,True,used,96,0,1.0,25,0,1.0,0.2720694027634654,0.0128243800118468,0.2621875542979124,0.2621875542979124,0.2885391502060537,0.23940658501085568,0.0,0.2394065850108557,0.2394065850108557,0.2394065850108557,25.0,0.0,25.0,1.0,25.0,2.5603013370836254,2.5603013370836254,2.5603013370836254,0.0,0.0,0.0,0.0
cv_1,all,debt_to_assets,True,used,96,0,1.0,25,0,1.0,0.05152161081916654,0.006721311321644829,0.0463424926154839,0.0463424926154839,0.060153474491971,0.0361164973428818,0.0,0.0361164973428818,0.0361164973428818,0.0361164973428818,25.0,0.0,25.0,1.0,25.0,2.3040118257066147,2.3040118257066147,2.3040118257066147,0.0,0.0,0.0,0.0
cv_2,market,simple_return,True,used,120,1,0.9917355371900827,25,0,1.0,-0.0001379777263800382,0.022548710102068718,-0.0006991550194092001,-0.0545612512893816,0.0787177006919541,0.0076766270451731735,0.022578779165921305,0.003604901967763,-0.0462604190001493,0.0576590423972249,0.0,0.0,0.0,0.0,25.0,2.584857917563437,0.5925529835783127,2.0377904370219353,0.0,0.0,0.0,0.0
cv_2,market,log_return,True,used,120,1,0.9917355371900827,25,0,1.0,-0.00038995658563509256,0.022540048098285862,-0.00069943701438725,-0.0561061748851635,0.0757730215461156,0.00740649871182232,0.022396024334254083,0.0035984198821823,-0.0473646206896926,0.0560580153320141,0.0,0.0,0.0,0.0,25.0,2.5254108708152208,0.6001514367750619,2.0632617579020303,0.0,0.0,0.0,0.0
cv_2,market,intraday_return,True,used,121,0,1.0,25,0,1.0,-0.0025361428019097403,0.01936036146223222,-0.0022345693713182,-0.0781321653331675,0.0493519786078151,0.007287886237953284,0.021026838682286563,0.010401049482412,-0.0493497152051188,0.0415582980574955,0.0,0.0,0.0,0.0,25.0,2.428065424460558,0.7219749594282929,2.2679830473445644,0.0,0.0,0.0,0.0
cv_2,market,daily_range,True,used,121,0,1.0,25,0,1.0,0.02927140302976908,0.013746086493625475,0.0253485107139185,0.0098535442023912,0.0894043066378013,0.028952216174922524,0.011863011813525016,0.0272407260830343,0.0114275995624393,0.0581249971328127,0.0,0.0,0.0,0.0,25.0,2.1077684909240832,0.5728701742849255,1.6759415676515228,0.0,0.0,0.0,0.0
cv_2,market,sma_5,True,used,117,4,0.9669421487603306,25,0,1.0,185.44964148366554,5.543595589023148,184.75799865722647,174.8220001220703,204.0660003662109,194.75192016601565,11.846186469886813,200.1660003662109,172.0459991455078,209.38800048828125,2.0,5.0,7.0,0.28,25.0,4.413350919253349,2.7147764214098684,4.3615577088784026,8.0,0.0,0.32,0.0
cv_2,market,sma_20,True,used,102,19,0.8429752066115702,25,0,1.0,185.8361134099026,3.3675473192006242,185.5342502593994,179.66250076293946,193.3945014953613,186.46443966674804,8.772870191205426,184.11849975585932,177.1459991455078,201.85299987792968,9.0,7.0,16.0,0.64,25.0,5.217989695684774,2.6523814011348428,4.686260621131021,6.0,1.0,0.24,0.04
cv_2,market,sma_60,True,used,62,59,0.512396694214876,25,0,1.0,185.21364050834407,0.8450743537306715,185.04400037129722,183.7778340657552,186.45166753133137,184.67970638020833,1.8742185654135313,184.2843330383301,182.6316665649414,188.211166381836,10.0,6.0,16.0,0.64,25.0,5.083044906748425,3.269213110648205,4.3861110411498165,13.0,1.0,0.52,0.04
cv_2,market,rolling_volatility_20,True,used,101,20,0.8347107438016529,25,0,1.0,0.023011322268849835,0.004191500062568068,0.0229866330390899,0.0152240359127147,0.0303816790119555,0.02180215995927605,0.001586200082704006,0.0218520741086747,0.0179626686694096,0.0250722985184391,0.0,0.0,0.0,0.0,25.0,1.3238730419332587,0.3158082727461658,0.938258841123339,0.0,0.0,0.0,0.0
cv_2,market,rolling_volatility_60,True,used,61,60,0.5041322314049587,25,0,1.0,0.021957695645988116,0.0008901232409954512,0.0218968031999569,0.0202611988872955,0.0237167424436802,0.02357654221084782,0.0005747516148771454,0.0235265666719851,0.0219973590510888,0.0246342594903129,0.0,10.0,10.0,0.4,25.0,4.313250905550169,2.5481295814143254,3.807865854619699,8.0,0.0,0.32,0.0
cv_2,all,simple_return,True,used,120,1,0.9917355371900827,25,0,1.0,-0.0001379777263800382,0.022548710102068718,-0.0006991550194092001,-0.0545612512893816,0.0787177006919541,0.0076766270451731735,0.022578779165921305,0.003604901967763,-0.0462604190001493,0.0576590423972249,0.0,0.0,0.0,0.0,25.0,2.584857917563437,0.5925529835783127,2.0377904370219353,0.0,0.0,0.0,0.0
cv_2,all,log_return,True,used,120,1,0.9917355371900827,25,0,1.0,-0.00038995658563509256,0.022540048098285862,-0.00069943701438725,-0.0561061748851635,0.0757730215461156,0.00740649871182232,0.022396024334254083,0.0035984198821823,-0.0473646206896926,0.0560580153320141,0.0,0.0,0.0,0.0,25.0,2.5254108708152208,0.6001514367750619,2.0632617579020303,0.0,0.0,0.0,0.0
cv_2,all,intraday_return,True,used,121,0,1.0,25,0,1.0,-0.0025361428019097403,0.01936036146223222,-0.0022345693713182,-0.0781321653331675,0.0493519786078151,0.007287886237953284,0.021026838682286563,0.010401049482412,-0.0493497152051188,0.0415582980574955,0.0,0.0,0.0,0.0,25.0,2.428065424460558,0.7219749594282929,2.2679830473445644,0.0,0.0,0.0,0.0
cv_2,all,daily_range,True,used,121,0,1.0,25,0,1.0,0.02927140302976908,0.013746086493625475,0.0253485107139185,0.0098535442023912,0.0894043066378013,0.028952216174922524,0.011863011813525016,0.0272407260830343,0.0114275995624393,0.0581249971328127,0.0,0.0,0.0,0.0,25.0,2.1077684909240832,0.5728701742849255,1.6759415676515228,0.0,0.0,0.0,0.0
cv_2,all,sma_5,True,used,117,4,0.9669421487603306,25,0,1.0,185.44964148366554,5.543595589023148,184.75799865722647,174.8220001220703,204.0660003662109,194.75192016601565,11.846186469886813,200.1660003662109,172.0459991455078,209.38800048828125,2.0,5.0,7.0,0.28,25.0,4.413350919253349,2.7147764214098684,4.3615577088784026,8.0,0.0,0.32,0.0
cv_2,all,sma_20,True,used,102,19,0.8429752066115702,25,0,1.0,185.8361134099026,3.3675473192006242,185.5342502593994,179.66250076293946,193.3945014953613,186.46443966674804,8.772870191205426,184.11849975585932,177.1459991455078,201.85299987792968,9.0,7.0,16.0,0.64,25.0,5.217989695684774,2.6523814011348428,4.686260621131021,6.0,1.0,0.24,0.04
cv_2,all,sma_60,True,used,62,59,0.512396694214876,25,0,1.0,185.21364050834407,0.8450743537306715,185.04400037129722,183.7778340657552,186.45166753133137,184.67970638020833,1.8742185654135313,184.2843330383301,182.6316665649414,188.211166381836,10.0,6.0,16.0,0.64,25.0,5.083044906748425,3.269213110648205,4.3861110411498165,13.0,1.0,0.52,0.04
cv_2,all,rolling_volatility_20,True,used,101,20,0.8347107438016529,25,0,1.0,0.023011322268849835,0.004191500062568068,0.0229866330390899,0.0152240359127147,0.0303816790119555,0.02180215995927605,0.001586200082704006,0.0218520741086747,0.0179626686694096,0.0250722985184391,0.0,0.0,0.0,0.0,25.0,1.3238730419332587,0.3158082727461658,0.938258841123339,0.0,0.0,0.0,0.0
cv_2,all,rolling_volatility_60,True,used,61,60,0.5041322314049587,25,0,1.0,0.021957695645988116,0.0008901232409954512,0.0218968031999569,0.0202611988872955,0.0237167424436802,0.02357654221084782,0.0005747516148771454,0.0235265666719851,0.0219973590510888,0.0246342594903129,0.0,10.0,10.0,0.4,25.0,4.313250905550169,2.5481295814143254,3.807865854619699,8.0,0.0,0.32,0.0
cv_2,all,q_gross_margin,True,used,121,0,1.0,25,0,1.0,0.7311765234157303,0.004535101437987332,0.7341157071185489,0.724236784117408,0.7341157071185489,0.7341157071185489,0.0,0.7341157071185489,0.7341157071185489,0.7341157071185489,0.0,0.0,0.0,0.0,25.0,0.650791373455939,0.650791373455939,0.650791373455939,0.0,0.0,0.0,0.0
cv_2,all,q_operating_margin,True,used,121,0,1.0,25,0,1.0,0.6247691851391269,0.010675426541986036,0.6316878925025436,0.6084333483088377,0.6316878925025436,0.6316878925025436,0.0,0.6316878925025436,0.6316878925025436,0.6316878925025436,0.0,0.0,0.0,0.0,25.0,0.6507913734559734,0.6507913734559734,0.6507913734559734,0.0,0.0,0.0,0.0
cv_2,all,q_net_margin,True,used,121,0,1.0,25,0,1.0,0.5614006545458371,0.0025227966136215645,0.5597656387046978,0.5597656387046978,0.5652611086151937,0.5597656387046979,0.0,0.5597656387046978,0.5597656387046978,0.5597656387046978,0.0,0.0,0.0,0.0,25.0,0.6507913734559847,0.6507913734559847,0.6507913734559847,0.0,0.0,0.0,0.0
cv_2,all,q_rd_to_revenue,True,used,121,0,1.0,25,0,1.0,0.0852916024655961,0.0042531172693004975,0.0825351717363084,0.0825351717363084,0.0917998416875254,0.0825351717363084,0.0,0.0825351717363084,0.0825351717363084,0.0825351717363084,0.0,0.0,0.0,0.0,25.0,0.650791373455968,0.650791373455968,0.650791373455968,0.0,0.0,0.0,0.0
cv_2,all,q_sga_to_revenue,True,used,121,0,1.0,25,0,1.0,0.02111573581100694,0.0018872078346981742,0.0198926428796968,0.0198926428796968,0.0240035941210448,0.019892642879696797,0.0,0.0198926428796968,0.0198926428796968,0.0198926428796968,0.0,0.0,0.0,0.0,25.0,0.6507913734559633,0.6507913734559633,0.6507913734559633,0.0,0.0,0.0,0.0
cv_2,all,q_ocf_margin,False,low_training_coverage,0,121,0.0,0,25,0.0,,,,,,,,,,,,,,,,,,,,,,
cv_2,all,q_fcf_margin,False,low_training_coverage,0,121,0.0,0,25,0.0,,,,,,,,,,,,,,,,,,,,,,
cv_2,all,q_revenue_growth_yoy,True,used,121,0,1.0,25,0,1.0,0.604433547702665,0.031634663225966905,0.6249358645459211,0.5560252996005326,0.6249358645459211,0.6249358645459211,0.0,0.6249358645459211,0.6249358645459211,0.6249358645459211,0.0,0.0,0.0,0.0,25.0,0.6507913734559688,0.6507913734559688,0.6507913734559688,0.0,0.0,0.0,0.0
cv_2,all,q_gross_profit_growth_yoy,True,used,121,0,1.0,25,0,1.0,0.5701263811599319,0.046058999182183924,0.5999770607126471,0.4996456099937982,0.5999770607126471,0.5999770607126471,0.0,0.5999770607126471,0.5999770607126471,0.5999770607126471,0.0,0.0,0.0,0.0,25.0,0.6507913734559656,0.6507913734559656,0.6507913734559656,0.0,0.0,0.0,0.0
cv_2,all,q_operating_income_growth_yoy,True,used,121,0,1.0,25,0,1.0,0.6106124551172201,0.05556366150953784,0.6466230737573735,0.5255873833279692,0.6466230737573735,0.6466230737573736,0.0,0.6466230737573735,0.6466230737573735,0.6466230737573735,0.0,0.0,0.0,0.0,25.0,0.6507913734559699,0.6507913734559699,0.6507913734559699,0.0,0.0,0.0,0.0
cv_2,all,q_net_income_growth_yoy,True,used,121,0,1.0,25,0,1.0,0.6345036353600827,0.027918060097270655,0.6525972344502564,0.5917826375082835,0.6525972344502564,0.6525972344502564,0.0,0.6525972344502564,0.6525972344502564,0.6525972344502564,0.0,0.0,0.0,0.0,25.0,0.6507913734559674,0.6507913734559674,0.6507913734559674,0.0,0.0,0.0,0.0
cv_2,all,q_rd_growth_yoy,True,used,121,0,1.0,25,0,1.0,0.38813396207346007,0.00035235081159748954,0.387905604719764,0.387905604719764,0.388673139158576,0.387905604719764,0.0,0.387905604719764,0.387905604719764,0.387905604719764,0.0,0.0,0.0,0.0,25.0,0.6507913734558324,0.6507913734558324,0.6507913734558324,0.0,0.0,0.0,0.0
cv_2,all,q_operating_cash_flow_growth_yoy,False,low_training_coverage,0,121,0.0,0,25,0.0,,,,,,,,,,,,,,,,,,,,,,
cv_2,all,fy_gross_margin,True,used,121,0,1.0,25,0,1.0,0.7434066190104217,0.014623331289871427,0.7498869705816992,0.7106808435754708,0.7498869705816992,0.7106808435754708,0.0,0.7106808435754708,0.7106808435754708,0.7106808435754708,0.0,0.0,0.0,0.0,25.0,2.24722050542442,2.24722050542442,2.24722050542442,0.0,0.0,0.0,0.0
cv_2,all,fy_operating_margin,True,used,121,0,1.0,25,0,1.0,0.6208102383006363,0.007593407449874642,0.6241752683969747,0.6038168363141272,0.6241752683969747,0.6038168363141272,0.0,0.6038168363141272,0.6038168363141272,0.6038168363141272,0.0,0.0,0.0,0.0,25.0,2.2472205054244303,2.2472205054244303,2.2472205054244303,0.0,0.0,0.0,0.0
cv_2,all,fy_net_margin,True,used,121,0,1.0,25,0,1.0,0.5580744978630586,0.0009156545573555341,0.5584802715771244,0.5560253406070261,0.5584802715771244,0.5560253406070261,0.0,0.5560253406070261,0.5560253406070261,0.5560253406070261,0.0,0.0,0.0,0.0,25.0,2.2472205054244565,2.2472205054244565,2.2472205054244565,0.0,0.0,0.0,0.0
cv_2,all,fy_rd_to_revenue,True,used,121,0,1.0,25,0,1.0,0.09676157020603392,0.004961190514564762,0.0989601293516326,0.0856588465207605,0.0989601293516326,0.0856588465207605,0.0,0.0856588465207605,0.0856588465207605,0.0856588465207605,0.0,0.0,0.0,0.0,25.0,2.247220505424425,2.247220505424425,2.247220505424425,0.0,0.0,0.0,0.0
cv_2,all,fy_sga_to_revenue,True,used,121,0,1.0,25,0,1.0,0.02583481050375156,0.0020687333254320994,0.0267515728330919,0.0212051607405829,0.0267515728330919,0.0212051607405829,0.0,0.0212051607405829,0.0212051607405829,0.0212051607405829,0.0,0.0,0.0,0.0,25.0,2.2472205054244196,2.2472205054244196,2.2472205054244196,0.0,0.0,0.0,0.0
cv_2,all,fy_ocf_margin,True,used,121,0,1.0,25,0,1.0,0.48856401043810077,0.0057558818690049696,0.4911147382698453,0.4756828348877918,0.4911147382698453,0.4756828348877918,0.0,0.4756828348877918,0.4756828348877918,0.4756828348877918,0.0,0.0,0.0,0.0,25.0,2.247220505424396,2.247220505424396,2.247220505424396,0.0,0.0,0.0,0.0
cv_2,all,fy_fcf_margin,False,low_training_coverage,0,121,0.0,0,25,0.0,,,,,,,,,,,,,,,,,,,,,,
cv_2,all,fy_revenue_growth_yoy,True,used,121,0,1.0,25,0,1.0,1.0614888336394421,0.18175553520049356,1.1420340763599357,0.6547353579009478,1.1420340763599357,0.6547353579009478,0.0,0.6547353579009478,0.6547353579009478,0.6547353579009478,0.0,0.0,0.0,0.0,25.0,2.247220505424425,2.247220505424425,2.247220505424425,0.0,0.0,0.0,0.0
cv_2,all,fy_gross_profit_growth_yoy,True,used,121,0,1.0,25,0,1.0,1.1030313545239696,0.23897690724937432,1.208934335568046,0.5682213002513847,1.208934335568046,0.5682213002513847,0.0,0.5682213002513847,0.5682213002513847,0.5682213002513847,0.0,0.0,0.0,0.0,25.0,2.2472205054244228,2.2472205054244228,2.2472205054244228,0.0,0.0,0.0,0.0
cv_2,all,fy_operating_income_growth_yoy,True,used,121,0,1.0,25,0,1.0,1.3266324064937782,0.32435043761002513,1.470368797767803,0.6007636305599549,1.470368797767803,0.6007636305599549,0.0,0.6007636305599549,0.6007636305599549,0.6007636305599549,0.0,0.0,0.0,0.0,25.0,2.2472205054244223,2.2472205054244223,2.2472205054244223,0.0,0.0,0.0,0.0
cv_2,all,fy_net_income_growth_yoy,True,used,121,0,1.0,25,0,1.0,1.3164514831658989,0.2989344284008527,1.4489247311827955,0.6474615806805708,1.4489247311827955,0.6474615806805708,0.0,0.6474615806805708,0.6474615806805708,0.6474615806805708,0.0,0.0,0.0,0.0,25.0,2.2472205054244228,2.2472205054244228,2.2472205054244228,0.0,0.0,0.0,0.0
cv_2,all,fy_rd_growth_yoy,True,used,121,0,1.0,25,0,1.0,0.4793357775042939,0.021008064054700824,0.4886455331412103,0.4323215115378658,0.4886455331412103,0.4323215115378658,0.0,0.4323215115378658,0.4323215115378658,0.4323215115378658,0.0,0.0,0.0,0.0,25.0,2.247220505424426,2.247220505424426,2.247220505424426,0.0,0.0,0.0,0.0
cv_2,all,fy_operating_cash_flow_growth_yoy,True,used,121,0,1.0,25,0,1.0,1.1693577309543677,0.2531900181150973,1.281559273762905,0.6027399397712556,1.281559273762905,0.6027399397712556,0.0,0.6027399397712556,0.6027399397712556,0.6027399397712556,0.0,0.0,0.0,0.0,25.0,2.2472205054244223,2.2472205054244223,2.2472205054244223,0.0,0.0,0.0,0.0
cv_2,all,current_ratio,True,used,121,0,1.0,25,0,1.0,4.299186851530202,0.20832233109623427,4.467574304889741,3.905263812455306,4.467574304889741,3.9052638124553054,0.0,3.905263812455306,3.905263812455306,3.905263812455306,0.0,0.0,0.0,0.0,25.0,1.8987929795750267,1.8987929795750267,1.8987929795750267,0.0,0.0,0.0,0.0
cv_2,all,cash_to_assets,True,used,121,0,1.0,25,0,1.0,0.07136949763154082,0.010284420086347503,0.0712760940253679,0.0512806874174939,0.0826985931504902,0.0512806874174939,0.0,0.0512806874174939,0.0512806874174939,0.0512806874174939,0.0,0.0,0.0,0.0,25.0,1.961446514375053,1.961446514375053,1.961446514375053,0.0,0.0,0.0,0.0
cv_2,all,liabilities_to_assets,True,used,121,0,1.0,25,0,1.0,0.26626224906611035,0.016675608297210563,0.2621875542979124,0.2394065850108557,0.2885391502060537,0.23940658501085568,0.0,0.2394065850108557,0.2394065850108557,0.2394065850108557,0.0,0.0,0.0,0.0,25.0,1.6171722205914565,1.6171722205914565,1.6171722205914565,0.0,0.0,0.0,0.0
cv_2,all,debt_to_assets,True,used,121,0,1.0,25,0,1.0,0.048761297922107795,0.008291687910174261,0.0463424926154839,0.0361164973428818,0.060153474491971,0.0361164973428818,0.0,0.0361164973428818,0.0361164973428818,0.0361164973428818,0.0,0.0,0.0,0.0,25.0,1.5313381397065484,1.5313381397065484,1.5313381397065484,0.0,0.0,0.0,0.0
cv_3,market,simple_return,True,used,145,1,0.9931506849315068,25,0,1.0,0.00070144362512582,0.02296768136909389,0.0014093240930164,-0.0545612512893816,0.0787177006919541,-0.0008452810330964362,0.02756133619266637,-0.002156810532777,-0.0620140735913813,0.062612490569853,1.0,0.0,1.0,0.04,25.0,2.749699195795945,0.7359866874233241,2.5649591301840324,0.0,0.0,0.0,0.0
cv_3,market,log_return,True,used,145,1,0.9931506849315068,25,0,1.0,0.00043981960627907646,0.02294072753305651,0.0014083319278955,-0.0561061748851635,0.0757730215461156,-0.001211544296896221,0.027625287054822773,-0.0021591397984066,-0.0640203339172356,0.0607304896897425,1.0,0.0,1.0,0.04,25.0,2.8295759303914774,0.7416150605082249,2.517561277227734,0.0,0.0,0.0,0.0
cv_3,market,intraday_return,True,used,146,0,1.0,25,0,1.0,-0.001141604594464464,0.020117182570039686,-0.0008035397361736,-0.0781321653331675,0.0493519786078151,-0.0031255060768375087,0.020758634526416228,-0.0070987719425269,-0.0439565223019584,0.0400037317652943,0.0,0.0,0.0,0.0,25.0,2.1356023156573682,0.7581133823076223,1.9581272741833602,0.0,0.0,0.0,0.0
cv_3,market,daily_range,True,used,146,0,1.0,25,0,1.0,0.029052572215517915,0.013407406812230455,0.0253490793294314,0.0098535442023912,0.0894043066378013,0.03476120830175584,0.010978772574415312,0.0318745654399629,0.0176909441962167,0.0579278419576749,0.0,0.0,0.0,0.0,25.0,2.161094159430472,0.5709054575024561,1.726983366206322,0.0,0.0,0.0,0.0
cv_3,market,sma_5,True,used,142,4,0.9726027397260274,25,0,1.0,186.01529616235007,7.698843437525323,184.77000122070308,170.81600036621094,209.38800048828125,216.5085616455078,6.340485826740136,217.13800354003905,205.44400024414065,225.9980041503906,0.0,21.0,21.0,0.84,25.0,5.287219240931346,4.116592512503425,5.2702544484416105,21.0,4.0,0.84,0.16
cv_3,market,sma_20,True,used,127,19,0.8698630136986302,25,0,1.0,185.14972087830074,4.2331675431215094,185.304500579834,177.1459991455078,196.1710006713867,213.73432119750976,4.671915360797718,214.6580009460449,203.1814994812012,219.42450180053712,0.0,25.0,25.0,1.0,25.0,8.70977646225679,7.497819222612554,8.61714755854226,25.0,23.0,1.0,0.92
cv_3,market,sma_60,True,used,87,59,0.5958904109589042,25,0,1.0,184.83722266712408,1.1132727505207285,184.9241671244304,182.6316665649414,186.4994997660319,195.44908672078452,3.962143344885162,195.4781667073568,188.6303329467773,201.34066721598307,0.0,25.0,25.0,1.0,25.0,19.250139045199376,12.397343971237511,18.677796591413898,25.0,24.0,1.0,0.96
cv_3,market,rolling_volatility_20,True,used,126,20,0.863013698630137,25,0,1.0,0.02270513235319882,0.003850956018719064,0.02239842376788835,0.0152240359127147,0.0303816790119555,0.026886724914849128,0.001876229197135801,0.0273456999079777,0.0231472104673821,0.0295875117646585,0.0,0.0,0.0,0.0,25.0,1.9424262432653236,1.3135547488179482,1.9049590165994994,0.0,0.0,0.0,0.0
cv_3,market,rolling_volatility_60,True,used,86,60,0.589041095890411,25,0,1.0,0.02239777888214939,0.001070417265303878,0.02232033455454245,0.0202611988872955,0.0246342594903129,0.023988627055889153,0.0010598304585440318,0.0238626884512124,0.0225293222609804,0.0257640165801675,0.0,6.0,6.0,0.24,25.0,4.155978880827356,1.830572638388368,4.092612743000801,6.0,0.0,0.24,0.0
cv_3,all,simple_return,True,used,145,1,0.9931506849315068,25,0,1.0,0.00070144362512582,0.02296768136909389,0.0014093240930164,-0.0545612512893816,0.0787177006919541,-0.0008452810330964362,0.02756133619266637,-0.002156810532777,-0.0620140735913813,0.062612490569853,1.0,0.0,1.0,0.04,25.0,2.749699195795945,0.7359866874233241,2.5649591301840324,0.0,0.0,0.0,0.0
cv_3,all,log_return,True,used,145,1,0.9931506849315068,25,0,1.0,0.00043981960627907646,0.02294072753305651,0.0014083319278955,-0.0561061748851635,0.0757730215461156,-0.001211544296896221,0.027625287054822773,-0.0021591397984066,-0.0640203339172356,0.0607304896897425,1.0,0.0,1.0,0.04,25.0,2.8295759303914774,0.7416150605082249,2.517561277227734,0.0,0.0,0.0,0.0
cv_3,all,intraday_return,True,used,146,0,1.0,25,0,1.0,-0.001141604594464464,0.020117182570039686,-0.0008035397361736,-0.0781321653331675,0.0493519786078151,-0.0031255060768375087,0.020758634526416228,-0.0070987719425269,-0.0439565223019584,0.0400037317652943,0.0,0.0,0.0,0.0,25.0,2.1356023156573682,0.7581133823076223,1.9581272741833602,0.0,0.0,0.0,0.0
cv_3,all,daily_range,True,used,146,0,1.0,25,0,1.0,0.029052572215517915,0.013407406812230455,0.0253490793294314,0.0098535442023912,0.0894043066378013,0.03476120830175584,0.010978772574415312,0.0318745654399629,0.0176909441962167,0.0579278419576749,0.0,0.0,0.0,0.0,25.0,2.161094159430472,0.5709054575024561,1.726983366206322,0.0,0.0,0.0,0.0
cv_3,all,sma_5,True,used,142,4,0.9726027397260274,25,0,1.0,186.01529616235007,7.698843437525323,184.77000122070308,170.81600036621094,209.38800048828125,216.5085616455078,6.340485826740136,217.13800354003905,205.44400024414065,225.9980041503906,0.0,21.0,21.0,0.84,25.0,5.287219240931346,4.116592512503425,5.2702544484416105,21.0,4.0,0.84,0.16
cv_3,all,sma_20,True,used,127,19,0.8698630136986302,25,0,1.0,185.14972087830074,4.2331675431215094,185.304500579834,177.1459991455078,196.1710006713867,213.73432119750976,4.671915360797718,214.6580009460449,203.1814994812012,219.42450180053712,0.0,25.0,25.0,1.0,25.0,8.70977646225679,7.497819222612554,8.61714755854226,25.0,23.0,1.0,0.92
cv_3,all,sma_60,True,used,87,59,0.5958904109589042,25,0,1.0,184.83722266712408,1.1132727505207285,184.9241671244304,182.6316665649414,186.4994997660319,195.44908672078452,3.962143344885162,195.4781667073568,188.6303329467773,201.34066721598307,0.0,25.0,25.0,1.0,25.0,19.250139045199376,12.397343971237511,18.677796591413898,25.0,24.0,1.0,0.96
cv_3,all,rolling_volatility_20,True,used,126,20,0.863013698630137,25,0,1.0,0.02270513235319882,0.003850956018719064,0.02239842376788835,0.0152240359127147,0.0303816790119555,0.026886724914849128,0.001876229197135801,0.0273456999079777,0.0231472104673821,0.0295875117646585,0.0,0.0,0.0,0.0,25.0,1.9424262432653236,1.3135547488179482,1.9049590165994994,0.0,0.0,0.0,0.0
cv_3,all,rolling_volatility_60,True,used,86,60,0.589041095890411,25,0,1.0,0.02239777888214939,0.001070417265303878,0.02232033455454245,0.0202611988872955,0.0246342594903129,0.023988627055889153,0.0010598304585440318,0.0238626884512124,0.0225293222609804,0.0257640165801675,0.0,6.0,6.0,0.24,25.0,4.155978880827356,1.830572638388368,4.092612743000801,6.0,0.0,0.24,0.0
cv_3,all,q_gross_margin,True,used,146,0,1.0,25,0,1.0,0.7316798082963497,0.004272644549188719,0.7341157071185489,0.724236784117408,0.7341157071185489,0.7438562425673338,0.007456044272191914,0.749335293757275,0.7341157071185489,0.749335293757275,0.0,16.0,16.0,0.64,25.0,4.146439432184016,4.146439432184016,4.146439432184016,16.0,0.0,0.64,0.0
cv_3,all,q_operating_margin,True,used,146,0,1.0,25,0,1.0,0.6259538953040955,0.01005761473002991,0.6316878925025436,0.6084333483088377,0.6316878925025436,0.6472206658674783,0.011889802823244693,0.6559578508852539,0.6316878925025436,0.6559578508852539,0.0,16.0,16.0,0.64,25.0,2.993477134983316,2.993477134983316,2.993477134983316,0.0,0.0,0.0,0.0
cv_3,all,q_net_margin,True,used,146,0,1.0,25,0,1.0,0.5611206860798885,0.0023767964944761285,0.5597656387046978,0.5597656387046978,0.5652611086151937,0.6588511687439589,0.07584655921543897,0.7145867793910433,0.5597656387046978,0.7145867793910433,0.0,16.0,16.0,0.64,25.0,64.79072895997757,64.79072895997757,64.79072895997757,16.0,16.0,0.64,0.64
cv_3,all,q_rd_to_revenue,True,used,146,0,1.0,25,0,1.0,0.08481961090236192,0.004006979461478573,0.0825351717363084,0.0825351717363084,0.0917998416875254,0.0792800207664421,0.0024917059099681897,0.0774489983458923,0.0774489983458923,0.0825351717363084,16.0,0.0,16.0,0.64,25.0,1.8457755680729702,1.8457755680729702,1.8457755680729702,0.0,0.0,0.0,0.0
cv_3,all,q_sga_to_revenue,True,used,146,0,1.0,25,0,1.0,0.020906302089892196,0.001777990719362587,0.0198926428796968,0.0198926428796968,0.0240035941210448,0.017355555933413213,0.001942052641084605,0.0159284445261287,0.0159284445261287,0.0198926428796968,16.0,0.0,16.0,0.64,25.0,2.8093471142397863,2.8093471142397863,2.8093471142397863,0.0,0.0,0.0,0.0
cv_3,all,q_ocf_margin,False,low_training_coverage,0,146,0.0,16,9,0.64,,,,,,0.61684739324879,0.0,0.61684739324879,0.61684739324879,0.61684739324879,,,,,,,,,,,,
cv_3,all,q_fcf_margin,False,low_training_coverage,0,146,0.0,0,25,0.0,,,,,,,,,,,,,,,,,,,,,,
cv_3,all,q_revenue_growth_yoy,True,used,146,0,1.0,25,0,1.0,0.6079442183950032,0.02980389154378731,0.6249358645459211,0.5560252996005326,0.6249358645459211,0.770433767484546,0.1113736315139449,0.8522763378875222,0.6249358645459211,0.8522763378875222,0.0,16.0,16.0,0.64,25.0,8.226214219083833,8.226214219083833,8.226214219083833,16.0,16.0,0.64,0.64
cv_3,all,q_gross_profit_growth_yoy,True,used,146,0,1.0,25,0,1.0,0.5752377988915612,0.04339345756380311,0.5999770607126471,0.4996456099937982,0.5999770607126471,1.0436863571257897,0.33964417823172915,1.2932728363581822,0.5999770607126471,1.2932728363581822,0.0,16.0,16.0,0.64,25.0,16.604041404544855,16.604041404544855,16.604041404544855,16.0,16.0,0.64,0.64
cv_3,all,q_operating_income_growth_yoy,True,used,146,0,1.0,25,0,1.0,0.6167786569391642,0.052348062932645927,0.6466230737573735,0.5255873833279692,0.6466230737573735,1.1762504309634132,0.40541149342923644,1.4741658193918106,0.6466230737573735,1.4741658193918106,0.0,16.0,16.0,0.64,25.0,16.434965150317495,16.434965150317495,16.434965150317495,16.0,16.0,0.64,0.64
cv_3,all,q_net_income_growth_yoy,True,used,146,0,1.0,25,0,1.0,0.6376018543823728,0.02630237689930581,0.6525972344502564,0.5917826375082835,0.6525972344502564,1.5829744185166064,0.7121716779031315,2.106311584553928,0.6525972344502564,2.106311584553928,0.0,16.0,16.0,0.64,25.0,56.03164878143153,56.03164878143153,56.03164878143153,16.0,16.0,0.64,0.64
cv_3,all,q_rd_growth_yoy,True,used,146,0,1.0,25,0,1.0,0.3880948597868683,0.00033195944901341813,0.387905604719764,0.387905604719764,0.388673139158576,0.513794927200243,0.09636393879433043,0.5846076710955126,0.387905604719764,0.5846076710955126,0.0,16.0,16.0,0.64,25.0,594.0161605934132,594.0161605934132,594.0161605934132,16.0,16.0,0.64,0.64
cv_3,all,q_operating_cash_flow_growth_yoy,False,low_training_coverage,0,146,0.0,16,9,0.64,,,,,,0.8364339388633546,0.0,0.8364339388633546,0.8364339388633546,0.8364339388633546,,,,,,,,,,,,
cv_3,all,fy_gross_margin,True,used,146,0,1.0,25,0,1.0,0.7378028903400535,0.018166047993241483,0.7498869705816992,0.7106808435754708,0.7498869705816992,0.7106808435754708,0.0,0.7106808435754708,0.7106808435754708,0.7106808435754708,0.0,0.0,0.0,0.0,25.0,1.4981470036162872,1.4981470036162872,1.4981470036162872,0.0,0.0,0.0,0.0
cv_3,all,fy_operating_margin,True,used,146,0,1.0,25,0,1.0,0.6179004091933573,0.009433021890313273,0.6241752683969747,0.6038168363141272,0.6241752683969747,0.6038168363141272,0.0,0.6038168363141272,0.6038168363141272,0.6038168363141272,0.0,0.0,0.0,0.0,25.0,1.4981470036162832,1.4981470036162832,1.4981470036162832,0.0,0.0,0.0,0.0
cv_3,all,fy_net_margin,True,used,146,0,1.0,25,0,1.0,0.5577236147712723,0.0011374853174305108,0.5584802715771244,0.5560253406070261,0.5584802715771244,0.5560253406070261,0.0,0.5560253406070261,0.5560253406070261,0.5560253406070261,0.0,0.0,0.0,0.0,25.0,1.4981470036163589,1.4981470036163589,1.4981470036163589,0.0,0.0,0.0,0.0
cv_3,all,fy_rd_to_revenue,True,used,146,0,1.0,25,0,1.0,0.09486041889006244,0.006163111756458764,0.0989601293516326,0.0856588465207605,0.0989601293516326,0.0856588465207605,0.0,0.0856588465207605,0.0856588465207605,0.0856588465207605,0.0,0.0,0.0,0.0,25.0,1.4981470036162832,1.4981470036162832,1.4981470036162832,0.0,0.0,0.0,0.0
cv_3,all,fy_sga_to_revenue,True,used,146,0,1.0,25,0,1.0,0.02504206225663365,0.0025699143464695444,0.0267515728330919,0.0212051607405829,0.0267515728330919,0.0212051607405829,0.0,0.0212051607405829,0.0212051607405829,0.0212051607405829,0.0,0.0,0.0,0.0,25.0,1.4981470036162832,1.4981470036162832,1.4981470036162832,0.0,0.0,0.0,0.0
cv_3,all,fy_ocf_margin,True,used,146,0,1.0,25,0,1.0,0.486358329693185,0.00715032875909714,0.4911147382698453,0.4756828348877918,0.4911147382698453,0.4756828348877918,0.0,0.4756828348877918,0.4756828348877918,0.4756828348877918,0.0,0.0,0.0,0.0,25.0,1.498147003616284,1.498147003616284,1.498147003616284,0.0,0.0,0.0,0.0
cv_3,all,fy_fcf_margin,False,low_training_coverage,0,146,0.0,0,25,0.0,,,,,,,,,,,,,,,,,,,,,,
cv_3,all,fy_revenue_growth_yoy,True,used,146,0,1.0,25,0,1.0,0.991839265876001,0.2257884821207855,1.1420340763599357,0.6547353579009478,1.1420340763599357,0.6547353579009478,0.0,0.6547353579009478,0.6547353579009478,0.6547353579009478,0.0,0.0,0.0,0.0,25.0,1.498147003616282,1.498147003616282,1.498147003616282,0.0,0.0,0.0,0.0
cv_3,all,fy_gross_profit_growth_yoy,True,used,146,0,1.0,25,0,1.0,1.0114542904361983,0.2968725716674044,1.208934335568046,0.5682213002513847,1.208934335568046,0.5682213002513847,0.0,0.5682213002513847,0.5682213002513847,0.5682213002513847,0.0,0.0,0.0,0.0,25.0,1.498147003616282,1.498147003616282,1.498147003616282,0.0,0.0,0.0,0.0
cv_3,all,fy_operating_income_growth_yoy,True,used,146,0,1.0,25,0,1.0,1.2023398078749732,0.40292909320420656,1.470368797767803,0.6007636305599549,1.470368797767803,0.6007636305599549,0.0,0.6007636305599549,0.6007636305599549,0.6007636305599549,0.0,0.0,0.0,0.0,25.0,1.4981470036162823,1.4981470036162823,1.4981470036162823,0.0,0.0,0.0,0.0
cv_3,all,fy_net_income_growth_yoy,True,used,146,0,1.0,25,0,1.0,1.201898417671836,0.37135568260861346,1.4489247311827955,0.6474615806805708,1.4489247311827955,0.6474615806805708,0.0,0.6474615806805708,0.6474615806805708,0.6474615806805708,0.0,0.0,0.0,0.0,25.0,1.4981470036162825,1.4981470036162825,1.4981470036162825,0.0,0.0,0.0,0.0
cv_3,all,fy_rd_growth_yoy,True,used,146,0,1.0,25,0,1.0,0.47128538949634385,0.026097576010407263,0.4886455331412103,0.4323215115378658,0.4886455331412103,0.4323215115378658,0.0,0.4323215115378658,0.4323215115378658,0.4323215115378658,0.0,0.0,0.0,0.0,25.0,1.4981470036162827,1.4981470036162827,1.4981470036162827,0.0,0.0,0.0,0.0
cv_3,all,fy_operating_cash_flow_growth_yoy,True,used,146,0,1.0,25,0,1.0,1.072334136573698,0.3145290173159291,1.281559273762905,0.6027399397712556,1.281559273762905,0.6027399397712556,0.0,0.6027399397712556,0.6027399397712556,0.6027399397712556,0.0,0.0,0.0,0.0,25.0,1.4981470036162823,1.4981470036162823,1.4981470036162823,0.0,0.0,0.0,0.0
cv_3,all,current_ratio,True,used,146,0,1.0,25,0,1.0,4.231734276346145,0.24101637043564672,4.2140000824504265,3.905263812455306,4.467574304889741,3.60799140854261,0.2275517825614518,3.440775681341719,3.440775681341719,3.905263812455306,16.0,0.0,16.0,0.64,25.0,3.293059930568661,3.293059930568661,3.293059930568661,16.0,0.0,0.64,0.0
cv_3,all,cash_to_assets,True,used,146,0,1.0,25,0,1.0,0.06792963286886156,0.012049825644012526,0.0712760940253679,0.0512806874174939,0.0826985931504902,0.05111048440810273,0.00013028453927952947,0.0510147452153202,0.0510147452153202,0.0512806874174939,16.0,0.0,16.0,0.64,25.0,1.408577612235408,1.408577612235408,1.408577612235408,0.0,0.0,0.0,0.0
cv_3,all,liabilities_to_assets,True,used,146,0,1.0,25,0,1.0,0.2616636764539092,0.018253451958065343,0.2621875542979124,0.2394065850108557,0.2885391502060537,0.24404419065524263,0.003549927330312242,0.2466528438302103,0.2394065850108557,0.2466528438302103,0.0,0.0,0.0,0.0,25.0,1.223533401502575,0.8251866667507585,1.223533401502575,0.0,0.0,0.0,0.0
cv_3,all,debt_to_assets,True,used,146,0,1.0,25,0,1.0,0.04659609234347322,0.008930019242094538,0.0463424926154839,0.0361164973428818,0.060153474491971,0.03142690647755411,0.0035897202257718238,0.0287890116158073,0.0287890116158073,0.0361164973428818,16.0,0.0,16.0,0.64,25.0,2.0009339806445445,2.0009339806445445,2.0009339806445445,0.0,0.0,0.0,0.0
