fold_id,representation,feature,paired_original_feature,is_SMA,train_min,train_max,validation_min,validation_max,training_mean,training_scale,validation_non_null_count,validation_outside_training_range_count,max_abs_validation_z,median_abs_validation_z,fraction_abs_z_gt_3,fraction_abs_z_gt_5,fraction_validation_outside_training_min_max
2021Q1,original,simple_return,simple_return,False,-0.1845208566564599,0.1715642635902294,-0.0821780635431655,0.0799603237931216,0.0038834530193630613,0.03669615867840589,61,0,2.3452459238784593,0.5524368124394045,0.0,0.0,0.0
2021Q1,original,log_return,log_return,False,-0.2039794325472758,0.158339833278712,-0.085751876177336,0.0769243032327087,0.0032003175324745482,0.03688726400964991,61,0,2.411460868622302,0.560310159882094,0.0,0.0,0.0
2021Q1,original,intraday_return,intraday_return,False,-0.075373094054354,0.113874438940497,-0.0688152247174614,0.0518312234938498,0.0015378817037609957,0.026884342436535234,61,0,2.6168803119251325,0.57217125490218,0.0,0.0,0.0
2021Q1,original,daily_range,daily_range,False,0.0096011056844935,0.1634420107728297,0.0140902560037768,0.0870561508679457,0.03945119143583599,0.023876387684505205,61,0,1.993809116401782,0.4879435297922547,0.0,0.0,0.0
2021Q1,original,sma_5,sma_5,True,5.176049995422363,14.070199966430664,12.282700157165529,15.055450057983398,9.768972994819764,2.9156058137261556,61,11,1.8131659081882183,1.1947180478797212,0.0,0.0,0.18032786885245902
2021Q1,original,sma_20,sma_20,True,5.6758624792099,13.682999992370606,12.77771248817444,14.263962602615356,9.542192294905263,2.9000388118881033,61,19,1.6281748672997693,1.2983559683129657,0.0,0.0,0.3114754098360656
2021Q1,original,sma_60,sma_60,True,5.275329176584879,13.425775051116943,13.261225016911824,13.585558366775512,8.892129235786777,2.7899491607706306,61,32,1.6822633175481703,1.6309257575040035,0.0,0.0,0.5245901639344263
2021Q1,original,rolling_volatility_20,rolling_volatility_20,False,0.0121001603510116,0.0870221345372299,0.012604235750388,0.0394718871455958,0.03267010060382177,0.017870949347165835,61,0,1.122820308178873,0.3785045928738574,0.0,0.0,0.0
2021Q1,original,rolling_volatility_60,rolling_volatility_60,False,0.0158647934340433,0.0596476058892001,0.0201331520263175,0.0311653857060801,0.033826736191299014,0.01380929802925044,61,0,0.9916205831734658,0.596934154117735,0.0,0.0,0.0
2021Q1,relative,simple_return,simple_return,False,-0.1845208566564599,0.1715642635902294,-0.0821780635431655,0.0799603237931216,0.0038834530193630613,0.03669615867840589,61,0,2.3452459238784593,0.5524368124394045,0.0,0.0,0.0
2021Q1,relative,log_return,log_return,False,-0.2039794325472758,0.158339833278712,-0.085751876177336,0.0769243032327087,0.0032003175324745482,0.03688726400964991,61,0,2.411460868622302,0.560310159882094,0.0,0.0,0.0
2021Q1,relative,intraday_return,intraday_return,False,-0.075373094054354,0.113874438940497,-0.0688152247174614,0.0518312234938498,0.0015378817037609957,0.026884342436535234,61,0,2.6168803119251325,0.57217125490218,0.0,0.0,0.0
2021Q1,relative,daily_range,daily_range,False,0.0096011056844935,0.1634420107728297,0.0140902560037768,0.0870561508679457,0.03945119143583599,0.023876387684505205,61,0,1.993809116401782,0.4879435297922547,0.0,0.0,0.0
2021Q1,relative,close_to_sma_5,sma_5,True,-0.15425029674294144,0.14998012565991203,-0.0745537584254794,0.05456862795811257,0.006692891505597179,0.03417140856085896,61,0,2.3776207464897756,0.6210033752615951,0.0,0.0,0.0
2021Q1,relative,close_to_sma_20,sma_20,True,-0.2605964754727371,0.21302057849314027,-0.17240282532394513,0.11983783427006922,0.03279901747934449,0.06457519650494081,61,0,3.1777192158848346,0.5838271022723337,0.01639344262295082,0.0,0.0
2021Q1,relative,close_to_sma_60,sma_60,True,-0.22407068891668913,0.3382185688753787,-0.14157349529832153,0.14127550192523808,0.11143011344086269,0.09689297704108364,61,0,2.61116560214584,1.2140582715905708,0.0,0.0,0.0
2021Q1,relative,rolling_volatility_20,rolling_volatility_20,False,0.0121001603510116,0.0870221345372299,0.012604235750388,0.0394718871455958,0.03267010060382177,0.017870949347165835,61,0,1.122820308178873,0.3785045928738574,0.0,0.0,0.0
2021Q1,relative,rolling_volatility_60,rolling_volatility_60,False,0.0158647934340433,0.0596476058892001,0.0201331520263175,0.0311653857060801,0.033826736191299014,0.01380929802925044,61,0,0.9916205831734658,0.596934154117735,0.0,0.0,0.0
2021Q2,original,simple_return,simple_return,False,-0.1845208566564599,0.1715642635902294,-0.0382874291972836,0.056310168813521,0.003114754572761682,0.03553938710624448,63,0,1.4968016775790873,0.38509939286328143,0.0,0.0,0.0
2021Q2,original,log_return,log_return,False,-0.2039794325472758,0.158339833278712,-0.0390396559103082,0.0547818626240074,0.0024761223422979342,0.0357123993750439,63,0,1.4646380864081936,0.3669268668992736,0.0,0.0,0.0
2021Q2,original,intraday_return,intraday_return,False,-0.075373094054354,0.113874438940497,-0.0352668446888873,0.0643292939503223,0.000600698291448627,0.02625877358790914,63,0,2.4269448626579244,0.5156847097019069,0.0,0.0,0.0
2021Q2,original,daily_range,daily_range,False,0.0096011056844935,0.1634420107728297,0.0128560443505556,0.0797718580728918,0.03860231401163999,0.022571197960026018,63,0,1.8239857775455155,0.559475350206965,0.0,0.0,0.0
2021Q2,original,sma_5,sma_5,True,5.176049995422363,15.055450057983398,13.163850021362304,19.650150299072266,10.497247423400385,3.0117229675380726,63,38,3.0390918999943426,1.598936108813494,0.015873015873015872,0.0,0.6031746031746031
2021Q2,original,sma_20,sma_20,True,5.6758624792099,14.263962602615356,12.876962518692016,18.38839988708496,10.324730836380647,3.044592103248162,63,50,2.6485219619736533,1.4964916135457325,0.0,0.0,0.7936507936507936
2021Q2,original,sma_60,sma_60,True,5.275329176584879,13.585558366775512,13.453025039037067,16.13550410270691,9.782710915553146,3.07797147268199,63,56,2.06395453744029,1.3890132937057489,0.0,0.0,0.8888888888888888
2021Q2,original,rolling_volatility_20,rolling_volatility_20,False,0.0121001603510116,0.0870221345372299,0.0185021473718616,0.0330138143587425,0.03157026601726431,0.016546961988681795,63,0,0.7897593923489621,0.46284653687070765,0.0,0.0,0.0
2021Q2,original,rolling_volatility_60,rolling_volatility_60,False,0.0158647934340433,0.0596476058892001,0.0231314161736721,0.0313525683260887,0.03210724023501019,0.012912827338289634,63,0,0.6951091210460635,0.19328779573248597,0.0,0.0,0.0
2021Q2,relative,simple_return,simple_return,False,-0.1845208566564599,0.1715642635902294,-0.0382874291972836,0.056310168813521,0.003114754572761682,0.03553938710624448,63,0,1.4968016775790873,0.38509939286328143,0.0,0.0,0.0
2021Q2,relative,log_return,log_return,False,-0.2039794325472758,0.158339833278712,-0.0390396559103082,0.0547818626240074,0.0024761223422979342,0.0357123993750439,63,0,1.4646380864081936,0.3669268668992736,0.0,0.0,0.0
2021Q2,relative,intraday_return,intraday_return,False,-0.075373094054354,0.113874438940497,-0.0352668446888873,0.0643292939503223,0.000600698291448627,0.02625877358790914,63,0,2.4269448626579244,0.5156847097019069,0.0,0.0,0.0
2021Q2,relative,daily_range,daily_range,False,0.0096011056844935,0.1634420107728297,0.0128560443505556,0.0797718580728918,0.03860231401163999,0.022571197960026018,63,0,1.8239857775455155,0.559475350206965,0.0,0.0,0.0
2021Q2,relative,close_to_sma_5,sma_5,True,-0.15425029674294144,0.14998012565991203,-0.040679025201754704,0.06497132344730883,0.005257644999248341,0.03331112193804155,63,0,1.7926048410836326,0.5270222846603033,0.0,0.0,0.0
2021Q2,relative,close_to_sma_20,sma_20,True,-0.2605964754727371,0.21302057849314027,-0.08228256455076177,0.170065502785131,0.02557122591156894,0.06453531907966563,63,0,2.238995311934401,0.982993326024147,0.0,0.0,0.0
2021Q2,relative,close_to_sma_60,sma_60,True,-0.22407068891668913,0.3382185688753787,-0.024048407637464186,0.25435435204934387,0.09011822387686184,0.10015074608292553,63,0,1.6398892129719467,0.6876159965038602,0.0,0.0,0.0
2021Q2,relative,rolling_volatility_20,rolling_volatility_20,False,0.0121001603510116,0.0870221345372299,0.0185021473718616,0.0330138143587425,0.03157026601726431,0.016546961988681795,63,0,0.7897593923489621,0.46284653687070765,0.0,0.0,0.0
2021Q2,relative,rolling_volatility_60,rolling_volatility_60,False,0.0158647934340433,0.0596476058892001,0.0231314161736721,0.0313525683260887,0.03210724023501019,0.012912827338289634,63,0,0.6951091210460635,0.19328779573248597,0.0,0.0,0.0
2021Q3,original,simple_return,simple_return,False,-0.1845208566564599,0.1715642635902294,-0.0443675184337409,0.0548616544581754,0.003737823121649331,0.0337585021621602,64,0,1.514398686616808,0.46005266815424356,0.0,0.0,0.0
2021Q3,original,log_return,log_return,False,-0.2039794325472758,0.158339833278712,-0.0453818733523379,0.0534096251143185,0.0031598539971952892,0.03389383407800283,64,0,1.4825637902598756,0.4445974204434199,0.0,0.0,0.0
2021Q3,original,intraday_return,intraday_return,False,-0.075373094054354,0.113874438940497,-0.0456898712628651,0.0482549787596839,0.0014184369602538724,0.025422082553152637,64,0,1.853046780279493,0.3461434472913101,0.0,0.0,0.0
2021Q3,original,daily_range,daily_range,False,0.0096011056844935,0.1634420107728297,0.0106165222740936,0.0875341791898036,0.03720070490141187,0.021351608935645475,64,0,2.357362128544909,0.6471451606971582,0.0,0.0,0.0
2021Q3,original,sma_5,sma_5,True,5.176049995422363,18.73344955444336,18.78579978942871,22.550600051879883,11.311442067802595,3.345579744451261,64,64,3.3594051980729946,2.6847463156188427,0.375,0.0,1.0
2021Q3,original,sma_20,sma_20,True,5.6758624792099,17.499624729156494,18.550512409210206,22.253350162506106,11.067575876687163,3.2611891088317813,64,64,3.4299680001770567,2.668374634556945,0.328125,0.0,1.0
2021Q3,original,sma_60,sma_60,True,5.275329176584879,15.62933742205302,16.23664576212565,20.785666751861573,10.518123832334327,3.252151933187932,64,64,3.1571535187971542,2.5574281382548927,0.234375,0.0,1.0
2021Q3,original,rolling_volatility_20,rolling_volatility_20,False,0.0121001603510116,0.0870221345372299,0.0142238950789382,0.025068243030139,0.03045342449563766,0.015371344147356835,64,0,1.0558302033391265,0.5281227132958489,0.0,0.0,0.0
2021Q3,original,rolling_volatility_60,rolling_volatility_60,False,0.0158647934340433,0.0596476058892001,0.0201634018687817,0.0234104226178572,0.03152404532220951,0.011896396981721707,64,0,0.9549650596632695,0.8427782859548996,0.0,0.0,0.0
2021Q3,relative,simple_return,simple_return,False,-0.1845208566564599,0.1715642635902294,-0.0443675184337409,0.0548616544581754,0.003737823121649331,0.0337585021621602,64,0,1.514398686616808,0.46005266815424356,0.0,0.0,0.0
2021Q3,relative,log_return,log_return,False,-0.2039794325472758,0.158339833278712,-0.0453818733523379,0.0534096251143185,0.0031598539971952892,0.03389383407800283,64,0,1.4825637902598756,0.4445974204434199,0.0,0.0,0.0
2021Q3,relative,intraday_return,intraday_return,False,-0.075373094054354,0.113874438940497,-0.0456898712628651,0.0482549787596839,0.0014184369602538724,0.025422082553152637,64,0,1.853046780279493,0.3461434472913101,0.0,0.0,0.0
2021Q3,relative,daily_range,daily_range,False,0.0096011056844935,0.1634420107728297,0.0106165222740936,0.0875341791898036,0.03720070490141187,0.021351608935645475,64,0,2.357362128544909,0.6471451606971582,0.0,0.0,0.0
2021Q3,relative,close_to_sma_5,sma_5,True,-0.15425029674294144,0.14998012565991203,-0.0708703965846853,0.08627682967373196,0.006426851835503004,0.03219860166841678,64,0,2.4799206704852907,0.4521507993471261,0.0,0.0,0.0
2021Q3,relative,close_to_sma_20,sma_20,True,-0.2605964754727371,0.21302057849314027,-0.07510361804304222,0.10259499566572261,0.030175426832673095,0.06555092404313118,64,0,1.6060650007991322,0.5782807112880546,0.0,0.0,0.0
2021Q3,relative,close_to_sma_60,sma_60,True,-0.22407068891668913,0.3382185688753787,-0.012653029508918334,0.258691810414468,0.09087090368272009,0.09686865812750196,64,0,1.7324582581794004,0.3761096015327098,0.0,0.0,0.0
2021Q3,relative,rolling_volatility_20,rolling_volatility_20,False,0.0121001603510116,0.0870221345372299,0.0142238950789382,0.025068243030139,0.03045342449563766,0.015371344147356835,64,0,1.0558302033391265,0.5281227132958489,0.0,0.0,0.0
2021Q3,relative,rolling_volatility_60,rolling_volatility_60,False,0.0158647934340433,0.0596476058892001,0.0201634018687817,0.0234104226178572,0.03152404532220951,0.011896396981721707,64,0,0.9549650596632695,0.8427782859548996,0.0,0.0,0.0
2021Q4,original,simple_return,simple_return,False,-0.1845208566564599,0.1715642635902294,-0.0680258881923853,0.1204226285355654,0.003600756795624564,0.032203254430339494,64,0,3.627641796037857,0.5745558181044959,0.015625,0.0,0.0
2021Q4,original,log_return,log_return,False,-0.2039794325472758,0.158339833278712,-0.070450241712791,0.1137059610363191,0.0030750759950662395,0.03231133305372319,64,0,3.423903460043256,0.581452438983094,0.015625,0.0,0.0
2021Q4,original,intraday_return,intraday_return,False,-0.075373094054354,0.113874438940497,-0.0887583865907613,0.094458132685451,0.0013253775965835258,0.024438203991375272,64,1,3.8109492465868557,0.7930977789261846,0.03125,0.0,0.015625
2021Q4,original,daily_range,daily_range,False,0.0096011056844935,0.1634420107728297,0.0123044143143105,0.1425119846915451,0.03595323461573838,0.02063889535270265,64,0,5.163006462061107,0.5262653012558998,0.03125,0.015625,0.0
2021Q4,original,sma_5,sma_5,True,5.176049995422363,22.550600051879883,20.431600189208982,32.39499969482422,12.667772372928235,4.523732824964761,64,48,4.36082944886332,3.5921501268238845,0.625,0.0,0.75
2021Q4,original,sma_20,sma_20,True,5.6758624792099,22.253350162506106,21.09495000839233,31.39469966888428,12.386328732748645,4.4016554377162596,64,43,4.318459544393114,3.282707229087761,0.546875,0.0,0.671875
2021Q4,original,sma_60,sma_60,True,5.275329176584879,20.72064593633016,20.7933251063029,27.988816483815512,11.670778679756578,4.133330340579567,64,64,3.9479152304509126,2.8415656841102983,0.4375,0.0,1.0
2021Q4,original,rolling_volatility_20,rolling_volatility_20,False,0.0121001603510116,0.0870221345372299,0.0186599303241329,0.0477755820090871,0.029065625549335818,0.014626376060120341,64,0,1.2791929034810654,0.5741268428715833,0.0,0.0,0.0
2021Q4,original,rolling_volatility_60,rolling_volatility_60,False,0.0158647934340433,0.0596476058892001,0.0207035158140398,0.0367515390992713,0.030093878129436133,0.011522493148099276,64,0,0.8149592449048534,0.5146655656637471,0.0,0.0,0.0
2021Q4,relative,simple_return,simple_return,False,-0.1845208566564599,0.1715642635902294,-0.0680258881923853,0.1204226285355654,0.003600756795624564,0.032203254430339494,64,0,3.627641796037857,0.5745558181044959,0.015625,0.0,0.0
2021Q4,relative,log_return,log_return,False,-0.2039794325472758,0.158339833278712,-0.070450241712791,0.1137059610363191,0.0030750759950662395,0.03231133305372319,64,0,3.423903460043256,0.581452438983094,0.015625,0.0,0.0
2021Q4,relative,intraday_return,intraday_return,False,-0.075373094054354,0.113874438940497,-0.0887583865907613,0.094458132685451,0.0013253775965835258,0.024438203991375272,64,1,3.8109492465868557,0.7930977789261846,0.03125,0.0,0.015625
2021Q4,relative,daily_range,daily_range,False,0.0096011056844935,0.1634420107728297,0.0123044143143105,0.1425119846915451,0.03595323461573838,0.02063889535270265,64,0,5.163006462061107,0.5262653012558998,0.03125,0.015625,0.0
2021Q4,relative,close_to_sma_5,sma_5,True,-0.15425029674294144,0.14998012565991203,-0.08031901017496801,0.11037009718944435,0.006196909257142991,0.031210594322404563,64,0,3.337750856526321,0.8253188563234224,0.015625,0.0,0.0
2021Q4,relative,close_to_sma_20,sma_20,True,-0.2605964754727371,0.21302057849314027,-0.10216970644848766,0.26746429819581374,0.030223180729461258,0.0631158042317952,64,4,3.7588226966906007,1.0628973453451889,0.0625,0.0,0.0625
2021Q4,relative,close_to_sma_60,sma_60,True,-0.22407068891668913,0.3382185688753787,-0.05108838499916801,0.37731712805640405,0.09622653256794114,0.09344029554537099,64,5,3.008237440259125,1.0419624795991975,0.015625,0.0,0.078125
2021Q4,relative,rolling_volatility_20,rolling_volatility_20,False,0.0121001603510116,0.0870221345372299,0.0186599303241329,0.0477755820090871,0.029065625549335818,0.014626376060120341,64,0,1.2791929034810654,0.5741268428715833,0.0,0.0,0.0
2021Q4,relative,rolling_volatility_60,rolling_volatility_60,False,0.0158647934340433,0.0596476058892001,0.0207035158140398,0.0367515390992713,0.030093878129436133,0.011522493148099276,64,0,0.8149592449048534,0.5146655656637471,0.0,0.0,0.0
2022Q1,original,simple_return,simple_return,False,-0.1845208566564599,0.1715642635902294,-0.0755912539815568,0.098150845125662,0.0037733399322549435,0.032653123721240095,62,0,2.890305564610246,1.0300370037936035,0.0,0.0,0.0
2022Q1,original,log_return,log_return,False,-0.2039794325472758,0.158339833278712,-0.0786009393345411,0.0936277153686957,0.0032342858180692815,0.03267817642903265,62,0,2.7661711707485956,1.0267561825603226,0.0,0.0,0.0
2022Q1,original,intraday_return,intraday_return,False,-0.0887583865907613,0.113874438940497,-0.0758990945172338,0.1300499586491521,0.0011698599017569264,0.025281475491259447,62,1,5.097807633575534,0.9118081782786138,0.03225806451612903,0.016129032258064516,0.016129032258064516
2022Q1,original,daily_range,daily_range,False,0.0096011056844935,0.1634420107728297,0.0307426906868943,0.122536632411547,0.036763312107132094,0.02120552804541395,62,0,4.044856611008317,0.6486118776255809,0.04838709677419355,0.0,0.0
2022Q1,original,sma_5,sma_5,True,5.176049995422363,32.39499969482422,22.123200225830075,29.88819999694824,14.449712291145326,6.475063673147477,62,0,2.384298979147859,1.6193798705680724,0.0,0.0,0.0
2022Q1,original,sma_20,sma_20,True,5.6758624792099,31.39469966888428,23.238299942016603,29.717149829864503,14.093013243961336,6.238347916443006,62,0,2.5045311347129497,1.6837088638050743,0.0,0.0,0.0
2022Q1,original,sma_60,sma_60,True,5.275329176584879,27.190083185831707,24.92553326288859,29.17673314412435,13.139740586328506,5.495292569032211,62,36,2.9183146040612273,2.6822913975332647,0.0,0.0,0.5806451612903226
2022Q1,original,rolling_volatility_20,rolling_volatility_20,False,0.0121001603510116,0.0870221345372299,0.0249909575106373,0.0488758682271529,0.02929478936788907,0.014055884645713617,62,0,1.393087617949051,0.9841106621180975,0.0,0.0,0.0
2022Q1,original,rolling_volatility_60,rolling_volatility_60,False,0.0158647934340433,0.0596476058892001,0.0359107168337375,0.0419579987990114,0.029654381790140242,0.01098358218772326,62,0,1.1201825414137976,0.81710864147164,0.0,0.0,0.0
2022Q1,relative,simple_return,simple_return,False,-0.1845208566564599,0.1715642635902294,-0.0755912539815568,0.098150845125662,0.0037733399322549435,0.032653123721240095,62,0,2.890305564610246,1.0300370037936035,0.0,0.0,0.0
2022Q1,relative,log_return,log_return,False,-0.2039794325472758,0.158339833278712,-0.0786009393345411,0.0936277153686957,0.0032342858180692815,0.03267817642903265,62,0,2.7661711707485956,1.0267561825603226,0.0,0.0,0.0
2022Q1,relative,intraday_return,intraday_return,False,-0.0887583865907613,0.113874438940497,-0.0758990945172338,0.1300499586491521,0.0011698599017569264,0.025281475491259447,62,1,5.097807633575534,0.9118081782786138,0.03225806451612903,0.016129032258064516,0.016129032258064516
2022Q1,relative,daily_range,daily_range,False,0.0096011056844935,0.1634420107728297,0.0307426906868943,0.122536632411547,0.036763312107132094,0.02120552804541395,62,0,4.044856611008317,0.6486118776255809,0.04838709677419355,0.0,0.0
2022Q1,relative,close_to_sma_5,sma_5,True,-0.15425029674294144,0.14998012565991203,-0.07726084958988422,0.10204299323197796,0.006581236701913803,0.0316916514861643,62,0,3.0122051724486534,1.01367823921802,0.016129032258064516,0.0,0.0
2022Q1,relative,close_to_sma_20,sma_20,True,-0.2605964754727371,0.26746429819581374,-0.17727293981407088,0.17148402369546756,0.03220275925451835,0.06840988537024875,62,0,3.062067681225637,1.1347318517224858,0.016129032258064516,0.0,0.0
2022Q1,relative,close_to_sma_60,sma_60,True,-0.22407068891668913,0.37731712805640405,-0.24282600161599677,0.1462652255086223,0.10367078355503571,0.10046418566105418,62,2,3.4489582819099582,2.102226529909237,0.0967741935483871,0.0,0.03225806451612903
2022Q1,relative,rolling_volatility_20,rolling_volatility_20,False,0.0121001603510116,0.0870221345372299,0.0249909575106373,0.0488758682271529,0.02929478936788907,0.014055884645713617,62,0,1.393087617949051,0.9841106621180975,0.0,0.0,0.0
2022Q1,relative,rolling_volatility_60,rolling_volatility_60,False,0.0158647934340433,0.0596476058892001,0.0359107168337375,0.0419579987990114,0.029654381790140242,0.01098358218772326,62,0,1.1201825414137976,0.81710864147164,0.0,0.0,0.0
2022Q2,original,simple_return,simple_return,False,-0.1845208566564599,0.1715642635902294,-0.092369399978225,0.0946522540675758,0.003357908487628432,0.03372072613729494,62,0,2.838827019207619,1.0549299620086896,0.0,0.0,0.0
2022Q2,original,log_return,log_return,False,-0.2039794325472758,0.158339833278712,-0.0969178113277264,0.090436736636471,0.002785703683689128,0.033705250649388806,62,0,2.958100387638669,1.054171878693137,0.0,0.0,0.0
2022Q2,original,intraday_return,intraday_return,False,-0.0887583865907613,0.1300499586491521,-0.0702933849995888,0.1131828768708633,0.0011292207494275903,0.02719850695433288,62,0,4.119845854391096,0.8825348817271762,0.016129032258064516,0.0,0.0
2022Q2,original,daily_range,daily_range,False,0.0096011056844935,0.1634420107728297,0.0294621230421696,0.1185155889339192,0.0389135462873134,0.021974823770680982,62,0,3.622420069316396,0.4636492636882367,0.03225806451612903,0.0,0.0
2022Q2,original,sma_5,sma_5,True,5.176049995422363,32.39499969482422,15.898200225830076,27.71259994506836,15.649804523406928,7.037646723068399,62,0,1.7140382142401827,0.42451626929948055,0.0,0.0,0.0
2022Q2,original,sma_20,sma_20,True,5.6758624792099,31.39469966888428,16.950700092315675,25.946349906921387,15.405563286530167,7.007248948103618,62,0,1.504268893321378,0.48519921120727627,0.0,0.0,0.0
2022Q2,original,sma_60,sma_60,True,5.275329176584879,29.17673314412435,18.60130001703898,24.91066659291585,14.73177960039175,6.892188371750077,62,0,1.4768730109359238,1.1248960255956568,0.0,0.0,0.0
2022Q2,original,rolling_volatility_20,rolling_volatility_20,False,0.0121001603510116,0.0870221345372299,0.0307341496564874,0.0544642313340757,0.03039937074504217,0.013805676524012595,62,0,1.743113461131503,0.9771093966903033,0.0,0.0,0.0
2022Q2,original,rolling_volatility_60,rolling_volatility_60,False,0.0158647934340433,0.0596476058892001,0.0412643152636055,0.0464575902415098,0.030603308801719787,0.010713990589178216,62,0,1.47977369476167,1.2633643470779337,0.0,0.0,0.0
2022Q2,relative,simple_return,simple_return,False,-0.1845208566564599,0.1715642635902294,-0.092369399978225,0.0946522540675758,0.003357908487628432,0.03372072613729494,62,0,2.838827019207619,1.0549299620086896,0.0,0.0,0.0
2022Q2,relative,log_return,log_return,False,-0.2039794325472758,0.158339833278712,-0.0969178113277264,0.090436736636471,0.002785703683689128,0.033705250649388806,62,0,2.958100387638669,1.054171878693137,0.0,0.0,0.0
2022Q2,relative,intraday_return,intraday_return,False,-0.0887583865907613,0.1300499586491521,-0.0702933849995888,0.1131828768708633,0.0011292207494275903,0.02719850695433288,62,0,4.119845854391096,0.8825348817271762,0.016129032258064516,0.0,0.0
2022Q2,relative,daily_range,daily_range,False,0.0096011056844935,0.1634420107728297,0.0294621230421696,0.1185155889339192,0.0389135462873134,0.021974823770680982,62,0,3.622420069316396,0.4636492636882367,0.03225806451612903,0.0,0.0
2022Q2,relative,close_to_sma_5,sma_5,True,-0.15425029674294144,0.14998012565991203,-0.1134141064965285,0.08497044543649435,0.00558868131049835,0.0332101198415386,62,0,3.5833290688153547,1.1266159835364395,0.03225806451612903,0.0,0.0
2022Q2,relative,close_to_sma_20,sma_20,True,-0.2605964754727371,0.26746429819581374,-0.19382452185489507,0.11303947824038918,0.02576442396519653,0.07166929733944409,62,0,3.0639193346638,1.5124073180644362,0.04838709677419355,0.0,0.0
2022Q2,relative,close_to_sma_60,sma_60,True,-0.24282600161599677,0.37731712805640405,-0.29050122718654225,0.09892613729066158,0.08311215561132632,0.11540258315986411,62,6,3.2374785084343563,2.2146085733573777,0.04838709677419355,0.0,0.0967741935483871
2022Q2,relative,rolling_volatility_20,rolling_volatility_20,False,0.0121001603510116,0.0870221345372299,0.0307341496564874,0.0544642313340757,0.03039937074504217,0.013805676524012595,62,0,1.743113461131503,0.9771093966903033,0.0,0.0,0.0
2022Q2,relative,rolling_volatility_60,rolling_volatility_60,False,0.0158647934340433,0.0596476058892001,0.0412643152636055,0.0464575902415098,0.030603308801719787,0.010713990589178216,62,0,1.47977369476167,1.2633643470779337,0.0,0.0,0.0
2022Q3,original,simple_return,simple_return,False,-0.1845208566564599,0.1715642635902294,-0.0947259936901673,0.0760297524680857,0.002234224347512251,0.034830366930005255,64,0,2.783783996089671,0.5532632929478241,0.0,0.0,0.0
2022Q3,original,log_return,log_return,False,-0.2039794325472758,0.158339833278712,-0.0995176117044871,0.0732781123499557,0.0016259157296479136,0.03485069977941404,64,0,2.9021950226055284,0.5540779935430684,0.0,0.0,0.0
2022Q3,original,intraday_return,intraday_return,False,-0.0887583865907613,0.1300499586491521,-0.0894327205400519,0.0634647502289351,0.0005628578127367602,0.028141860707993203,64,1,3.197925655542279,0.68402272954489,0.015625,0.0,0.015625
2022Q3,original,daily_range,daily_range,False,0.0096011056844935,0.1634420107728297,0.0213805285746827,0.1037515529465779,0.040530080254661115,0.022316111843164472,64,0,2.832996766472194,0.34344723729581184,0.0,0.0,0.0
2022Q3,original,sma_5,sma_5,True,5.176049995422363,32.39499969482422,12.347200012207033,18.81279983520508,16.098499267376386,6.911492937245928,64,0,0.5427625101016396,0.26837914737141244,0.0,0.0,0.0
2022Q3,original,sma_20,sma_20,True,5.6758624792099,31.39469966888428,13.13629994392395,18.23554992675781,15.962887045129754,6.935950846280818,64,0,0.40752697991241843,0.1490603038841566,0.0,0.0,0.0
2022Q3,original,sma_60,sma_60,True,5.275329176584879,29.17673314412435,15.855466636021932,18.411166683832803,15.54294308132341,7.0007234241010465,64,0,0.40970388754897835,0.21235047529602624,0.0,0.0,0.0
2022Q3,original,rolling_volatility_20,rolling_volatility_20,False,0.0121001603510116,0.0870221345372299,0.0294239620910176,0.0401908137629282,0.0318329366203869,0.013911601557595642,64,0,0.6007846837719379,0.25159616661923545,0.0,0.0,0.0
2022Q3,original,rolling_volatility_60,rolling_volatility_60,False,0.0158647934340433,0.0596476058892001,0.0347164251801205,0.0439745025549403,0.03193084469689316,0.010935032579972059,64,0,1.1013828966642103,0.5211089401758324,0.0,0.0,0.0
2022Q3,relative,simple_return,simple_return,False,-0.1845208566564599,0.1715642635902294,-0.0947259936901673,0.0760297524680857,0.002234224347512251,0.034830366930005255,64,0,2.783783996089671,0.5532632929478241,0.0,0.0,0.0
2022Q3,relative,log_return,log_return,False,-0.2039794325472758,0.158339833278712,-0.0995176117044871,0.0732781123499557,0.0016259157296479136,0.03485069977941404,64,0,2.9021950226055284,0.5540779935430684,0.0,0.0,0.0
2022Q3,relative,intraday_return,intraday_return,False,-0.0887583865907613,0.1300499586491521,-0.0894327205400519,0.0634647502289351,0.0005628578127367602,0.028141860707993203,64,1,3.197925655542279,0.68402272954489,0.015625,0.0,0.015625
2022Q3,relative,daily_range,daily_range,False,0.0096011056844935,0.1634420107728297,0.0213805285746827,0.1037515529465779,0.040530080254661115,0.022316111843164472,64,0,2.832996766472194,0.34344723729581184,0.0,0.0,0.0
2022Q3,relative,close_to_sma_5,sma_5,True,-0.15425029674294144,0.14998012565991203,-0.08979883762597429,0.08534262180549357,0.003461206331928808,0.03484531756331558,64,0,2.6764010340398023,0.936929603863851,0.0,0.0,0.0
2022Q3,relative,close_to_sma_20,sma_20,True,-0.2605964754727371,0.26746429819581374,-0.20260330237249347,0.13273376975563567,0.01775276982166228,0.07813174045614475,64,0,2.820314393455005,1.199264771981818,0.0,0.0,0.0
2022Q3,relative,close_to_sma_60,sma_60,True,-0.29050122718654225,0.37731712805640405,-0.23757269511444745,0.13175764486780595,0.06109907309623153,0.13256410996326928,64,0,2.2530364236099394,1.1465456901092144,0.0,0.0,0.0
2022Q3,relative,rolling_volatility_20,rolling_volatility_20,False,0.0121001603510116,0.0870221345372299,0.0294239620910176,0.0401908137629282,0.0318329366203869,0.013911601557595642,64,0,0.6007846837719379,0.25159616661923545,0.0,0.0,0.0
2022Q3,relative,rolling_volatility_60,rolling_volatility_60,False,0.0158647934340433,0.0596476058892001,0.0347164251801205,0.0439745025549403,0.03193084469689316,0.010935032579972059,64,0,1.1013828966642103,0.5211089401758324,0.0,0.0,0.0
2022Q4,original,simple_return,simple_return,False,-0.1845208566564599,0.1715642635902294,-0.0802741730107554,0.1432926810273016,0.0017093139410419489,0.03493237127737215,63,0,4.053070602108593,0.6793805051939538,0.015873015873015872,0.0,0.0
2022Q4,original,log_return,log_return,False,-0.2039794325472758,0.158339833278712,-0.0836796674962154,0.1339124159248136,0.0010974214223068662,0.0349885419820335,63,0,3.7959568183980568,0.667835986250663,0.015873015873015872,0.0,0.0
2022Q4,original,intraday_return,intraday_return,False,-0.0894327205400519,0.1300499586491521,-0.0688396709527036,0.0901467820510335,0.0007625340918991083,0.028169766165022203,63,0,3.1730560855745016,0.7082619981408917,0.015873015873015872,0.0,0.0
2022Q4,original,daily_range,daily_range,False,0.0096011056844935,0.1634420107728297,0.0193607017729783,0.1057692591377907,0.04078524039264362,0.021759913222829098,63,0,2.986409829841143,0.49663084166489624,0.0,0.0,0.0
2022Q4,original,sma_5,sma_5,True,5.176049995422363,32.39499969482422,11.588600158691406,17.49020004272461,16.109473751450693,6.604565281305282,63,0,0.6845073672836514,0.2090563470062391,0.0,0.0,0.0
2022Q4,original,sma_20,sma_20,True,5.6758624792099,31.39469966888428,12.2169499874115,16.68599991798401,16.025235707122224,6.61692167028856,63,0,0.5755373736416993,0.32095526011394976,0.0,0.0,0.0
2022Q4,original,sma_60,sma_60,True,5.275329176584879,29.17673314412435,13.487683296203612,15.800033299128216,15.696844646692737,6.687881400716206,63,0,0.3303230452400885,0.2195679867388715,0.0,0.0,0.0
2022Q4,original,rolling_volatility_20,rolling_volatility_20,False,0.0121001603510116,0.0870221345372299,0.0305318035977566,0.0463311009546094,0.032224318813621554,0.013340379831730316,63,0,1.057449811693864,0.30558069025243756,0.0,0.0,0.0
2022Q4,original,rolling_volatility_60,rolling_volatility_60,False,0.0158647934340433,0.0596476058892001,0.0349755689193853,0.040783378390661,0.032641365610088256,0.010694885996413307,63,0,0.7612996326752142,0.4611679872144978,0.0,0.0,0.0
2022Q4,relative,simple_return,simple_return,False,-0.1845208566564599,0.1715642635902294,-0.0802741730107554,0.1432926810273016,0.0017093139410419489,0.03493237127737215,63,0,4.053070602108593,0.6793805051939538,0.015873015873015872,0.0,0.0
2022Q4,relative,log_return,log_return,False,-0.2039794325472758,0.158339833278712,-0.0836796674962154,0.1339124159248136,0.0010974214223068662,0.0349885419820335,63,0,3.7959568183980568,0.667835986250663,0.015873015873015872,0.0,0.0
2022Q4,relative,intraday_return,intraday_return,False,-0.0894327205400519,0.1300499586491521,-0.0688396709527036,0.0901467820510335,0.0007625340918991083,0.028169766165022203,63,0,3.1730560855745016,0.7082619981408917,0.015873015873015872,0.0,0.0
2022Q4,relative,daily_range,daily_range,False,0.0096011056844935,0.1634420107728297,0.0193607017729783,0.1057692591377907,0.04078524039264362,0.021759913222829098,63,0,2.986409829841143,0.49663084166489624,0.0,0.0,0.0
2022Q4,relative,close_to_sma_5,sma_5,True,-0.15425029674294144,0.14998012565991203,-0.08604304802868457,0.09201935358266411,0.0024540133203740143,0.03569622586618411,63,0,2.509098317509737,0.9312543038166143,0.0,0.0,0.0
2022Q4,relative,close_to_sma_20,sma_20,True,-0.2605964754727371,0.26746429819581374,-0.1445818586511376,0.2142463931055265,0.013100294910834923,0.08113535616312931,63,0,2.4791423579908964,0.7349367203872968,0.0,0.0,0.0
2022Q4,relative,close_to_sma_60,sma_60,True,-0.29050122718654225,0.37731712805640405,-0.2614180066396673,0.27686336532151357,0.049534900328898554,0.1356766379114909,63,0,2.29186772133473,1.0350688524724956,0.0,0.0,0.0
2022Q4,relative,rolling_volatility_20,rolling_volatility_20,False,0.0121001603510116,0.0870221345372299,0.0305318035977566,0.0463311009546094,0.032224318813621554,0.013340379831730316,63,0,1.057449811693864,0.30558069025243756,0.0,0.0,0.0
2022Q4,relative,rolling_volatility_60,rolling_volatility_60,False,0.0158647934340433,0.0596476058892001,0.0349755689193853,0.040783378390661,0.032641365610088256,0.010694885996413307,63,0,0.7612996326752142,0.4611679872144978,0.0,0.0,0.0
2023Q1,original,simple_return,simple_return,False,-0.1845208566564599,0.1715642635902294,-0.059071894353583,0.1402139292696596,0.0018967158407656596,0.035205041648070874,62,0,3.928903559086494,0.6398845094345165,0.016129032258064516,0.0,0.0
2023Q1,original,log_return,log_return,False,-0.2039794325472758,0.158339833278712,-0.0608885443916159,0.1312159020550714,0.00127618737357013,0.03521077472789131,62,0,3.690339553323513,0.6386133575785427,0.016129032258064516,0.0,0.0
2023Q1,original,intraday_return,intraday_return,False,-0.0894327205400519,0.1300499586491521,-0.0394987507105949,0.0645565675006802,0.0009475556098532087,0.028360967430796715,62,0,2.242836463390702,0.6032467909059898,0.0,0.0,0.0
2023Q1,original,daily_range,daily_range,False,0.0096011056844935,0.1634420107728297,0.0144980927906356,0.0754905846579339,0.041261179686456324,0.021439558944650692,62,0,1.5965535979469407,0.44051216098793444,0.0,0.0,0.0
2023Q1,original,sma_5,sma_5,True,5.176049995422363,32.39499969482422,14.33780002593994,27.016999816894533,15.965403912769016,6.364165341836628,62,0,1.7365350066370444,0.9405940456707725,0.0,0.0,0.0
2023Q1,original,sma_20,sma_20,True,5.6758624792099,31.39469966888428,15.470899868011475,25.37845001220704,15.854882242898649,6.37462385371645,62,0,1.4939811332955881,0.7617379566873841,0.0,0.0,0.0
2023Q1,original,sma_60,sma_60,True,5.275329176584879,29.17673314412435,14.77014996210734,21.87805004119873,15.592211071576111,6.414875700737913,62,0,0.979884765171607,0.3169114122662454,0.0,0.0,0.0
2023Q1,original,rolling_volatility_20,rolling_volatility_20,False,0.0121001603510116,0.0870221345372299,0.0223779485812739,0.0469826952086624,0.03265900627833896,0.012929823736571833,62,0,1.1078023352947246,0.45207616936801986,0.0,0.0,0.0
2023Q1,original,rolling_volatility_60,rolling_volatility_60,False,0.0158647934340433,0.0596476058892001,0.0346105459558252,0.0402452348585412,0.03301936328313986,0.010323694873524396,62,0,0.6999307577302026,0.5000461596009305,0.0,0.0,0.0
2023Q1,relative,simple_return,simple_return,False,-0.1845208566564599,0.1715642635902294,-0.059071894353583,0.1402139292696596,0.0018967158407656596,0.035205041648070874,62,0,3.928903559086494,0.6398845094345165,0.016129032258064516,0.0,0.0
2023Q1,relative,log_return,log_return,False,-0.2039794325472758,0.158339833278712,-0.0608885443916159,0.1312159020550714,0.00127618737357013,0.03521077472789131,62,0,3.690339553323513,0.6386133575785427,0.016129032258064516,0.0,0.0
2023Q1,relative,intraday_return,intraday_return,False,-0.0894327205400519,0.1300499586491521,-0.0394987507105949,0.0645565675006802,0.0009475556098532087,0.028360967430796715,62,0,2.242836463390702,0.6032467909059898,0.0,0.0,0.0
2023Q1,relative,daily_range,daily_range,False,0.0096011056844935,0.1634420107728297,0.0144980927906356,0.0754905846579339,0.041261179686456324,0.021439558944650692,62,0,1.5965535979469407,0.44051216098793444,0.0,0.0,0.0
2023Q1,relative,close_to_sma_5,sma_5,True,-0.15425029674294144,0.14998012565991203,-0.0592548643383114,0.09087888425126867,0.0028607796660215143,0.03593371943769948,62,0,2.449457110551821,0.7062377784451286,0.0,0.0,0.0
2023Q1,relative,close_to_sma_20,sma_20,True,-0.2605964754727371,0.26746429819581374,-0.10744628574676918,0.2150121825598712,0.014941891327792153,0.08110194253895717,62,0,2.466898880208395,0.9675250875702887,0.0,0.0,0.0
2023Q1,relative,close_to_sma_60,sma_60,True,-0.29050122718654225,0.37731712805640405,-0.03990790214538531,0.31861043751994456,0.04636727229856632,0.1404371717248662,62,0,1.9385406433186816,1.4074005308808584,0.0,0.0,0.0
2023Q1,relative,rolling_volatility_20,rolling_volatility_20,False,0.0121001603510116,0.0870221345372299,0.0223779485812739,0.0469826952086624,0.03265900627833896,0.012929823736571833,62,0,1.1078023352947246,0.45207616936801986,0.0,0.0,0.0
2023Q1,relative,rolling_volatility_60,rolling_volatility_60,False,0.0158647934340433,0.0596476058892001,0.0346105459558252,0.0402452348585412,0.03301936328313986,0.010323694873524396,62,0,0.6999307577302026,0.5000461596009305,0.0,0.0,0.0
2023Q2,original,simple_return,simple_return,False,-0.1845208566564599,0.1715642635902294,-0.0567674808352144,0.2436963589428,0.0024884157781092237,0.03531262272460715,62,1,6.830643677922233,0.5054805739547112,0.016129032258064516,0.016129032258064516,0.016129032258064516
2023Q2,original,log_return,log_return,False,-0.2039794325472758,0.158339833278712,-0.0584424528673209,0.2180878800724045,0.0018642510484549442,0.035267132849384854,62,1,6.131023748014181,0.5050765777452304,0.016129032258064516,0.016129032258064516,0.016129032258064516
2023Q2,original,intraday_return,intraday_return,False,-0.0894327205400519,0.1300499586491521,-0.0430747893071681,0.0532284995552603,0.0015672745015279737,0.028275756648623546,62,0,1.8270501368262122,0.5285808580911395,0.0,0.0,0.0
2023Q2,original,daily_range,daily_range,False,0.0096011056844935,0.1634420107728297,0.0169991685284867,0.0749078792783894,0.04133880843857356,0.02097616165380185,62,0,1.6003438280964803,0.72932242548146,0.0,0.0,0.0
2023Q2,original,sma_5,sma_5,True,5.176049995422363,32.39499969482422,26.77740020751953,43.04459991455078,16.294652080535887,6.301114716284499,62,24,4.245272311085332,2.0041608518330287,0.3709677419354839,0.0,0.3870967741935484
2023Q2,original,sma_20,sma_20,True,5.6758624792099,31.39469966888428,25.598999977111816,40.97944965362549,16.119323144129133,6.252376395363892,62,21,3.9761084326161207,1.910953657681369,0.24193548387096775,0.0,0.3387096774193548
2023Q2,original,sma_60,sma_60,True,5.275329176584879,29.17673314412435,22.10638337135315,33.3837664604187,15.714265496723963,6.200920091893459,62,17,2.849496639505853,1.7017489687275802,0.0,0.0,0.27419354838709675
2023Q2,original,rolling_volatility_20,rolling_volatility_20,False,0.0121001603510116,0.0870221345372299,0.0152366440789939,0.0601618634319675,0.033048050889585914,0.012557060629157695,62,0,2.1592483578061956,1.1446354203812104,0.0,0.0,0.0
2023Q2,original,rolling_volatility_60,rolling_volatility_60,False,0.0158647934340433,0.0596476058892001,0.0212897380829315,0.0390690548287902,0.0334155158761139,0.010024630376907576,62,0,1.209598492640184,0.46028321673420014,0.0,0.0,0.0
2023Q2,relative,simple_return,simple_return,False,-0.1845208566564599,0.1715642635902294,-0.0567674808352144,0.2436963589428,0.0024884157781092237,0.03531262272460715,62,1,6.830643677922233,0.5054805739547112,0.016129032258064516,0.016129032258064516,0.016129032258064516
2023Q2,relative,log_return,log_return,False,-0.2039794325472758,0.158339833278712,-0.0584424528673209,0.2180878800724045,0.0018642510484549442,0.035267132849384854,62,1,6.131023748014181,0.5050765777452304,0.016129032258064516,0.016129032258064516,0.016129032258064516
2023Q2,relative,intraday_return,intraday_return,False,-0.0894327205400519,0.1300499586491521,-0.0430747893071681,0.0532284995552603,0.0015672745015279737,0.028275756648623546,62,0,1.8270501368262122,0.5285808580911395,0.0,0.0,0.0
2023Q2,relative,daily_range,daily_range,False,0.0096011056844935,0.1634420107728297,0.0169991685284867,0.0749078792783894,0.04133880843857356,0.02097616165380185,62,0,1.6003438280964803,0.72932242548146,0.0,0.0,0.0
2023Q2,relative,close_to_sma_5,sma_5,True,-0.15425029674294144,0.14998012565991203,-0.04493720918109001,0.1747893410213479,0.003939407955140186,0.03613316393526337,62,2,4.728341347918068,0.4751864262023623,0.04838709677419355,0.0,0.03225806451612903
2023Q2,relative,close_to_sma_20,sma_20,True,-0.2605964754727371,0.26746429819581374,-0.032518553770248926,0.3012405581208122,0.01887523559255778,0.08298625040698984,62,3,3.402555497367924,0.34095277362603554,0.04838709677419355,0.0,0.04838709677419355
2023Q2,relative,close_to_sma_60,sma_60,True,-0.29050122718654225,0.37731712805640405,0.07187348208583555,0.44213277187124045,0.05742505239558073,0.14356957834967107,62,7,2.6795907872535807,0.8879365431779267,0.0,0.0,0.11290322580645161
2023Q2,relative,rolling_volatility_20,rolling_volatility_20,False,0.0121001603510116,0.0870221345372299,0.0152366440789939,0.0601618634319675,0.033048050889585914,0.012557060629157695,62,0,2.1592483578061956,1.1446354203812104,0.0,0.0,0.0
2023Q2,relative,rolling_volatility_60,rolling_volatility_60,False,0.0158647934340433,0.0596476058892001,0.0212897380829315,0.0390690548287902,0.0334155158761139,0.010024630376907576,62,0,1.209598492640184,0.46028321673420014,0.0,0.0,0.0
2023Q3,original,simple_return,simple_return,False,-0.1845208566564599,0.2436963589428,-0.0481217658389253,0.0847132563263546,0.002879391423718403,0.035500531493893345,63,0,2.305144781190471,0.3307960509734102,0.0,0.0,0.0
2023Q3,original,log_return,log_return,False,-0.2039794325472758,0.2180878800724045,-0.0493181576643401,0.0813156721807963,0.0022521732445349497,0.03527092029045267,63,0,2.2416057841752064,0.3477304000592989,0.0,0.0,0.0
2023Q3,original,intraday_return,intraday_return,False,-0.0894327205400519,0.1300499586491521,-0.0607973838602966,0.0806945187494545,0.001676722577210612,0.02773957954906975,63,0,2.848557817268494,0.5061593922398752,0.0,0.0,0.0
2023Q3,original,daily_range,daily_range,False,0.0096011056844935,0.1634420107728297,0.0133536037170461,0.079743070063732,0.040575786825364744,0.02063668029772985,63,0,1.8979449539990152,0.6430327098712639,0.0,0.0,0.0
2023Q3,original,sma_5,sma_5,True,5.176049995422363,43.04459991455078,41.70599899291992,48.89199981689453,17.3740972921099,7.375169757785738,63,46,4.273515533864446,3.746178646187195,1.0,0.0,0.7301587301587301
2023Q3,original,sma_20,sma_20,True,5.6758624792099,40.374049758911134,41.1337495803833,46.60405006408691,17.07221457950047,7.034059627046501,63,63,4.198405622129539,3.9388755390568395,1.0,0.0,1.0
2023Q3,original,sma_60,sma_60,True,5.275329176584879,32.23064982096354,33.64263308842977,44.9290999730428,16.449589575513205,6.591713836260591,63,63,4.320501633560859,3.898674039586132,0.8412698412698413,0.0,1.0
2023Q3,original,rolling_volatility_20,rolling_volatility_20,False,0.0121001603510116,0.0870221345372299,0.0163266304175947,0.0348224940981952,0.03303933113669317,0.01304919188106523,63,0,1.2807460317407933,0.7256478262491597,0.0,0.0,0.0
2023Q3,original,rolling_volatility_60,rolling_volatility_60,False,0.0158647934340433,0.0596476058892001,0.0249720219932913,0.0414156785229495,0.03337717449609536,0.009746850376344835,63,0,0.862345494007273,0.6727036638005008,0.0,0.0,0.0
2023Q3,relative,simple_return,simple_return,False,-0.1845208566564599,0.2436963589428,-0.0481217658389253,0.0847132563263546,0.002879391423718403,0.035500531493893345,63,0,2.305144781190471,0.3307960509734102,0.0,0.0,0.0
2023Q3,relative,log_return,log_return,False,-0.2039794325472758,0.2180878800724045,-0.0493181576643401,0.0813156721807963,0.0022521732445349497,0.03527092029045267,63,0,2.2416057841752064,0.3477304000592989,0.0,0.0,0.0
2023Q3,relative,intraday_return,intraday_return,False,-0.0894327205400519,0.1300499586491521,-0.0607973838602966,0.0806945187494545,0.001676722577210612,0.02773957954906975,63,0,2.848557817268494,0.5061593922398752,0.0,0.0,0.0
2023Q3,relative,daily_range,daily_range,False,0.0096011056844935,0.1634420107728297,0.0133536037170461,0.079743070063732,0.040575786825364744,0.02063668029772985,63,0,1.8979449539990152,0.6430327098712639,0.0,0.0,0.0
2023Q3,relative,close_to_sma_5,sma_5,True,-0.15425029674294144,0.1747893410213479,-0.05374797033096512,0.062428726612401064,0.004748045813038585,0.03636585189372945,63,0,1.6085424401700914,0.5385797889809747,0.0,0.0,0.0
2023Q3,relative,close_to_sma_20,sma_20,True,-0.2605964754727371,0.3012405581208122,-0.10745880592752854,0.10187225543169909,0.023121683064149214,0.08391951568681663,63,0,1.5560205266078693,0.49865895296421714,0.0,0.0,0.0
2023Q3,relative,close_to_sma_60,sma_60,True,-0.29050122718654225,0.44213277187124045,-0.08580954567888066,0.3022972635139882,0.06901058965392777,0.14742864643043652,63,0,1.5823700448212121,0.5992218711243005,0.0,0.0,0.0
2023Q3,relative,rolling_volatility_20,rolling_volatility_20,False,0.0121001603510116,0.0870221345372299,0.0163266304175947,0.0348224940981952,0.03303933113669317,0.01304919188106523,63,0,1.2807460317407933,0.7256478262491597,0.0,0.0,0.0
2023Q3,relative,rolling_volatility_60,rolling_volatility_60,False,0.0158647934340433,0.0596476058892001,0.0249720219932913,0.0414156785229495,0.03337717449609536,0.009746850376344835,63,0,0.862345494007273,0.6727036638005008,0.0,0.0,0.0
2023Q4,original,simple_return,simple_return,False,-0.1845208566564599,0.2436963589428,-0.0467946943971991,0.0383694734267126,0.0026921256083691516,0.034919325464007826,63,0,1.4171757142495631,0.3975957118850816,0.0,0.0,0.0
2023Q4,original,log_return,log_return,False,-0.2039794325472758,0.2180878800724045,-0.0479249676769424,0.0376516688340196,0.002085670220535341,0.03468946641022892,63,0,1.4416663925026831,0.41379560489347206,0.0,0.0,0.0
2023Q4,original,intraday_return,intraday_return,False,-0.0894327205400519,0.1300499586491521,-0.0373058556984667,0.0423487928082466,0.0013981274784099125,0.027543121823934424,63,0,1.4867837274078122,0.44620465377169266,0.0,0.0,0.0
2023Q4,original,daily_range,daily_range,False,0.0096011056844935,0.1634420107728297,0.0095311200714533,0.0589197896666411,0.04018992117532099,0.020352305923144253,63,1,1.5064042973628402,0.7158615825516906,0.0,0.0,0.015873015873015872
2023Q4,original,sma_5,sma_5,True,5.176049995422363,48.89199981689453,40.90919952392578,49.603800201416014,19.211661116654938,9.894256128809788,63,15,3.071695202660682,2.7414429626029744,0.23809523809523808,0.0,0.23809523809523808
2023Q4,original,sma_20,sma_20,True,5.6758624792099,46.60405006408691,43.40099983215332,48.07049999237061,18.89726727222329,9.623824739072255,63,24,3.031355361419398,2.631690962970174,0.25396825396825395,0.0,0.38095238095238093
2023Q4,original,sma_60,sma_60,True,5.275329176584879,44.88133328755696,44.32623322804769,46.453416633605954,18.039775054871658,8.76143193168937,63,44,3.2430362753792017,3.0789420993444643,1.0,0.0,0.6984126984126984
2023Q4,original,rolling_volatility_20,rolling_volatility_20,False,0.0121001603510116,0.0870221345372299,0.017176508723976,0.0278209834034107,0.03256355441792399,0.012782498310903612,63,0,1.2037588677655189,1.030161892123608,0.0,0.0,0.0
2023Q4,original,rolling_volatility_60,rolling_volatility_60,False,0.0158647934340433,0.0596476058892001,0.0209104357027104,0.0266107525175225,0.03345082742986329,0.00955967023724343,63,0,1.3118017061192027,1.1529217054944565,0.0,0.0,0.0
2023Q4,relative,simple_return,simple_return,False,-0.1845208566564599,0.2436963589428,-0.0467946943971991,0.0383694734267126,0.0026921256083691516,0.034919325464007826,63,0,1.4171757142495631,0.3975957118850816,0.0,0.0,0.0
2023Q4,relative,log_return,log_return,False,-0.2039794325472758,0.2180878800724045,-0.0479249676769424,0.0376516688340196,0.002085670220535341,0.03468946641022892,63,0,1.4416663925026831,0.41379560489347206,0.0,0.0,0.0
2023Q4,relative,intraday_return,intraday_return,False,-0.0894327205400519,0.1300499586491521,-0.0373058556984667,0.0423487928082466,0.0013981274784099125,0.027543121823934424,63,0,1.4867837274078122,0.44620465377169266,0.0,0.0,0.0
2023Q4,relative,daily_range,daily_range,False,0.0096011056844935,0.1634420107728297,0.0095311200714533,0.0589197896666411,0.04018992117532099,0.020352305923144253,63,1,1.5064042973628402,0.7158615825516906,0.0,0.0,0.015873015873015872
2023Q4,relative,close_to_sma_5,sma_5,True,-0.15425029674294144,0.1747893410213479,-0.06078751172356922,0.05756263547628104,0.004384781998182532,0.03582835016267379,63,0,1.81901464694427,0.4833243964285377,0.0,0.0,0.0
2023Q4,relative,close_to_sma_20,sma_20,True,-0.2605964754727371,0.3012405581208122,-0.08457353831002457,0.1291292278019962,0.02231175670973597,0.08212655645838164,63,0,1.301470555068574,0.41678744191520234,0.0,0.0,0.0
2023Q4,relative,close_to_sma_60,sma_60,True,-0.29050122718654225,0.44213277187124045,-0.09518174574906968,0.11959874408945392,0.0726761704103138,0.1456489862131048,63,0,1.1524825577143663,0.24249829639944293,0.0,0.0,0.0
2023Q4,relative,rolling_volatility_20,rolling_volatility_20,False,0.0121001603510116,0.0870221345372299,0.017176508723976,0.0278209834034107,0.03256355441792399,0.012782498310903612,63,0,1.2037588677655189,1.030161892123608,0.0,0.0,0.0
2023Q4,relative,rolling_volatility_60,rolling_volatility_60,False,0.0158647934340433,0.0596476058892001,0.0209104357027104,0.0266107525175225,0.03345082742986329,0.00955967023724343,63,0,1.3118017061192027,1.1529217054944565,0.0,0.0,0.0
2024Q1,original,simple_return,simple_return,False,-0.1845208566564599,0.2436963589428,-0.0554770086160316,0.1640088017558281,0.00270009485731201,0.03421441960628472,61,0,4.714641041839736,0.5464249150864854,0.01639344262295082,0.0,0.0
2024Q1,original,log_return,log_return,False,-0.2039794325472758,0.2180878800724045,-0.0570752499504295,0.1518699109265574,0.002117516842268544,0.03399763361810046,61,0,4.404788749901704,0.5365768263556984,0.01639344262295082,0.0,0.0
2024Q1,original,intraday_return,intraday_return,False,-0.0894327205400519,0.1300499586491521,-0.0799890745159072,0.0553602612904235,0.0014362145572400674,0.027063152581579396,61,0,3.008714111473088,0.45278091303938955,0.01639344262295082,0.0,0.0
2024Q1,original,daily_range,daily_range,False,0.0096011056844935,0.1634420107728297,0.0116980332728624,0.1244630842355656,0.03950764357487732,0.02003835829596234,61,0,4.239640763275827,0.6651116029833649,0.01639344262295082,0.0,0.0
2024Q1,original,sma_5,sma_5,True,5.176049995422363,49.603800201416014,48.47080001831055,92.73179931640624,20.871412909733547,11.540735789861671,61,56,6.2266728668895395,4.365266488847812,0.819672131147541,0.3442622950819672,0.9180327868852459
2024Q1,original,sma_20,sma_20,True,5.6758624792099,48.02704982757568,48.14064998626709,89.44254989624024,20.556538209857997,11.312696848740732,61,61,6.089265239530418,3.945395387899032,0.7213114754098361,0.26229508196721313,1.0
2024Q1,original,sma_60,sma_60,True,5.275329176584879,45.99271666208903,46.511416625976565,72.88558336893718,19.733521710583815,10.70754430808235,61,61,4.963982415485567,3.257592089214429,0.6229508196721312,0.0,1.0
2024Q1,original,rolling_volatility_20,rolling_volatility_20,False,0.0121001603510116,0.0870221345372299,0.0166199984225881,0.0482886737405474,0.03184775540769812,0.01270820893035879,61,0,1.2937242708981105,0.8907566044148381,0.0,0.0,0.0
2024Q1,original,rolling_volatility_60,rolling_volatility_60,False,0.0158647934340433,0.0596476058892001,0.0186905558453135,0.0323901272472397,0.0328419984589565,0.00955957254430631,61,0,1.4803426144897673,1.1605588383085668,0.0,0.0,0.0
2024Q1,relative,simple_return,simple_return,False,-0.1845208566564599,0.2436963589428,-0.0554770086160316,0.1640088017558281,0.00270009485731201,0.03421441960628472,61,0,4.714641041839736,0.5464249150864854,0.01639344262295082,0.0,0.0
2024Q1,relative,log_return,log_return,False,-0.2039794325472758,0.2180878800724045,-0.0570752499504295,0.1518699109265574,0.002117516842268544,0.03399763361810046,61,0,4.404788749901704,0.5365768263556984,0.01639344262295082,0.0,0.0
2024Q1,relative,intraday_return,intraday_return,False,-0.0894327205400519,0.1300499586491521,-0.0799890745159072,0.0553602612904235,0.0014362145572400674,0.027063152581579396,61,0,3.008714111473088,0.45278091303938955,0.01639344262295082,0.0,0.0
2024Q1,relative,daily_range,daily_range,False,0.0096011056844935,0.1634420107728297,0.0116980332728624,0.1244630842355656,0.03950764357487732,0.02003835829596234,61,0,4.239640763275827,0.6651116029833649,0.01639344262295082,0.0,0.0
2024Q1,relative,close_to_sma_5,sma_5,True,-0.15425029674294144,0.1747893410213479,-0.05261236621162191,0.08858909002064985,0.004434249901433644,0.035223536704685116,61,0,2.389164972977364,0.6993361746037072,0.0,0.0,0.0
2024Q1,relative,close_to_sma_20,sma_20,True,-0.2605964754727371,0.3012405581208122,-0.013983198540420738,0.19648782189608838,0.02169741262116781,0.08071814827520368,61,0,2.165441267049179,1.0891242504289818,0.0,0.0,0.0
2024Q1,relative,close_to_sma_60,sma_60,True,-0.29050122718654225,0.44213277187124045,0.022076345412884057,0.48259921089743707,0.06929450268568894,0.1423266256374161,61,1,2.903917003306617,1.7102140485230928,0.0,0.0,0.01639344262295082
2024Q1,relative,rolling_volatility_20,rolling_volatility_20,False,0.0121001603510116,0.0870221345372299,0.0166199984225881,0.0482886737405474,0.03184775540769812,0.01270820893035879,61,0,1.2937242708981105,0.8907566044148381,0.0,0.0,0.0
2024Q1,relative,rolling_volatility_60,rolling_volatility_60,False,0.0158647934340433,0.0596476058892001,0.0186905558453135,0.0323901272472397,0.0328419984589565,0.00955957254430631,61,0,1.4803426144897673,1.1605588383085668,0.0,0.0,0.0
2024Q2,original,simple_return,simple_return,False,-0.1845208566564599,0.2436963589428,-0.1000460713766637,0.0931964922300698,0.0031623011456259897,0.0340991128061106,63,0,3.0267172377515528,0.6518875054151604,0.015873015873015872,0.0,0.0
2024Q2,original,log_return,log_return,False,-0.2039794325472758,0.2180878800724045,-0.1054117073866157,0.0891059663491653,0.002583471223940211,0.0338379065839505,63,0,3.1915443215325445,0.6499628138679527,0.015873015873015872,0.0,0.0
2024Q2,original,intraday_return,intraday_return,False,-0.0894327205400519,0.1300499586491521,-0.0835839380649158,0.0477254114337997,0.00156059820454214,0.026756300071771513,63,0,3.1822238516186814,0.6183025209826678,0.015873015873015872,0.0,0.0
2024Q2,original,daily_range,daily_range,False,0.0095311200714533,0.1634420107728297,0.0181859006229309,0.1144093837151067,0.03923950053577192,0.019961097839232615,63,0,3.765819083937951,0.5392776756749172,0.015873015873015872,0.0,0.0
2024Q2,original,sma_5,sma_5,True,5.176049995422363,89.75440063476563,80.08999938964844,131.76600036621093,23.554419514553697,15.962816805419603,63,38,6.778977806405563,4.2252931756877,1.0,0.3492063492063492,0.6031746031746031
2024Q2,original,sma_20,sma_20,True,5.6758624792099,85.98889999389648,84.98300018310547,123.84130020141602,22.97425461295859,15.003148718223251,63,50,6.7230584381224885,4.455111203915364,1.0,0.30158730158730157,0.7936507936507936
2024Q2,original,sma_60,sma_60,True,5.275329176584879,69.27641665140787,73.5988166809082,101.67906684875489,21.714696717359548,13.239070882068921,63,63,6.040028854267982,4.873749887795482,1.0,0.4126984126984127,1.0
2024Q2,original,rolling_volatility_20,rolling_volatility_20,False,0.0121001603510116,0.0870221345372299,0.0186371892857115,0.0400184040665567,0.031647623770583395,0.012669592179272002,63,0,1.0269023896568292,0.2401964268396964,0.0,0.0,0.0
2024Q2,original,rolling_volatility_60,rolling_volatility_60,False,0.0158647934340433,0.0596476058892001,0.0301948721915553,0.0372512445212639,0.032337009744386074,0.009572135642754994,63,0,0.5133895883096203,0.10669120409191087,0.0,0.0,0.0
2024Q2,relative,simple_return,simple_return,False,-0.1845208566564599,0.2436963589428,-0.1000460713766637,0.0931964922300698,0.0031623011456259897,0.0340991128061106,63,0,3.0267172377515528,0.6518875054151604,0.015873015873015872,0.0,0.0
2024Q2,relative,log_return,log_return,False,-0.2039794325472758,0.2180878800724045,-0.1054117073866157,0.0891059663491653,0.002583471223940211,0.0338379065839505,63,0,3.1915443215325445,0.6499628138679527,0.015873015873015872,0.0,0.0
2024Q2,relative,intraday_return,intraday_return,False,-0.0894327205400519,0.1300499586491521,-0.0835839380649158,0.0477254114337997,0.00156059820454214,0.026756300071771513,63,0,3.1822238516186814,0.6183025209826678,0.015873015873015872,0.0,0.0
2024Q2,relative,daily_range,daily_range,False,0.0095311200714533,0.1634420107728297,0.0181859006229309,0.1144093837151067,0.03923950053577192,0.019961097839232615,63,0,3.765819083937951,0.5392776756749172,0.015873015873015872,0.0,0.0
2024Q2,relative,close_to_sma_5,sma_5,True,-0.15425029674294144,0.1747893410213479,-0.08921838674567917,0.10689886294211504,0.005345807041568023,0.035078581529057,63,0,2.8950160318320326,0.5699984316710218,0.0,0.0,0.0
2024Q2,relative,close_to_sma_20,sma_20,True,-0.2605964754727371,0.3012405581208122,-0.13497562553944198,0.21930880451663692,0.02608997810882713,0.08118885225805504,63,0,2.3798689233057835,0.6891437463862377,0.0,0.0,0.0
2024Q2,relative,close_to_sma_60,sma_60,True,-0.29050122718654225,0.48259921089743707,-0.05705054476786786,0.3876673329937814,0.0802303508377526,0.14778282321108255,63,0,2.0803296044555024,0.5799127948472366,0.0,0.0,0.0
2024Q2,relative,rolling_volatility_20,rolling_volatility_20,False,0.0121001603510116,0.0870221345372299,0.0186371892857115,0.0400184040665567,0.031647623770583395,0.012669592179272002,63,0,1.0269023896568292,0.2401964268396964,0.0,0.0,0.0
2024Q2,relative,rolling_volatility_60,rolling_volatility_60,False,0.0158647934340433,0.0596476058892001,0.0301948721915553,0.0372512445212639,0.032337009744386074,0.009572135642754994,63,0,0.5133895883096203,0.10669120409191087,0.0,0.0,0.0
2024Q3,original,simple_return,simple_return,False,-0.1845208566564599,0.2436963589428,-0.0952500836472303,0.1281210147116462,0.0033033511743703918,0.03398184902452667,64,0,3.6730686269363293,0.6731950820263611,0.015625,0.0,0.0
2024Q3,original,log_return,log_return,False,-0.2039794325472758,0.2180878800724045,-0.1000967089917079,0.1205534298672921,0.0027278343480819076,0.03373107742401948,64,0,3.493087221557532,0.676021018993813,0.03125,0.0,0.0
2024Q3,original,intraday_return,intraday_return,False,-0.0894327205400519,0.1300499586491521,-0.0825525841575808,0.0911362112985982,0.001474156056313057,0.026763885395574998,64,0,3.3501135547796586,0.7967318852237256,0.03125,0.0,0.0
2024Q3,original,daily_range,daily_range,False,0.0095311200714533,0.1634420107728297,0.0183209806836411,0.1266301802603064,0.03923075504260838,0.019781737185736874,64,0,4.418187563462079,0.5755445530726424,0.046875,0.0,0.0
2024Q3,original,sma_5,sma_5,True,5.176049995422363,131.76600036621093,102.66600036621094,130.2740036010742,27.6882790570577,23.257011874860364,64,0,4.410958944167132,3.905519868105057,1.0,0.0,0.0
2024Q3,original,sma_20,sma_20,True,5.6758624792099,120.40950050354004,111.5019989013672,127.78700065612792,26.899274009323115,21.845425132849215,64,23,4.618254212645135,4.192489974628929,1.0,0.0,0.359375
2024Q3,original,sma_60,sma_60,True,5.275329176584879,98.86665026346844,102.31898358662924,121.25243326822915,25.24223237428312,19.450992545474104,64,64,4.936005227984413,4.752491893562423,1.0,0.0,1.0
2024Q3,original,rolling_volatility_20,rolling_volatility_20,False,0.0121001603510116,0.0870221345372299,0.0313198189280817,0.0547699251608773,0.03163121864840039,0.012374419897712333,64,0,1.8698821200300935,0.6810490376165488,0.0,0.0,0.0
2024Q3,original,rolling_volatility_60,rolling_volatility_60,False,0.0158647934340433,0.0596476058892001,0.0325860078284607,0.0433912124046929,0.0324064224041476,0.009320724987107709,64,0,1.1785338603745206,0.828332515927393,0.0,0.0,0.0
2024Q3,relative,simple_return,simple_return,False,-0.1845208566564599,0.2436963589428,-0.0952500836472303,0.1281210147116462,0.0033033511743703918,0.03398184902452667,64,0,3.6730686269363293,0.6731950820263611,0.015625,0.0,0.0
2024Q3,relative,log_return,log_return,False,-0.2039794325472758,0.2180878800724045,-0.1000967089917079,0.1205534298672921,0.0027278343480819076,0.03373107742401948,64,0,3.493087221557532,0.676021018993813,0.03125,0.0,0.0
2024Q3,relative,intraday_return,intraday_return,False,-0.0894327205400519,0.1300499586491521,-0.0825525841575808,0.0911362112985982,0.001474156056313057,0.026763885395574998,64,0,3.3501135547796586,0.7967318852237256,0.03125,0.0,0.0
2024Q3,relative,daily_range,daily_range,False,0.0095311200714533,0.1634420107728297,0.0183209806836411,0.1266301802603064,0.03923075504260838,0.019781737185736874,64,0,4.418187563462079,0.5755445530726424,0.046875,0.0,0.0
2024Q3,relative,close_to_sma_5,sma_5,True,-0.15425029674294144,0.1747893410213479,-0.0983018058620202,0.08788099430910523,0.005704275340313548,0.035022890141753305,64,0,2.9696601503009776,0.8124995309952532,0.0,0.0,0.0
2024Q3,relative,close_to_sma_20,sma_20,True,-0.2605964754727371,0.3012405581208122,-0.15222411726781815,0.1581240240344366,0.02771132634679521,0.08153368117201265,64,0,2.20688482389261,0.6905677108565649,0.0,0.0,0.0
2024Q3,relative,close_to_sma_60,sma_60,True,-0.29050122718654225,0.48259921089743707,-0.1493843094474896,0.26793665943077927,0.08473994626597096,0.14752435829920374,64,0,1.587021007328281,0.6729985878348357,0.0,0.0,0.0
2024Q3,relative,rolling_volatility_20,rolling_volatility_20,False,0.0121001603510116,0.0870221345372299,0.0313198189280817,0.0547699251608773,0.03163121864840039,0.012374419897712333,64,0,1.8698821200300935,0.6810490376165488,0.0,0.0,0.0
2024Q3,relative,rolling_volatility_60,rolling_volatility_60,False,0.0158647934340433,0.0596476058892001,0.0325860078284607,0.0433912124046929,0.0324064224041476,0.009320724987107709,64,0,1.1785338603745206,0.828332515927393,0.0,0.0,0.0
2024Q4,original,simple_return,simple_return,False,-0.1845208566564599,0.2436963589428,-0.0472226353092374,0.048947562676445,0.0031003719642402074,0.03443929192142499,64,0,1.461209115108758,0.49400895215952345,0.0,0.0,0.0
2024Q4,original,log_return,log_return,False,-0.2039794325472758,0.2180878800724045,-0.0483740178450254,0.0477873402490363,0.002509543490199084,0.03420334947494939,64,0,1.4876777308752092,0.49603974627403363,0.0,0.0,0.0
2024Q4,original,intraday_return,intraday_return,False,-0.0894327205400519,0.1300499586491521,-0.0454775457730485,0.0403967395482878,0.0012948788142302574,0.02714489806190951,64,0,1.7230650297748273,0.5127429721628417,0.0,0.0,0.0
2024Q4,original,daily_range,daily_range,False,0.0095311200714533,0.1634420107728297,0.0117390950520833,0.0831117651434406,0.039742281727378335,0.020142727269086322,64,0,2.153108803822349,0.6770745732310739,0.0,0.0,0.0
2024Q4,original,sma_5,sma_5,True,5.176049995422363,131.76600036621093,120.30800018310546,147.26600036621093,32.585168991136996,30.60715202118478,64,54,3.7468638472373206,3.4482407530311043,0.921875,0.0,0.84375
2024Q4,original,sma_20,sma_20,True,5.6758624792099,127.78700065612792,115.5050006866455,143.14549865722657,31.902573469328814,29.881417034866036,64,50,3.7228129127242533,3.536426196189211,0.890625,0.0,0.78125
2024Q4,original,sma_60,sma_60,True,5.275329176584879,121.25243326822915,116.98316650390623,138.96183242797852,30.024333734936096,27.609028619138478,64,46,3.94572008294154,3.555901981827927,1.0,0.0,0.71875
2024Q4,original,rolling_volatility_20,rolling_volatility_20,False,0.0121001603510116,0.0870221345372299,0.0205313505420507,0.0299434984242291,0.03213631507011017,0.012343793781888468,64,0,0.940145690467298,0.6684356196696932,0.0,0.0,0.0
2024Q4,original,rolling_volatility_60,rolling_volatility_60,False,0.0158647934340433,0.0596476058892001,0.02298390167575,0.0415195648877704,0.032714053885844994,0.009197807867553255,64,0,1.0578773062242004,0.8026488024822886,0.0,0.0,0.0
2024Q4,relative,simple_return,simple_return,False,-0.1845208566564599,0.2436963589428,-0.0472226353092374,0.048947562676445,0.0031003719642402074,0.03443929192142499,64,0,1.461209115108758,0.49400895215952345,0.0,0.0,0.0
2024Q4,relative,log_return,log_return,False,-0.2039794325472758,0.2180878800724045,-0.0483740178450254,0.0477873402490363,0.002509543490199084,0.03420334947494939,64,0,1.4876777308752092,0.49603974627403363,0.0,0.0,0.0
2024Q4,relative,intraday_return,intraday_return,False,-0.0894327205400519,0.1300499586491521,-0.0454775457730485,0.0403967395482878,0.0012948788142302574,0.02714489806190951,64,0,1.7230650297748273,0.5127429721628417,0.0,0.0,0.0
2024Q4,relative,daily_range,daily_range,False,0.0095311200714533,0.1634420107728297,0.0117390950520833,0.0831117651434406,0.039742281727378335,0.020142727269086322,64,0,2.153108803822349,0.6770745732310739,0.0,0.0,0.0
2024Q4,relative,close_to_sma_5,sma_5,True,-0.15425029674294144,0.1747893410213479,-0.05217823713541525,0.059340276253100566,0.005223100638423644,0.03545837729629585,64,0,1.6188371310447789,0.5695356129423893,0.0,0.0,0.0
2024Q4,relative,close_to_sma_20,sma_20,True,-0.2605964754727371,0.3012405581208122,-0.06878800898421455,0.11575779882330739,0.02554063597906706,0.08170203383613568,64,0,1.154544636581144,0.48342260086191824,0.0,0.0,0.0
2024Q4,relative,close_to_sma_60,sma_60,True,-0.29050122718654225,0.48259921089743707,-0.05879114484287007,0.20081223879814036,0.08243048144142799,0.1464423985727511,64,0,0.9643493118158715,0.4349107246179368,0.0,0.0,0.0
2024Q4,relative,rolling_volatility_20,rolling_volatility_20,False,0.0121001603510116,0.0870221345372299,0.0205313505420507,0.0299434984242291,0.03213631507011017,0.012343793781888468,64,0,0.940145690467298,0.6684356196696932,0.0,0.0,0.0
2024Q4,relative,rolling_volatility_60,rolling_volatility_60,False,0.0158647934340433,0.0596476058892001,0.02298390167575,0.0415195648877704,0.032714053885844994,0.009197807867553255,64,0,1.0578773062242004,0.8026488024822886,0.0,0.0,0.0
2025Q1,original,simple_return,simple_return,False,-0.1845208566564599,0.2436963589428,-0.1696816559862984,0.0892586344169581,0.0031028274237139123,0.03396880381185942,60,0,5.086563670802226,0.8032585552780345,0.016666666666666666,0.016666666666666666,0.0
2025Q1,original,log_return,log_return,False,-0.2039794325472758,0.2180878800724045,-0.1859461047223838,0.0854973129217592,0.002527773833524921,0.03374116250533775,60,0,5.585873887009457,0.8123046417383946,0.016666666666666666,0.016666666666666666,0.0
2025Q1,original,intraday_return,intraday_return,False,-0.0894327205400519,0.1300499586491521,-0.1099999886971933,0.0589443237704403,0.00119116301303446,0.026855066898806675,60,1,4.14041611325007,0.627248295532314,0.03333333333333333,0.0,0.016666666666666666
2025Q1,original,daily_range,daily_range,False,0.0095311200714533,0.1634420107728297,0.0196371091112756,0.1248438799842597,0.0394141715283085,0.01992489567438049,60,0,4.287586236438722,0.5013208525345854,0.03333333333333333,0.0,0.0
2025Q1,original,sma_5,sma_5,True,5.176049995422363,147.26600036621093,110.94800109863282,143.09000244140626,37.86850431180438,37.56136327215451,60,0,2.801322661459577,2.4026416097044954,0.0,0.0,0.0
2025Q1,original,sma_20,sma_20,True,5.6758624792099,143.14549865722657,114.96650009155272,139.37799987792968,37.08966467062759,36.76994720413583,60,0,2.781846126659568,2.5506927252112916,0.0,0.0,0.0
2025Q1,original,sma_60,sma_60,True,5.275329176584879,137.56383260091147,126.742999903361,139.78833236694337,34.9311808738026,34.251634154572905,60,22,3.0613766052718794,2.947944077111726,0.36666666666666664,0.0,0.36666666666666664
2025Q1,original,rolling_volatility_20,rolling_volatility_20,False,0.0121001603510116,0.0870221345372299,0.0224309117717467,0.0537027185662737,0.03178593938752459,0.012154718740599287,60,0,1.8031498421713792,0.8271753051111652,0.0,0.0,0.0
2025Q1,original,rolling_volatility_60,rolling_volatility_60,False,0.0158647934340433,0.0596476058892001,0.0232672422168693,0.0421047245885316,0.032688491593700304,0.009089432327793575,60,0,1.036505805541101,0.8134858227226052,0.0,0.0,0.0
2025Q1,relative,simple_return,simple_return,False,-0.1845208566564599,0.2436963589428,-0.1696816559862984,0.0892586344169581,0.0031028274237139123,0.03396880381185942,60,0,5.086563670802226,0.8032585552780345,0.016666666666666666,0.016666666666666666,0.0
2025Q1,relative,log_return,log_return,False,-0.2039794325472758,0.2180878800724045,-0.1859461047223838,0.0854973129217592,0.002527773833524921,0.03374116250533775,60,0,5.585873887009457,0.8123046417383946,0.016666666666666666,0.016666666666666666,0.0
2025Q1,relative,intraday_return,intraday_return,False,-0.0894327205400519,0.1300499586491521,-0.1099999886971933,0.0589443237704403,0.00119116301303446,0.026855066898806675,60,1,4.14041611325007,0.627248295532314,0.03333333333333333,0.0,0.016666666666666666
2025Q1,relative,daily_range,daily_range,False,0.0095311200714533,0.1634420107728297,0.0196371091112756,0.1248438799842597,0.0394141715283085,0.01992489567438049,60,0,4.287586236438722,0.5013208525345854,0.03333333333333333,0.0,0.0
2025Q1,relative,close_to_sma_5,sma_5,True,-0.15425029674294144,0.1747893410213479,-0.14947714931909484,0.06966396577274936,0.005205432380738799,0.035076598304884916,60,0,4.40985127335714,0.8416981183462571,0.016666666666666666,0.0,0.0
2025Q1,relative,close_to_sma_20,sma_20,True,-0.2605964754727371,0.3012405581208122,-0.15619931808105736,0.08885419475052103,0.025565931219058518,0.08037655285197343,60,0,2.2614213082124373,0.5927625875868878,0.0,0.0,0.0
2025Q1,relative,close_to_sma_60,sma_60,True,-0.29050122718654225,0.48259921089743707,-0.18749775706593286,0.07033108923545073,0.08258206013399955,0.14343757004206562,60,0,1.8829084815137813,1.0100393006456259,0.0,0.0,0.0
2025Q1,relative,rolling_volatility_20,rolling_volatility_20,False,0.0121001603510116,0.0870221345372299,0.0224309117717467,0.0537027185662737,0.03178593938752459,0.012154718740599287,60,0,1.8031498421713792,0.8271753051111652,0.0,0.0,0.0
2025Q1,relative,rolling_volatility_60,rolling_volatility_60,False,0.0158647934340433,0.0596476058892001,0.0232672422168693,0.0421047245885316,0.032688491593700304,0.009089432327793575,60,0,1.036505805541101,0.8134858227226052,0.0,0.0,0.0
2025Q2,original,simple_return,simple_return,False,-0.1845208566564599,0.2436963589428,-0.0780655249060837,0.187227395720916,0.0028945685659743196,0.0343409847261129,62,0,5.367721066390241,0.4510710982475033,0.016129032258064516,0.016129032258064516,0.0
2025Q2,original,log_return,log_return,False,-0.2039794325472758,0.2180878800724045,-0.0812811261788659,0.1716206690752093,0.0023055532421309625,0.03419712275109229,62,0,4.951150921832165,0.4554448654467845,0.016129032258064516,0.0,0.0
2025Q2,original,intraday_return,intraday_return,False,-0.1099999886971933,0.1300499586491521,-0.0723436536312128,0.156133102808194,0.0010096964539091306,0.02708739481829065,62,1,5.726774663820326,0.46053976584385214,0.03225806451612903,0.016129032258064516,0.016129032258064516
2025Q2,original,daily_range,daily_range,False,0.0095311200714533,0.1634420107728297,0.0099916908839425,0.1549569576812391,0.03966810500657214,0.020065802551600516,62,0,5.745539077153489,0.7886277187421087,0.06451612903225806,0.03225806451612903,0.0
2025Q2,original,sma_5,sma_5,True,5.176049995422363,147.26600036621093,100.09400024414064,154.59400024414063,42.049331209701336,41.42067127199428,62,3,2.717113595175702,2.031706990052377,0.0,0.0,0.04838709677419355
2025Q2,original,sma_20,sma_20,True,5.6758624792099,143.14549865722657,105.2404998779297,145.69500122070312,41.41946367476609,41.02787768646093,62,3,2.541577664407136,1.781301900047805,0.0,0.0,0.04838709677419355
2025Q2,original,sma_60,sma_60,True,5.275329176584879,139.78833236694337,114.3181662241618,126.36400044759117,39.553452471852694,39.57642764978392,62,0,2.193491255550763,1.9800813788693774,0.0,0.0,0.0
2025Q2,original,rolling_volatility_20,rolling_volatility_20,False,0.0121001603510116,0.0870221345372299,0.0153817485918234,0.0590536320609057,0.03211474943379501,0.012205035390824188,62,0,2.207194142784992,1.1277897428034085,0.0,0.0,0.0
2025Q2,original,rolling_volatility_60,rolling_volatility_60,False,0.0158647934340433,0.0596476058892001,0.0372897002787716,0.0502798719897108,0.03271908579107362,0.008997006007298951,62,0,1.951847779626994,1.1643447088703713,0.0,0.0,0.0
2025Q2,relative,simple_return,simple_return,False,-0.1845208566564599,0.2436963589428,-0.0780655249060837,0.187227395720916,0.0028945685659743196,0.0343409847261129,62,0,5.367721066390241,0.4510710982475033,0.016129032258064516,0.016129032258064516,0.0
2025Q2,relative,log_return,log_return,False,-0.2039794325472758,0.2180878800724045,-0.0812811261788659,0.1716206690752093,0.0023055532421309625,0.03419712275109229,62,0,4.951150921832165,0.4554448654467845,0.016129032258064516,0.0,0.0
2025Q2,relative,intraday_return,intraday_return,False,-0.1099999886971933,0.1300499586491521,-0.0723436536312128,0.156133102808194,0.0010096964539091306,0.02708739481829065,62,1,5.726774663820326,0.46053976584385214,0.03225806451612903,0.016129032258064516,0.016129032258064516
2025Q2,relative,daily_range,daily_range,False,0.0095311200714533,0.1634420107728297,0.0099916908839425,0.1549569576812391,0.03966810500657214,0.020065802551600516,62,0,5.745539077153489,0.7886277187421087,0.06451612903225806,0.03225806451612903,0.0
2025Q2,relative,close_to_sma_5,sma_5,True,-0.15425029674294144,0.1747893410213479,-0.10191218149246561,0.13337167140099138,0.004788658840528327,0.03541648384450124,62,0,3.6305979194607954,0.4488742680280171,0.03225806451612903,0.0,0.0
2025Q2,relative,close_to_sma_20,sma_20,True,-0.2605964754727371,0.3012405581208122,-0.16519878557878498,0.20762728010926512,0.02333271827401194,0.08028375230758412,62,0,2.3483145522457978,0.6433714198882614,0.0,0.0,0.0
2025Q2,relative,close_to_sma_60,sma_60,True,-0.29050122718654225,0.48259921089743707,-0.24034525175714483,0.25625972728129964,0.0763348061971366,0.14365788977135496,62,0,2.2044042165613567,0.8620228044994811,0.0,0.0,0.0
2025Q2,relative,rolling_volatility_20,rolling_volatility_20,False,0.0121001603510116,0.0870221345372299,0.0153817485918234,0.0590536320609057,0.03211474943379501,0.012205035390824188,62,0,2.207194142784992,1.1277897428034085,0.0,0.0,0.0
2025Q2,relative,rolling_volatility_60,rolling_volatility_60,False,0.0158647934340433,0.0596476058892001,0.0372897002787716,0.0502798719897108,0.03271908579107362,0.008997006007298951,62,0,1.951847779626994,1.1643447088703713,0.0,0.0,0.0
2025Q3,original,simple_return,simple_return,False,-0.1845208566564599,0.2436963589428,-0.0349980512578296,0.0404095162312141,0.002919454545225542,0.03447869244276269,64,0,1.0997373483928123,0.2944790397652909,0.0,0.0,0.0
2025Q3,original,log_return,log_return,False,-0.2039794325472758,0.2180878800724045,-0.0356251582232519,0.0396144012548866,0.002326553654779678,0.03429662530526519,64,0,1.1065727761910515,0.2847740271027551,0.0,0.0,0.0
2025Q3,original,intraday_return,intraday_return,False,-0.1099999886971933,0.156133102808194,-0.0372197202145381,0.0474044347628461,0.0011924485106906072,0.027342422509146064,64,0,1.6901204067305136,0.2596130862657346,0.0,0.0,0.0
2025Q3,original,daily_range,daily_range,False,0.0095311200714533,0.1634420107728297,0.0101440605581322,0.0535918321724348,0.03961674721592422,0.020575574308399652,64,0,1.4324113736042965,0.8823314687646211,0.0,0.0,0.0
2025Q3,original,sma_5,sma_5,True,5.176049995422363,147.26600036621093,155.67400207519532,182.30599975585932,45.63937738501809,43.83504533467191,64,64,3.117747941799046,2.9729779501848634,0.390625,0.0,1.0
2025Q3,original,sma_20,sma_20,True,5.6758624792099,143.14549865722657,146.4910011291504,179.6989990234375,44.89314714032953,43.2306614291236,64,64,3.118292605911693,3.011557041704301,0.578125,0.0,1.0
2025Q3,original,sma_60,sma_60,True,5.275329176584879,139.78833236694337,127.22233378092449,175.46000010172526,43.13838406676668,42.054519132487805,64,51,3.1464303662133175,2.744323377958155,0.21875,0.0,0.796875
2025Q3,original,rolling_volatility_20,rolling_volatility_20,False,0.0121001603510116,0.0870221345372299,0.0139494949320189,0.0214204190870237,0.0323208462096146,0.012395334613409041,64,0,1.4821182203279863,1.2390363565899105,0.0,0.0,0.0
2025Q3,original,rolling_volatility_60,rolling_volatility_60,False,0.0158647934340433,0.0596476058892001,0.0156127755860338,0.0360749885902642,0.03318940467591015,0.009084958476469987,64,2,1.9346955889121304,1.7239351239425276,0.0,0.0,0.03125
2025Q3,relative,simple_return,simple_return,False,-0.1845208566564599,0.2436963589428,-0.0349980512578296,0.0404095162312141,0.002919454545225542,0.03447869244276269,64,0,1.0997373483928123,0.2944790397652909,0.0,0.0,0.0
2025Q3,relative,log_return,log_return,False,-0.2039794325472758,0.2180878800724045,-0.0356251582232519,0.0396144012548866,0.002326553654779678,0.03429662530526519,64,0,1.1065727761910515,0.2847740271027551,0.0,0.0,0.0
2025Q3,relative,intraday_return,intraday_return,False,-0.1099999886971933,0.156133102808194,-0.0372197202145381,0.0474044347628461,0.0011924485106906072,0.027342422509146064,64,0,1.6901204067305136,0.2596130862657346,0.0,0.0,0.0
2025Q3,relative,daily_range,daily_range,False,0.0095311200714533,0.1634420107728297,0.0101440605581322,0.0535918321724348,0.03961674721592422,0.020575574308399652,64,0,1.4324113736042965,0.8823314687646211,0.0,0.0,0.0
2025Q3,relative,close_to_sma_5,sma_5,True,-0.15425029674294144,0.1747893410213479,-0.038942044010709664,0.04123898480154087,0.004861175840362325,0.035613763339932214,64,0,1.2299520113325761,0.3247227350323566,0.0,0.0,0.0
2025Q3,relative,close_to_sma_20,sma_20,True,-0.2605964754727371,0.3012405581208122,-0.06052685777938749,0.09772093328948595,0.023750201677749813,0.08015275492352587,64,0,1.0514555555519762,0.3317077633921095,0.0,0.0,0.0
2025Q3,relative,close_to_sma_60,sma_60,True,-0.29050122718654225,0.48259921089743707,-0.009218975089525627,0.25724860656475945,0.07430342930214369,0.14415957318675698,64,0,1.2690463298307113,0.5501538524936485,0.0,0.0,0.0
2025Q3,relative,rolling_volatility_20,rolling_volatility_20,False,0.0121001603510116,0.0870221345372299,0.0139494949320189,0.0214204190870237,0.0323208462096146,0.012395334613409041,64,0,1.4821182203279863,1.2390363565899105,0.0,0.0,0.0
2025Q3,relative,rolling_volatility_60,rolling_volatility_60,False,0.0158647934340433,0.0596476058892001,0.0156127755860338,0.0360749885902642,0.03318940467591015,0.009084958476469987,64,2,1.9346955889121304,1.7239351239425276,0.0,0.0,0.03125
2025Q4,original,simple_return,simple_return,False,-0.1845208566564599,0.2436963589428,-0.0488653648242654,0.0579325512031125,0.0029454151755121043,0.03392299164152814,64,0,1.620940057665367,0.43978794426337753,0.0,0.0,0.0
2025Q4,original,log_return,log_return,False,-0.2039794325472758,0.2180878800724045,-0.0500996542429149,0.0563165801781203,0.0023712400664309312,0.0337450880879756,64,0,1.5986131069224185,0.44278630525950113,0.0,0.0,0.0
2025Q4,original,intraday_return,intraday_return,False,-0.1099999886971933,0.156133102808194,-0.0781321653331675,0.0413364185516205,0.0012223921465128846,0.026900856624938598,64,0,2.949889610805712,0.3835361989223469,0.0,0.0,0.0
2025Q4,original,daily_range,daily_range,False,0.0095311200714533,0.1634420107728297,0.0098535442023912,0.0894043066378013,0.0389210817899317,0.020459734816339063,64,0,2.4674427748473993,0.7499725714945509,0.0,0.0,0.0
2025Q4,original,sma_5,sma_5,True,5.176049995422363,182.30599975585932,174.8220001220703,204.0660003662109,51.22404441084607,50.10050166181668,64,43,3.050707096449115,2.658375730933849,0.03125,0.0,0.671875
2025Q4,original,sma_20,sma_20,True,5.6758624792099,179.6989990234375,176.8230010986328,193.3945014953613,50.34397660266037,49.30117703830784,64,58,2.9015640900733115,2.714058414882265,0.0,0.0,0.90625
2025Q4,original,sma_60,sma_60,True,5.275329176584879,173.54066670735676,175.914000193278,186.06000111897785,47.96778373125667,46.92525882348836,64,64,2.942812055809042,2.894797748424088,0.0,0.0,1.0
2025Q4,original,rolling_volatility_20,rolling_volatility_20,False,0.0121001603510116,0.0870221345372299,0.0181239189566316,0.0303816790119554,0.03162735259756725,0.012539264794154646,64,0,1.0768919759339053,0.7099297186235705,0.0,0.0,0.0
2025Q4,original,rolling_volatility_60,rolling_volatility_60,False,0.0156127755860338,0.0596476058892001,0.0169963053937176,0.0240052556958329,0.03264137055902844,0.009340323920136662,64,0,1.6750024195180082,1.0383394060817097,0.0,0.0,0.0
2025Q4,relative,simple_return,simple_return,False,-0.1845208566564599,0.2436963589428,-0.0488653648242654,0.0579325512031125,0.0029454151755121043,0.03392299164152814,64,0,1.620940057665367,0.43978794426337753,0.0,0.0,0.0
2025Q4,relative,log_return,log_return,False,-0.2039794325472758,0.2180878800724045,-0.0500996542429149,0.0563165801781203,0.0023712400664309312,0.0337450880879756,64,0,1.5986131069224185,0.44278630525950113,0.0,0.0,0.0
2025Q4,relative,intraday_return,intraday_return,False,-0.1099999886971933,0.156133102808194,-0.0781321653331675,0.0413364185516205,0.0012223921465128846,0.026900856624938598,64,0,2.949889610805712,0.3835361989223469,0.0,0.0,0.0
2025Q4,relative,daily_range,daily_range,False,0.0095311200714533,0.1634420107728297,0.0098535442023912,0.0894043066378013,0.0389210817899317,0.020459734816339063,64,0,2.4674427748473993,0.7499725714945509,0.0,0.0,0.0
2025Q4,relative,close_to_sma_5,sma_5,True,-0.15425029674294144,0.1747893410213479,-0.05139457417574478,0.0694435535856317,0.004950298671600181,0.03504234930039066,64,0,1.8404375334878742,0.45274294917323654,0.0,0.0,0.0
2025Q4,relative,close_to_sma_20,sma_20,True,-0.2605964754727371,0.3012405581208122,-0.07291802666725233,0.10799525556673162,0.024083422073970347,0.07882900748061265,64,0,1.2305298752502927,0.4490089316226657,0.0,0.0,0.0
2025Q4,relative,close_to_sma_60,sma_60,True,-0.29050122718654225,0.48259921089743707,-0.07970934402606211,0.14483932017472267,0.07738460302360142,0.142737842148999,64,0,1.1005767264274509,0.44966691741666465,0.0,0.0,0.0
2025Q4,relative,rolling_volatility_20,rolling_volatility_20,False,0.0121001603510116,0.0870221345372299,0.0181239189566316,0.0303816790119554,0.03162735259756725,0.012539264794154646,64,0,1.0768919759339053,0.7099297186235705,0.0,0.0,0.0
2025Q4,relative,rolling_volatility_60,rolling_volatility_60,False,0.0156127755860338,0.0596476058892001,0.0169963053937176,0.0240052556958329,0.03264137055902844,0.009340323920136662,64,0,1.6750024195180082,1.0383394060817097,0.0,0.0,0.0
2026Q1,original,simple_return,simple_return,False,-0.1845208566564599,0.2436963589428,-0.0545612512893816,0.0787177006919541,0.002870402263803163,0.03353491024120306,61,0,2.2617415070626987,0.3996574600978245,0.0,0.0,0.0
2026Q1,original,log_return,log_return,False,-0.2039794325472758,0.2180878800724045,-0.0561061748851635,0.0757730215461156,0.002309298518979546,0.0333624598161689,61,0,2.201987606187609,0.4146156085371911,0.0,0.0,0.0
2026Q1,original,intraday_return,intraday_return,False,-0.1099999886971933,0.156133102808194,-0.0482833411052853,0.0493519786078151,0.001084586707334444,0.026666395075439032,61,0,1.8513161480191922,0.46188216357885276,0.0,0.0,0.0
2026Q1,original,daily_range,daily_range,False,0.0095311200714533,0.1634420107728297,0.0121186190085683,0.0668787748857504,0.038569674560881805,0.0203187019490477,61,0,1.393253387734023,0.694560649394438,0.0,0.0,0.0
2026Q1,original,sma_5,sma_5,True,5.176049995422363,204.0660003662109,171.4019989013672,191.53600158691407,56.93558880488079,56.023809567287344,61,0,2.4025573023621605,2.2815372952719324,0.0,0.0,0.0
2026Q1,original,sma_20,sma_20,True,5.6758624792099,193.3945014953613,178.2849983215332,187.0800003051758,56.07003286375019,55.3671553476157,61,0,2.3662036927650707,2.3341359494577882,0.0,0.0,0.0
2026Q1,original,sma_60,sma_60,True,5.275329176584879,185.99533437093092,183.37233301798503,186.45166753133137,53.663499323944734,53.2746570561527,61,16,2.4925203754465257,2.4641766808309047,0.0,0.0,0.26229508196721313
2026Q1,original,rolling_volatility_20,rolling_volatility_20,False,0.0121001603510116,0.0870221345372299,0.0152240359127146,0.0299545755346953,0.03127200077792936,0.012404727173520758,61,0,1.2936975268163002,0.7203822607051237,0.0,0.0,0.0
2026Q1,original,rolling_volatility_60,rolling_volatility_60,False,0.0156127755860338,0.0596476058892001,0.0202611988872958,0.0237167424436804,0.032146700007169134,0.00944969431165249,61,0,1.2577656724003474,1.0846802519921528,0.0,0.0,0.0
2026Q1,relative,simple_return,simple_return,False,-0.1845208566564599,0.2436963589428,-0.0545612512893816,0.0787177006919541,0.002870402263803163,0.03353491024120306,61,0,2.2617415070626987,0.3996574600978245,0.0,0.0,0.0
2026Q1,relative,log_return,log_return,False,-0.2039794325472758,0.2180878800724045,-0.0561061748851635,0.0757730215461156,0.002309298518979546,0.0333624598161689,61,0,2.201987606187609,0.4146156085371911,0.0,0.0,0.0
2026Q1,relative,intraday_return,intraday_return,False,-0.1099999886971933,0.156133102808194,-0.0482833411052853,0.0493519786078151,0.001084586707334444,0.026666395075439032,61,0,1.8513161480191922,0.46188216357885276,0.0,0.0,0.0
2026Q1,relative,daily_range,daily_range,False,0.0095311200714533,0.1634420107728297,0.0121186190085683,0.0668787748857504,0.038569674560881805,0.0203187019490477,61,0,1.393253387734023,0.694560649394438,0.0,0.0,0.0
2026Q1,relative,close_to_sma_5,sma_5,True,-0.15425029674294144,0.1747893410213479,-0.059540991708544766,0.053600299145762476,0.004779940428409311,0.03466142627782528,61,0,1.8556920197511761,0.3581857066241179,0.0,0.0,0.0
2026Q1,relative,close_to_sma_20,sma_20,True,-0.2605964754727371,0.3012405581208122,-0.07502765453925297,0.0453281870835196,0.023236650456469894,0.07772477450458423,61,0,1.2642597630170958,0.3675286829192632,0.0,0.0,0.0
2026Q1,relative,close_to_sma_60,sma_60,True,-0.29050122718654225,0.48259921089743707,-0.1004457835561714,0.05810389833633289,0.07499729100266979,0.14048992069403443,61,0,1.2487947440793945,0.5729499148636381,0.0,0.0,0.0
2026Q1,relative,rolling_volatility_20,rolling_volatility_20,False,0.0121001603510116,0.0870221345372299,0.0152240359127146,0.0299545755346953,0.03127200077792936,0.012404727173520758,61,0,1.2936975268163002,0.7203822607051237,0.0,0.0,0.0
2026Q1,relative,rolling_volatility_60,rolling_volatility_60,False,0.0156127755860338,0.0596476058892001,0.0202611988872958,0.0237167424436804,0.032146700007169134,0.00944969431165249,61,0,1.2577656724003474,1.0846802519921528,0.0,0.0,0.0
2026Q2,original,simple_return,simple_return,False,-0.1845208566564599,0.2436963589428,-0.0620140735913813,0.062612490569853,0.0027179154498760878,0.03314506142554936,51,0,1.9529904684792567,0.44580276276496306,0.0,0.0,0.0
2026Q2,original,log_return,log_return,False,-0.2039794325472758,0.2180878800724045,-0.0640203339172356,0.0607304896897425,0.002170042385091106,0.03297510234465195,51,0,2.007283422823455,0.4601281620475571,0.0,0.0,0.0
2026Q2,original,intraday_return,intraday_return,False,-0.1099999886971933,0.156133102808194,-0.0493497152051188,0.0415582980574955,0.0009454901033964776,0.02638763416128389,51,0,1.9060141959338186,0.563680813380197,0.0,0.0,0.0
2026Q2,original,daily_range,daily_range,False,0.0095311200714533,0.1634420107728297,0.0114275995624393,0.0581249971328127,0.038151249960446776,0.020164244928414315,51,0,1.3252988392513532,0.5406482066672417,0.0,0.0,0.0
2026Q2,original,sma_5,sma_5,True,5.176049995422363,204.0660003662109,170.81600036621094,225.9980041503906,61.936214816966626,60.27289895168032,51,30,2.7219827183847474,2.4135853480352534,0.0,0.0,0.5882352941176471
2026Q2,original,sma_20,sma_20,True,5.6758624792099,193.3945014953613,177.1459991455078,219.42450180053712,61.09624866533767,59.73698759706093,51,32,2.6504224518845545,2.3562746779604478,0.0,0.0,0.6274509803921569
2026Q2,original,sma_60,sma_60,True,5.275329176584879,186.45166753133137,182.6316665649414,201.34066721598307,58.79469300665514,58.10553334440309,51,31,2.4532254676061487,2.227265906124699,0.0,0.0,0.6078431372549019
2026Q2,original,rolling_volatility_20,rolling_volatility_20,False,0.0121001603510116,0.0870221345372299,0.0179626686694096,0.0295875117646585,0.030905589764537018,0.012324068050539217,51,0,1.0502149973572343,0.5661093595980642,0.0,0.0,0.0
2026Q2,original,rolling_volatility_60,rolling_volatility_60,False,0.0156127755860338,0.0596476058892001,0.021997359051089,0.0257640165801677,0.03175065966759018,0.009471569209661352,51,0,1.029744955730509,0.8657510339838782,0.0,0.0,0.0
2026Q2,relative,simple_return,simple_return,False,-0.1845208566564599,0.2436963589428,-0.0620140735913813,0.062612490569853,0.0027179154498760878,0.03314506142554936,51,0,1.9529904684792567,0.44580276276496306,0.0,0.0,0.0
2026Q2,relative,log_return,log_return,False,-0.2039794325472758,0.2180878800724045,-0.0640203339172356,0.0607304896897425,0.002170042385091106,0.03297510234465195,51,0,2.007283422823455,0.4601281620475571,0.0,0.0,0.0
2026Q2,relative,intraday_return,intraday_return,False,-0.1099999886971933,0.156133102808194,-0.0493497152051188,0.0415582980574955,0.0009454901033964776,0.02638763416128389,51,0,1.9060141959338186,0.563680813380197,0.0,0.0,0.0
2026Q2,relative,daily_range,daily_range,False,0.0095311200714533,0.1634420107728297,0.0114275995624393,0.0581249971328127,0.038151249960446776,0.020164244928414315,51,0,1.3252988392513532,0.5406482066672417,0.0,0.0,0.0
2026Q2,relative,close_to_sma_5,sma_5,True,-0.15425029674294144,0.1747893410213479,-0.055439385276947695,0.05524670916407248,0.0045307142600426,0.03427367532638974,51,0,1.749742301223676,0.6518270182003251,0.0,0.0,0.0
2026Q2,relative,close_to_sma_20,sma_20,True,-0.2605964754727371,0.3012405581208122,-0.0772390092755193,0.13504945626698928,0.022311975545964594,0.07652322594963284,51,0,1.4732452705957255,0.538323059209686,0.0,0.0,0.0
2026Q2,relative,close_to_sma_60,sma_60,True,-0.29050122718654225,0.48259921089743707,-0.04048873532232555,0.23242234572562248,0.07199298801818024,0.13863356114637485,51,0,1.157218759879179,0.3732487334710122,0.0,0.0,0.0
2026Q2,relative,rolling_volatility_20,rolling_volatility_20,False,0.0121001603510116,0.0870221345372299,0.0179626686694096,0.0295875117646585,0.030905589764537018,0.012324068050539217,51,0,1.0502149973572343,0.5661093595980642,0.0,0.0,0.0
2026Q2,relative,rolling_volatility_60,rolling_volatility_60,False,0.0156127755860338,0.0596476058892001,0.021997359051089,0.0257640165801677,0.03175065966759018,0.009471569209661352,51,0,1.029744955730509,0.8657510339838782,0.0,0.0,0.0
