calendar_year,model,rows,pooled_yearly_MAE,delta_vs_zero,delta_vs_historical_mean,descriptive_only
2021,zero_return,252,0.047951685053850994,0.0,0.0006437772029890404,True
2021,historical_mean,252,0.047307907850861954,-0.0006437772029890404,0.0,True
2021,original_ols,252,0.05220651448694634,0.004254829433095346,0.004898606636084386,True
2021,original_ridge_alpha1,252,0.05039251602570787,0.0024408309718568777,0.003084608174845918,True
2021,relative_ols,252,0.04897520787911642,0.0010235228252654244,0.0016673000282544648,True
2021,relative_ridge_alpha1,252,0.04871567198305807,0.0007639869292070736,0.001407764132196114,True
2022,zero_return,251,0.0670360454283385,0.0,-0.0018236711309163184,True
2022,historical_mean,251,0.06885971655925482,0.0018236711309163184,0.0,True
2022,original_ols,251,0.077481141774761,0.010445096346422489,0.00862142521550617,True
2022,original_ridge_alpha1,251,0.07502198035141419,0.007985934923075685,0.006162263792159367,True
2022,relative_ols,251,0.07378273880781085,0.0067466933794723405,0.004923022248556022,True
2022,relative_ridge_alpha1,251,0.07329679443645343,0.006260749008114921,0.004437077877198603,True
2023,zero_return,250,0.048392308945193384,0.0,0.0017183855373891152,True
2023,historical_mean,250,0.04667392340780427,-0.0017183855373891152,0.0,True
2023,original_ols,250,0.05462517623471315,0.006232867289519765,0.00795125282690888,True
2023,original_ridge_alpha1,250,0.05366699385110481,0.005274684905911424,0.006993070443300539,True
2023,relative_ols,250,0.04873732178553514,0.0003450128403417532,0.0020633983777308684,True
2023,relative_ridge_alpha1,250,0.048513064119886505,0.00012075517469312125,0.0018391407120822365,True
2024,zero_return,252,0.05659291838562641,0.0,0.002197033217527504,True
2024,historical_mean,252,0.05439588516809891,-0.002197033217527504,0.0,True
2024,original_ols,252,0.05732591102644779,0.0007329926408213769,0.002930025858348881,True
2024,original_ridge_alpha1,252,0.05708612403946775,0.0004932056538413387,0.0026902388713688427,True
2024,relative_ols,252,0.05401346194284921,-0.0025794564427772046,-0.0003824232252497006,True
2024,relative_ridge_alpha1,252,0.054056056621617145,-0.002536861764009267,-0.00033982854648176297,True
2025,zero_return,250,0.04748413711820745,0.0,0.00032231366759284674,True
2025,historical_mean,250,0.04716182345061461,-0.00032231366759284674,0.0,True
2025,original_ols,250,0.04946226419522189,0.0019781270770144396,0.0023004407446072864,True
2025,original_ridge_alpha1,250,0.04915972166327481,0.0016755845450673532,0.0019978982126602,True
2025,relative_ols,250,0.047672498443134856,0.00018836132492740243,0.0005106749925202492,True
2025,relative_ridge_alpha1,250,0.047779125082617696,0.00029498796441024266,0.0006173016320030894,True
2026,zero_return,112,0.040171429055402164,0.0,-7.475643310009272e-06,True
2026,historical_mean,112,0.04017890469871217,7.475643310009272e-06,0.0,True
2026,original_ols,112,0.03992747931943071,-0.0002439497359714507,-0.00025142537928145997,True
2026,original_ridge_alpha1,112,0.03984142818191183,-0.0003300008734903326,-0.00033747651680034185,True
2026,relative_ols,112,0.040134494848477496,-3.693420692466726e-05,-4.440985023467653e-05,True
2026,relative_ridge_alpha1,112,0.04012890278583243,-4.252626956973565e-05,-5.0001912879744925e-05,True
