fold_id,original_SMA_max_abs_z,original_SMA_outside_fraction,original_SMA_fraction_z_gt_5,relative_SMA_max_abs_z,relative_SMA_outside_fraction,relative_SMA_fraction_z_gt_5,relative_SMA_max_z_better,new_severe_extrapolation
2021Q1,1.8131659081882183,0.33879781420765026,0.0,3.1777192158848346,0.0,0.0,False,False
2021Q2,3.0390918999943426,0.7619047619047619,0.0,2.238995311934401,0.0,0.0,True,False
2021Q3,3.4299680001770567,1.0,0.0,2.4799206704852907,0.0,0.0,True,False
2021Q4,4.36082944886332,0.8072916666666666,0.0,3.7588226966906007,0.046875,0.0,True,False
2022Q1,2.9183146040612273,0.1935483870967742,0.0,3.4489582819099582,0.010752688172043012,0.0,False,False
2022Q2,1.7140382142401827,0.0,0.0,3.5833290688153547,0.03225806451612903,0.0,False,False
2022Q3,0.5427625101016396,0.0,0.0,2.820314393455005,0.0,0.0,False,False
2022Q4,0.6845073672836514,0.0,0.0,2.509098317509737,0.0,0.0,False,False
2023Q1,1.7365350066370444,0.0,0.0,2.466898880208395,0.0,0.0,False,False
2023Q2,4.245272311085332,0.3333333333333333,0.0,4.728341347918068,0.06451612903225806,0.0,False,False
2023Q3,4.320501633560859,0.91005291005291,0.0,1.6085424401700914,0.0,0.0,True,False
2023Q4,3.2430362753792017,0.43915343915343913,0.0,1.81901464694427,0.0,0.0,True,False
2024Q1,6.2266728668895395,0.9726775956284153,0.20218579234972678,2.903917003306617,0.00546448087431694,0.0,True,False
2024Q2,6.778977806405563,0.798941798941799,0.3544973544973544,2.8950160318320326,0.0,0.0,True,False
2024Q3,4.936005227984413,0.453125,0.0,2.9696601503009776,0.0,0.0,True,False
2024Q4,3.94572008294154,0.78125,0.0,1.6188371310447789,0.0,0.0,True,False
2025Q1,3.0613766052718794,0.12222222222222222,0.0,4.40985127335714,0.0,0.0,False,False
2025Q2,2.717113595175702,0.03225806451612903,0.0,3.6305979194607954,0.0,0.0,False,False
2025Q3,3.1464303662133175,0.9322916666666666,0.0,1.2690463298307113,0.0,0.0,True,False
2025Q4,3.050707096449115,0.859375,0.0,1.8404375334878742,0.0,0.0,True,False
2026Q1,2.4925203754465257,0.08743169398907104,0.0,1.8556920197511761,0.0,0.0,True,False
2026Q2,2.7219827183847474,0.6078431372549019,0.0,1.749742301223676,0.0,0.0,True,False
